id,partOfCommunityDegree,instanceOf__taxonomyIDs,meta.organizationalLevel,review.status__id,review.log,review.reviewer__contactsID,category,topLevel__id,parent__id,meta.localId,label.fullName.de,label.fullName.en,label.short.de,label.short.en,description.de,description.en,hasHeads.literal,links.homepage.de,links.homepage.en,location.country.code,location.city,location.coords.lat,location.coords.lng,links.rorId,uniquePeopleCount.professor.physicist.female,uniquePeopleCount.seniorResearcher.physicist.female,uniquePeopleCount.postDoc.physicist.female,uniquePeopleCount.phdStudent.physicist.female,uniquePeopleCount.masterStudent.physicist.female,uniquePeopleCount.bachelorStudent.physicist.female,uniquePeopleCount.professor.physicist.male,uniquePeopleCount.professor.physicist.nonbinary,uniquePeopleCount.professor.engineer.female,uniquePeopleCount.professor.other.female,uniquePeopleCount.professor.engineer.male,uniquePeopleCount.professor.other.male,uniquePeopleCount.professor.engineer.nonbinary,uniquePeopleCount.professor.other.nonbinary,uniquePeopleCount.seniorResearcher.other.female,uniquePeopleCount.seniorResearcher.engineer.nonbinary,uniquePeopleCount.seniorResearcher.engineer.male,uniquePeopleCount.seniorResearcher.engineer.female,uniquePeopleCount.seniorResearcher.physicist.nonbinary,uniquePeopleCount.seniorResearcher.physicist.male,uniquePeopleCount.seniorResearcher.other.nonbinary,uniquePeopleCount.seniorResearcher.other.male,uniquePeopleCount.postDoc.other.nonbinary,uniquePeopleCount.postDoc.other.male,uniquePeopleCount.postDoc.other.female,uniquePeopleCount.postDoc.engineer.nonbinary,uniquePeopleCount.postDoc.engineer.male,uniquePeopleCount.postDoc.engineer.female,uniquePeopleCount.postDoc.physicist.nonbinary,uniquePeopleCount.postDoc.physicist.male,uniquePeopleCount.phdStudent.other.nonbinary,uniquePeopleCount.phdStudent.other.male,uniquePeopleCount.phdStudent.other.female,uniquePeopleCount.phdStudent.engineer.nonbinary,uniquePeopleCount.phdStudent.engineer.male,uniquePeopleCount.phdStudent.engineer.female,uniquePeopleCount.phdStudent.physicist.nonbinary,uniquePeopleCount.phdStudent.physicist.male,uniquePeopleCount.masterStudent.other.nonbinary,uniquePeopleCount.masterStudent.other.male,uniquePeopleCount.masterStudent.other.female,uniquePeopleCount.masterStudent.engineer.nonbinary,uniquePeopleCount.masterStudent.engineer.male,uniquePeopleCount.masterStudent.engineer.female,uniquePeopleCount.masterStudent.physicist.nonbinary,uniquePeopleCount.masterStudent.physicist.male,uniquePeopleCount.bachelorStudent.other.nonbinary,uniquePeopleCount.bachelorStudent.other.male,uniquePeopleCount.bachelorStudent.other.female,uniquePeopleCount.bachelorStudent.engineer.male,uniquePeopleCount.bachelorStudent.engineer.nonbinary,uniquePeopleCount.bachelorStudent.engineer.female,uniquePeopleCount.bachelorStudent.physicist.nonbinary,uniquePeopleCount.bachelorStudent.physicist.male,uniquePeopleCountSum.female,uniquePeopleCountSum.male,uniquePeopleCountSum.nonbinary,uniquePeopleCountSum.physicist,uniquePeopleCountSum.engineer,uniquePeopleCountSum.total,uniquePeopleCountSum.other,courses,uniquePeopleCountSum.professor,uniquePeopleCountSum.seniorResearcher,uniquePeopleCountSum.postDoc,uniquePeopleCountSum.phdStudent,uniquePeopleCountSum.masterStudent,uniquePeopleCountSum.bachelorStudent,operating__facilities,tagline.en,tagline.de,contacts,hasHeads.contact__contactsIDs
bmbf,none,"/g/organization/funding-orgainzation, /g/organization/formal-organization",other,01: preparation,,,funder,,,bmbf,Bundesministerium für Bildung und Forschung,German Federal Ministry Of Education And Research ,BMBF,BMBF,,,,https://www.bmbf.de/DE,https://www.bmbf.de/EN,DE,Bonn,50.863242,7.071315,https://ror.org/04pz7b180,,,,,,,,,,,,,,,,,,,,,,,,,,,,,,,,,,,,,,,,,,,,,,,,,,,,,,,0,0,0,0,0,0,0,,0,0,0,0,0,0,,<to be set>,<to be translated>,,
community/cern,partial,"/g/organization/research-institution, /g/organization/formal-organization",01 formal-organisation,01: preparation,,,international,community/cern,community/,cern,Europäische Organisation für Kernforschung,European Organization for Nuclear Research,CERN,CERN,,,,http://home.web.cern.ch/,http://home.web.cern.ch/,CH,Genf,46.202220,6.145690,https://ror.org/01ggx4157,,,,,,,,,,,,,,,,,,,,,,,,,,,,,,,,,,,,,,,,,,,,,,,,,,,,,,,0,0,0,0,0,0,0,,0,0,0,0,0,0,"cac, cac/ad, cac/awake, cac/elena, cac/isolde, cac/lhc, cac/lhc__run-1, cac/lhc__run-2, cac/lhc__run-3, cac/lhc_hl-lhc__run-2, cac/lhc_hl-lhc__run-1, cac/linac1, cac/linac2, cac/linac3, cac/linac4, cac/ps, cac/psb, cac/sps, clic, fcc, fcc/fcc-ee, fcc/fcc-hh, cac/awake__run-2, cac/awake__run-1","Leads accelerator research; operates the Large Hadron Collider (LHC), SPS, and PS.",<to be translated>,,
community/cfel,partial,"/g/organization/research-institution, /g/organization/formal-organization",01 formal-organisation,01: preparation,,,hgf-university-mpg,,community/,cfel,Center for Free-Electron Laser Science,Center for Free-Electron Laser Science,CFEL,CFEL,,,,https://www.cfel.de/,https://www.cfel.de/,DE,Hamburg,53.550730,9.993020,https://ror.org/04fme8709,,,,,,,,,,,,,,,,,,,,,,,,,,,,,,,,,,,,,,,,,,,,,,,,,,,,,,,0,0,0,0,0,0,0,,0,0,0,0,0,0,,Advances plasma and FEL accelerator science; hosts LUX and state-of-the-art laser labs.,<to be translated>,kärtner.franz-x.,
community/cfel/ufox,partial,/g/organization/formal-organization/department,03 working group cluster,01: preparation,,kärtner.franz-x.,hgf-university-mpg,community/cfel,community/cfel,ufox,Gruppe: Ultrafast Optics and X-rays,Group: Ultrafast Optics and X-rays,UFOX,UFOX,,,,https://ufox.cfel.de/,https://ufox.cfel.de/,,,,,,1,1,0,0,0,0,1,,1,1,1,1,,,1,1,1,1,1,1,1,1,0,0,0,0,0,0,0,0,0,0,0,0,0,0,0,0,0,0,0,0,0,0,0,0,0,0,0,0,0,0,0,0,6,6,0,5,5,15,5,,6,9,0,0,0,0,,<to be set>,<to be translated>,,kärtner.franz-x.
community/cfel/ufox/dla,full,/g/organization/working-group,05 working group,01: preparation,,kärtner.franz-x.,hgf-university-mpg,community/cfel,community/cfel/ufox,dla,Team: Dielectric Laser Acceleration,Team: Dielectric Laser Acceleration,UFOX-DLA,UFOX-DLA,,,,https://ufox.cfel.de/research/dielectric_laser_accelerators/,https://ufox.cfel.de/research/dielectric_laser_accelerators/,,,,,,,,,,,,,,,,,,,,,,,,,,,,,,,,,,,,,,,,,,,,,,,,,,,,,,,,,,,,0,0,0,0,0,0,0,,0,0,0,0,0,0,,<to be set>,<to be translated>,,
community/cfel/ufox/th,full,/g/organization/working-group,05 working group,01: preparation,,kärtner.franz-x.,hgf-university-mpg,community/cfel,community/cfel/ufox,th,Team: Terahertz Acceleration Team,Team: Terahertz Acceleration,UFOX-THz,UFOX-THz,,,,https://ufox.cfel.de/research/terahertz_acceleration/,https://ufox.cfel.de/research/terahertz_acceleration/,,,,,,,,,,,,,,,,,,,,,,,,,,,,,,,,,,,,,,,,,,,,,,,,,,,,,,,,,,,,0,0,0,0,0,0,0,,0,0,0,0,0,0,,<to be set>,<to be translated>,,
community/desy,partial,"/g/organization/research-institution, /g/organization/formal-organization",01 formal-organisation,01: preparation,,,hgf,,community/,desy,Deutsches Elektronen-Synchrotron DESY,Deutsches Elektronen-Synchrotron DESY,DESY,DESY,,,,http://www.desy.de/index_eng.html,http://www.desy.de/index_eng.html,DE,Hamburg,53.550730,9.993020,https://ror.org/01js2sh04,0,0,0,0,0,0,0,,0,0,0,0,,,0,0,0,0,0,0,0,0,0,0,0,0,0,0,0,0,0,0,0,0,0,0,0,0,0,0,0,0,0,0,0,0,0,0,0,0,0,0,0,0,0,0,0,0,0,0,0,,0,0,0,0,0,0,"athena/sinbad, athena/sinbad/ares, athena/sinbad/axsis, flash, flash-1_flash-2, flash-2020plus, flashforward, kaldera, lux, dac/petra-4, dac/regae, lux/agnus, flash-1, dac/petra-3, dac/desy-2-test-beam-facility, dac/pia, pitz, dac/desy-2, dac/doris, dac/hera, dac/petra, dac/desy, dac","Pioneers high-intensity accelerators; operates PETRA III, FLASH, SINBAD, and hosts European XFEL.",<to be translated>,leemans.wim,
community/desy/m,full,/g/organization/formal-organization/department,03 working group cluster,02: prereview request,,leemans.wim,hgf,community/desy,community/desy,m,Bereich: Beschleuniger,Division: Accelerators,DESY-M,DESY-M,,,,https://www.desy.de/forschung/beschleuniger/index_ger.html,https://www.desy.de/forschung/beschleuniger/index_ger.html,,,,,,,,,,,,,,,,,,,,,,,,,,,,,,,,,,,,,,,,,,,,,,,,,,,,,,,,,,,,0,0,0,0,0,0,0,,0,0,0,0,0,0,,<to be set>,<to be translated>,,leemans.wim
community/desy/m/mdi,full,/g/organization/working-group,05 working group,02: prereview request,,leemans.wim,hgf,community/desy,community/desy/m,mdi,Gruppe: Diagnose und Instrumentierung,Group: Diagnostics and Instrumentation Group,DESY-MDI,DESY-MDI,,,Kay Wittenburg,https://mdi.desy.de/,https://mdi.desy.de/,,,,,,,,,,,,,,,,,,,,,,,,,,,,,,,,,,,,,,,,,,,,,,,,,,,,,,,,,,,,0,0,0,0,0,0,0,,0,0,0,0,0,0,,<to be set>,<to be translated>,,
community/desy/m/mea,full,/g/organization/working-group,05 working group,02: prereview request,,leemans.wim,hgf,community/desy,community/desy/m,mea,Gruppe: Maschinen- und Experimenteaufbau,Group: Machine and experiment set-up,DESY-MEA,DESY-MEA,,,Markus Körfer,https://mea.desy.de/,https://mea.desy.de/,,,,,,,,,,,,,,,,,,,,,,,,,,,,,,,,,,,,,,,,,,,,,,,,,,,,,,,,,,,,0,0,0,0,0,0,0,,0,0,0,0,0,0,,<to be set>,<to be translated>,,
community/desy/m/mfl,full,/g/organization/working-group,05 working group,02: prereview request,,leemans.wim,hgf,community/desy,community/desy/m,mfl,Gruppe: FLASH,Group: FLASH,DESY-MFL,DESY-MFL,,,Mathias Vogt,https://flash.desy.de/,https://flash.desy.de/,,,,,,,,,,,,,,,,,,,,,,,,,,,,,,,,,,,,,,,,,,,,,,,,,,,,,,,,,,,,0,0,0,0,0,0,0,,0,0,0,0,0,0,,<to be set>,<to be translated>,,
community/desy/m/mhf,full,/g/organization/working-group,05 working group,02: prereview request,,leemans.wim,hgf,community/desy,community/desy/m,mhf,Gruppe: Hochfrequenztechnik,Group: High-frequency technology,DESY-MHF,DESY-MHF,,,Christos Christou,https://mhf.desy.de/,https://mhf.desy.de/,,,,,,,,,,,,,,,,,,,,,,,,,,,,,,,,,,,,,,,,,,,,,,,,,,,,,,,,,,,,0,0,0,0,0,0,0,,0,0,0,0,0,0,,<to be set>,<to be translated>,,
community/desy/m/min,full,/g/organization/working-group,05 working group,02: prereview request,,leemans.wim,hgf,community/desy,community/desy/m,min,Gruppe: Injektion,Group: Injection,DESY-MIN,DESY-MIN,,,Heiko Ehrlichmann,https://min.desy.de/,https://min.desy.de/,,,,,,,,,,,,,,,,,,,,,,,,,,,,,,,,,,,,,,,,,,,,,,,,,,,,,,,,,,,,0,0,0,0,0,0,0,,0,0,0,0,0,0,,<to be set>,<to be translated>,,
community/desy/m/mkk,full,/g/organization/working-group,05 working group,02: prereview request,,leemans.wim,hgf,community/desy,community/desy/m,mkk,"Gruppe: Kraft, Kühlung, Klima","Group: Power, Cooling, Climate",DESY-MKK,DESY-MKK,,,Nadja von Neuhoff,https://mkk.desy.de/,https://mkk.desy.de/,,,,,,,,,,,,,,,,,,,,,,,,,,,,,,,,,,,,,,,,,,,,,,,,,,,,,,,,,,,,0,0,0,0,0,0,0,,0,0,0,0,0,0,,<to be set>,<to be translated>,,
community/desy/m/mks,full,/g/organization/working-group,05 working group,02: prereview request,,leemans.wim,hgf,community/desy,community/desy/m,mks,"Gruppe: Kryogenik, Supraleitung","Group: Cryogenics, superconductivity",DESY-MKS,DESY-MKS,,,T. Schnautz,https://mks.desy.de/,https://mks.desy.de/,,,,,,,,,,,,,,,,,,,,,,,,,,,,,,,,,,,,,,,,,,,,,,,,,,,,,,,,,,,,0,0,0,0,0,0,0,,0,0,0,0,0,0,,<to be set>,<to be translated>,,
community/desy/m/mls,full,/g/organization/working-group,05 working group,02: prereview request,,leemans.wim,hgf,community/desy,community/desy/m,mls,Gruppe: Laser für Plasmabeschleuniger,Group: Lasers for plasma accelerators,DESY-MLS,DESY-MLS,,,Andreas Maier,https://mpl.desy.de/,https://mpl.desy.de/,,,,,,,,,,,,,,,,,,,,,,,,,,,,,,,,,,,,,,,,,,,,,,,,,,,,,,,,,,,,0,0,0,0,0,0,0,,0,0,0,0,0,0,,<to be set>,<to be translated>,,
community/desy/m/mpl,full,/g/organization/working-group,05 working group,02: prereview request,,leemans.wim,hgf,community/desy,community/desy/m,mpa,Gruppe: Plasmabeschleuniger,Group: Plasma accelerators,DESY-MPL,DESY-MPA,,,Andreas Maier,https://mpl.desy.de/,https://mpl.desy.de/,,,,,,,,,4,2,1,,,,,,,,,,,,,,9,,,,,,,,,,,,,,,,,,4,,,,,,,,,,,,,,,,4,7,17,0,24,0,24,0,,0,9,0,8,2,5,,<to be set>,<to be translated>,,
community/desy/m/mpc,full,/g/organization/working-group,05 working group,02: prereview request,,leemans.wim,hgf,community/desy,community/desy/m,mpc,Gruppe: Stromrichter,Group: Power converters,DESY-MPC,DESY-MPC,,,Hans-Jörg Eckoldt,https://mpc.desy.de/,https://mpc.desy.de/,,,,,,,,,,,,,,,,,,,,,,,,,,,,,,,,,,,,,,,,,,,,,,,,,,,,,,,,,,,,0,0,0,0,0,0,0,,0,0,0,0,0,0,,<to be set>,<to be translated>,,
community/desy/m/mpe,full,/g/organization/working-group,05 working group,02: prereview request,,leemans.wim,hgf,community/desy,community/desy/m,mpe,Gruppe: PETRA III,Group: PETRA III,DESY-MPE,DESY-MPE,,,Rainer Wanzenberg,https://mpe.desy.de/,https://mpe.desy.de/,,,,,,,,,,,,,,,,,,,,,,,,,,,,,,,,,,,,,,,,,,,,,,,,,,,,,,,,,,,,0,0,0,0,0,0,0,,0,0,0,0,0,0,,<to be set>,<to be translated>,,
community/desy/m/mps,full,/g/organization/working-group,05 working group,02: prereview request,,leemans.wim,hgf,community/desy,community/desy/m,mps,Gruppe: Personensicherheitssysteme,Group: Personal safety systems,DESY-MPS,DESY-MPS,,,Michael Dressel,,,,,,,,,,,,,,,,,,,,,,,,,,,,,,,,,,,,,,,,,,,,,,,,,,,,,,,,,,,,,,0,0,0,0,0,0,0,,0,0,0,0,0,0,,<to be set>,<to be translated>,,
community/desy/m/mpy,full,/g/organization/working-group,05 working group,02: prereview request,,leemans.wim,hgf,community/desy,community/desy/m,mpy,Gruppe: Beschleunigerphysik,Group: Accelerator physics,DESY-MPY,DESY-MPY,,,Stefan Choroba,https://mpy.desy.de/,https://mpy.desy.de/,,,,,,,,,,,,,,,,,,,,,,,,,,,,,,,,,,,,,,,,,,,,,,,,,,,,,,,,,,,,0,0,0,0,0,0,0,,0,0,0,0,0,0,,<to be set>,<to be translated>,,
community/desy/m/msk,full,/g/organization/working-group,05 working group,02: prereview request,,leemans.wim,hgf,community/desy,community/desy/m,msk,Strahlkontrollen,Group: Beam controls,DESY-MSK,DESY-MSK,,,Holger Schlarb,https://msk.desy.de/,https://msk.desy.de/,,,,,,,,,,,,,,,,,,,,,,,,,,,,,,,,,,,,,,,,,,,,,,,,,,,,,,,,,,,,0,0,0,0,0,0,0,,0,0,0,0,0,0,,<to be set>,<to be translated>,,
community/desy/m/msl,full,/g/organization/working-group,05 working group,02: prereview request,,leemans.wim,hgf,community/desy,community/desy/m,msl,Gruppe: Supraleitende Beschleunigertechnologie,Group: Superconducting accelerator technology,DESY-MSL,DESY-MSL,,,Hans Weise,https://msl.desy.de/,https://msl.desy.de/,,,,,,,,,,,,,,,,,,,,,,,,,,,,,,,,,,,,,,,,,,,,,,,,,,,,,,,,,,,,0,0,0,0,0,0,0,,0,0,0,0,0,0,,<to be set>,<to be translated>,,
community/desy/m/mvs,full,/g/organization/working-group,05 working group,02: prereview request,,leemans.wim,hgf,community/desy,community/desy/m,mvs,Gruppe: Vakuumsysteme,Group: Vacuum systems,DESY-MVS,DESY-MVS,,,Lutz Lilje,https://mvs.desy.de/,https://mvs.desy.de/,,,,,,,,,,,,,,,,,,,,,,,,,,,,,,,,,,,,,,,,,,,,,,,,,,,,,,,,,,,,0,0,0,0,0,0,0,,0,0,0,0,0,0,,<to be set>,<to be translated>,,
community/desy/m/mxl,full,/g/organization/working-group,05 working group,02: prereview request,,leemans.wim,hgf,community/desy,community/desy/m,mxl,XFEL,XFEL,DESY-MXL,DESY-MXL,,,Winfried Decking,https://xfel.desy.de/,https://xfel.desy.de/,,,,,,,,,,,,,,,,,,,,,,,,,,,,,,,,,,,,,,,,,,,,,,,,,,,,,,,,,,,,0,0,0,0,0,0,0,,0,0,0,0,0,0,,<to be set>,<to be translated>,,
community/desy/m/mbb,full,/g/organization/working-group,05 working group,02: prereview request,,leemans.wim,hgf,community/desy,community/desy/m,mbb,Gruppe Beschleunigerbetrieb,Accelerator Operation Group,DESY-MBB,DESY-MBB,,,,https://mbb.desy.de/,https://mbb.desy.de/,,,,,,,,,,,,,,,,,,,,,,,,,,,,,,,,,,,,,,,,,,,,,,,,,,,,,,,,,,,,0,0,0,0,0,0,0,,0,0,0,0,0,0,,<to be set>,<to be translated>,,
community/desy/m/mcs,full,/g/organization/working-group,05 working group,02: prereview request,,leemans.wim,hgf,community/desy,community/desy/m,mcs,Gruppe Kontrollsysteme,Control Systems Group,DESY-MCS,DESY-MCS,,,,https://mcs.desy.de/index_eng.html,https://mcs.desy.de/index_eng.html,,,,,,,,,,,,,,,,,,,,,,,,,,,,,,,,,,,,,,,,,,,,,,,,,,,,,,,,,,,,0,0,0,0,0,0,0,,0,0,0,0,0,0,,<to be set>,<to be translated>,,
community/desy/z-beschleunigerphysik,full,/g/organization/formal-organization/department,03 working group cluster,02: prereview request,,leemans.wim,hgf,community/desy,community/desy,z-beschleunigerphysik,Beschleunigerphysik Zeuthen ,Accelerator Physics Zeuthen ,DESY-Z-BESCHLEUNIGER,DESY-Z-BESCHLEUNIGER,,,,https://www.desy.de/forschung/beschleuniger/index_ger.html,https://www.desy.de/forschung/beschleuniger/index_ger.html,,,,,,,,,,,,,,,,,,,,,,,,,,,,,,,,,,,,,,,,,,,,,,,,,,,,,,,,,,,,0,0,0,0,0,0,0,,0,0,0,0,0,0,,<to be set>,<to be translated>,,leemans.wim
community/desy/z-beschleunigerphysik/pitz,full,/g/organization/working-group,05 working group,02: prereview request,,leemans.wim,hgf,community/desy,community/desy/z-beschleunigerphysik,pitz,PITZ,PITZ,DESY-ZPITZ,DESY-ZPITZ,,,Frank Stephan,https://pitz.desy.de/,https://pitz.desy.de/,,,,,,,,,,,,,,,,,,,,,,,,,,,,,,,,,,,,,,,,,,,,,,,,,,,,,,,,,,,,0,0,0,0,0,0,0,,0,0,0,0,0,0,,<to be set>,<to be translated>,,
dfg,none,/g/organization/funding-orgainzation,other,01: preparation,,,funder,,,dfg,Deutsche Forschungsgemeinschaft,German Research Foundation,DFG,DFG,,,,https://www.dfg.de,https://www.dfg.de/en,DE,Bonn ,50.817742,7.159080,https://ror.org/018mejw64,,,,,,,,,,,,,,,,,,,,,,,,,,,,,,,,,,,,,,,,,,,,,,,,,,,,,,,0,0,0,0,0,0,0,,0,0,0,0,0,0,,<to be set>,<to be translated>,,
ec,none,/g/organization/funding-orgainzation,other,01: preparation,,,funder,,,ec,European Commission ,European Commission ,EC,EC,,,,https://commission.europa.eu/index_de,https://commission.europa.eu/index_en,BE,Brüssel,50.845048,4.376485,https://ror.org/00k4n6c32,,,,,,,,,,,,,,,,,,,,,,,,,,,,,,,,,,,,,,,,,,,,,,,,,,,,,,,0,0,0,0,0,0,0,,0,0,0,0,0,0,,<to be set>,<to be translated>,,
elena,none,/g/organization/consortium,other,01: preparation,,,consortium,,,elena,ELENA,ELENA,ELENA,ELENA,ELENA ist eine europäische Gemeinschaft zur Förderung der Zusammenarbeit auf dem Gebiet der Neutronenquellen auf der Basis von Niedrig-Energie-Beschleunigern.,ELENA is a European community for the promotion of co-operation in the field of neutron sources based on low-energy accelerators.,,,,DE,,,,,,,,,,,,,,,,,,,,,,,,,,,,,,,,,,,,,,,,,,,,,,,,,,,,,,,,,,,0,0,0,0,0,0,0,,0,0,0,0,0,0,,<to be set>,<to be translated>,,
erc,none,/g/organization/funding-orgainzation,other,01: preparation,,,funder,,,erc,Europäischer Forschungsrat,European Research Council,ERC,ERC,,,,https://erc.europa.eu/homepage?etrans=de,https://erc.europa.eu/homepage,BE,Brüssel,50.856433,4.360124,https://ror.org/0472cxd90,,,,,,,,,,,,,,,,,,,,,,,,,,,,,,,,,,,,,,,,,,,,,,,,,,,,,,,0,0,0,0,0,0,0,,0,0,0,0,0,0,,<to be set>,<to be translated>,,
community/esrf,full,"/g/organization/research-institution, /g/organization/formal-organization",01 formal-organisation,01: preparation,,,international,,community/,esrf,European Synchrotron Radiation Facility,European Synchrotron Radiation Facility,ESRF,ESRF,,,,http://www.esrf.eu/,http://www.esrf.eu/,FR,Grenoble,45.208778,5.690056,https://ror.org/02550n020,0,0,0,0,0,0,0,,0,0,0,0,,,0,0,0,0,0,0,0,0,0,0,0,0,0,0,0,0,0,0,0,0,0,0,0,0,0,0,0,0,0,0,0,0,0,0,0,0,0,0,0,0,0,0,0,0,0,0,0,,0,0,0,0,0,0,"esrf, esrf__ebs, esrf__1.0",Innovates with synchrotron science; operates ESRF-EBS fourth-generation storage ring.,<to be translated>,,
community/ess,partial,"/g/organization/research-institution, /g/organization/formal-organization",01 formal-organisation,01: preparation,,,international,,community/,ess,Europäische Spallationsquelle,European Spallation Source,ESS,ESS,,,,https://europeanspallationsource.se/,https://europeanspallationsource.se/,SE,Lund,55.708268,13.223475,https://ror.org/01wv9cn34,0,0,0,0,0,0,0,,0,0,0,0,,,0,0,0,0,0,0,0,0,0,0,0,0,0,0,0,0,0,0,0,0,0,0,0,0,0,0,0,0,0,0,0,0,0,0,0,0,0,0,0,0,0,0,0,0,0,0,0,,0,0,0,0,0,0,ess,Builds new accelerator technologies; hosts the ESS neutron spallation source,<to be translated>,,
community/eu-xfel,partial,"/g/organization/research-institution, /g/organization/formal-organization",01 formal-organisation,01: preparation,,,international,,community/,eu-xfel,European XFEL,European X-Ray Free-Electron Laser Facility,eu.XFEL,eu.XFEL,,,,https://www.xfel.eu,https://www.xfel.eu,DE,Schenefeld,54.050000,9.483330,https://ror.org/01wp2jz98,0,0,0,0,0,0,0,,0,0,0,0,,,0,0,0,0,0,0,0,0,0,0,0,0,0,0,0,0,0,0,0,0,0,0,0,0,0,0,0,0,0,0,0,0,0,0,0,0,0,0,0,0,0,0,0,0,0,0,0,,0,0,0,0,0,0,"eu-xfel__1.5, eu-xfel__2.0, eu-xfel, eu-xfel__1.0",Develops X-ray FEL technology; operates the European XFEL ,<to be translated>,,
community/fair,partial,"/g/organization/research-institution, /g/organization/formal-organization",01 formal-organisation,01: preparation,,,international,,community/,fair,Internationale Beschleuniger-Anlage zur Forschung mit Antiprotonen und Ionen,Facility for Antiproton and Ion Research,FAIR,FAIR,,,,https://fair-center.de,https://fair-center.eu/,DE,Darmstadt,49.931389,8.679167,https://ror.org/053veeq82,0,0,0,0,0,0,0,,0,0,0,0,,,0,0,0,0,0,0,0,0,0,0,0,0,0,0,0,0,0,0,0,0,0,0,0,0,0,0,0,0,0,0,0,0,0,0,0,0,0,0,0,0,0,0,0,0,0,0,0,,0,0,0,0,0,0,"fair, fair/cr, fair/resr, fair/hesr, fair/p-bar, fair/p-linac, fair/sis18, fair/sis100, fair/super-frs, fair/unilac, fair/nesr, fair/cryring@esr",Builds advanced ion/antiproton accelerators; hosts the future FAIR complex at GSI.,<to be translated>,aßmann.ralph,
community/fep,partial,"/g/organization/research-institution, /g/organization/formal-organization",01 formal-organisation,01: preparation,,,fraunhofer,,community/,fep,Fraunhofer-Institut für Elektronenstrahl- und Plasmatechnik FEP,Fraunhofer Institute for Electron Beam and Plasma Technology FEP,FEP,FEP,,,,https://www.fep.fraunhofer.de,https://www.fep.fraunhofer.de,DE,Dresden,51.029990,13.782143,https://ror.org/03vvewn46,,,,,,,,,,,,,,,0,0,0,0,0,0,0,0,0,0,0,0,0,0,0,0,0,0,0,0,0,0,0,0,0,0,0,0,0,0,0,0,0,0,0,0,0,0,0,0,0,0,0,0,0,0,0,,0,0,0,0,0,0,,Innovates electron beam/plasma tech; operates Dresden-based electron beam and plasma labs.,<to be translated>,,
community/fep/eb,full,/g/organization/formal-organization/department,02 intermediate level,01: preparation,,,fraunhofer,community/fep,community/fep,eb,Elektronenstrahl ,Electron beam,FEP-EB,FEP-EB,,,,,,,Dresden,,,,,,,,,,,,,,,,,,,,,,,,,,,,,,,,,,,,,,,,,,,,,,,,,,,,,,,,,,0,0,0,0,0,0,0,,0,0,0,0,0,0,,<to be set>,<to be translated>,,
community/fep/eb/cebst,full,/g/organization/working-group,03 working group cluster,01: preparation,,,fraunhofer,community/fep,community/fep/eb,cebst,Spezielle EB-Systeme und Technologien,Customized EB Systems and Technologies,FEP-CEBST,FEP-CEBST,,,Prof. Dr. Gösta Mattausch,https://www.fep.fraunhofer.de/de/Geschaeftsfelder/EST.html,https://www.fep.fraunhofer.de/en/Geschaeftsfelder/EST.html,,Dresden,,,,,,,,,,,,,,,,,,,,,,,,,,,,,,,,,,,,,,,,,,,,,,,,,,,,,,,,,,0,0,0,0,0,0,0,,0,0,0,0,0,0,,<to be set>,<to be translated>,,
community/fz-juelich,partial,"/g/organization/research-institution, /g/organization/formal-organization",01 formal-organisation,01: preparation,,,hgf,,community/,fz-juelich,Forschungszentrum Jülich,Jülich Research Centre,FZJ,FZJ,,,,https://www.fz-juelich.de,https://www.fz-juelich.de,DE,Jülich,50.921490,6.362670,https://ror.org/02nv7yv05,0,0,0,0,0,0,0,,0,0,0,0,,,0,0,0,0,0,0,0,0,0,0,0,0,0,0,0,0,0,0,0,0,0,0,0,0,0,0,0,0,0,0,0,0,0,0,0,0,0,0,0,0,0,0,0,0,0,0,0,,0,0,0,0,0,0,"juSPARC, juSPARC/vega, juSPARC/sirius, cosy, hbns, juSPARC/mira",Advances research with COSY synchrotron and hosts accelerator and nuclear physics labs.,<to be translated>,pretz.jörg,
community/fz-juelich/jcns,partial,/g/organization/formal-organization/department,02 intermediate level,01: preparation,,,hgf,community/fz-juelich,community/fz-juelich,jcns,Jülich Centre for Neutron Science ,Jülich Centre for Neutron Science ,FZJ-JCNS,FZJ-JCNS,,,,https://www.fz-juelich.de/de/institute/jcns,https://www.fz-juelich.de/en/institutes/jcns,,,,,,,,,,,,,,,,,,,,,,,,,,,,,,,,,,,,,,,,,,,,,,,,,,,,,,,,,,,,0,0,0,0,0,0,0,,0,0,0,0,0,0,,<to be set>,<to be translated>,,
community/fz-juelich/jcns/jcns-2,partial,/g/organization/formal-organization/sub-department,02 intermediate level,01: preparation,,,hgf,community/fz-juelich,community/fz-juelich/jcns,jcns-2,Quantenmaterialien und kollektive Phänomene,Quantum Materials and Collective Phenomena,FZJ-JCNS-2,FZJ-JCNS-2,,,,https://www.fz-juelich.de/de/jcns/jcns-2,https://www.fz-juelich.de/en /jcns/jcns-2,,,,,,,,,,,,,,,,,,,,,,,,,,,,,,,,,,,,,,,,,,,,,,,,,,,,,,,,,,,,0,0,0,0,0,0,0,,0,0,0,0,0,0,,<to be set>,<to be translated>,,
community/fz-juelich/jcns/jcns-2/hbs,full,/g/organization/working-group,03 working group cluster,01: preparation,,,hgf,community/fz-juelich,community/fz-juelich/jcns/jcns-2,hbs,High Brilliance Neutron Source,High Brilliance Neutron Source,FZJ-HBS,FZJ-HBS,,,Paul Zakalek,https://www.fz-juelich.de/de/jcns/jcns-2/leistungen/high-brilliance-neutron-source,https://www.fz-juelich.de/en/jcns/jcns-2/expertise/high-brilliance-neutron-source,,,,,,,,,,,,,,,,,,,,,,,,,,,,,,,,,,,,,,,,,,,,,,,,,,,,,,,,,,,,0,0,0,0,0,0,0,,0,0,0,0,0,0,,<to be set>,<to be translated>,,
community/fz-juelich/zea,partial,/g/organization/formal-organization/department,02 intermediate level,01: preparation,,,hgf,community/fz-juelich,community/fz-juelich,zea,"Zentralinstitut für Engineering, Elektronik und Analytik",Neutron research ,FZJ-ZEA,FZJ-ZEA,,,,https://www.fz-juelich.de/de/institute/zea,https://www.fz-juelich.de/en/institutes/zea,,Jülich,50.921490,6.362670,https://ror.org/02nv7yv05,,,,,,,,,,,,,,,,,,,,,,,,,,,,,,,,,,,,,,,,,,,,,,,,,,,,,,,0,0,0,0,0,0,0,,0,0,0,0,0,0,,<to be set>,<to be translated>,,
community/fz-juelich/zea/zea-1,partial,/g/organization/formal-organization/sub-department,02 intermediate level,01: preparation,,,hgf,community/fz-juelich,community/fz-juelich/zea,zea-1,Engineering and Technology ,Engineering and Technology ,FZJ-ZEA-1,FZJ-ZEA-1,,,,https://www.fz-juelich.de/de/zea/zea-1,https://www.fz-juelich.de/en/zea/zea-1,,Jülich,50.921490,6.362670,https://ror.org/02nv7yv05,,,,,,,,,,,,,,,,,,,,,,,,,,,,,,,,,,,,,,,,,,,,,,,,,,,,,,,0,0,0,0,0,0,0,,0,0,0,0,0,0,,<to be set>,<to be translated>,,
community/fz-juelich/zea/zea-1/beschleunigerphysik,full,/g/organization/working-group,05 working group,01: preparation,,,hgf,community/fz-juelich,community/fz-juelich/zea/zea-1,beschleunigerphysik,Beschleunigerphysik,Accelerator physics,FZJ-ZEA-1,FZJ-ZEA-1,,,Dr. Frank Martin Esser,https://www.fz-juelich.de/de/zea/zea-1/forschung/forschungsbereiche/beschleuniger_physik,https://www.fz-juelich.de/en/zea/zea-1/science/research_areas/accelerator_physics,,,,,,,,,,,,,,,,,,,,,,,,,,,,,,,,,,,,,,,,,,,,,,,,,,,,,,,,,,,,0,0,0,0,0,0,0,,0,0,0,0,0,0,,<to be set>,<to be translated>,,
community/gsi,partial,"/g/organization/research-institution, /g/organization/formal-organization",01 formal-organisation,01: preparation,,,hgf,,community/,gsi,GSI Helmholtzzentrum für Schwerionenforschung,GSI Helmholtz Centre for Heavy Ion Research,GSI,GSI,,,,https://www.gsi.de/start/aktuelles.htm,https://www.gsi.de/start/aktuelles.htm,DE,Darmstadt,49.871670,8.650270,https://ror.org/02k8cbn47,0,0,0,0,0,0,0,,0,0,0,0,,,0,0,0,0,0,0,0,0,0,0,0,0,0,0,0,0,0,0,0,0,0,0,0,0,0,0,0,0,0,0,0,0,0,0,0,0,0,0,0,0,0,0,0,0,0,0,0,,0,0,0,0,0,0,light@gsi,"Develops heavy-ion accelerator research; operates UNILAC, SIS18, ESR, and hosts the FAIR complex.",<to be translated>,ralph.hollinger,
community/gsi/acc,full,/g/organization/formal-organization/department,03 working group cluster,01: preparation,,aßmann.ralph,hgf,community/gsi,community/gsi,acc,Bereich: Beschleuniger & Betrieb,Accelerator Operations,ACC,ACC,,,,,,,,,,,,,,,,,,,,,,,,,,,,,,,,,,,,,,,,,,,,,,,,,,,,,,,,,,,,,,,,,0,0,0,0,0,0,0,,0,0,0,0,0,0,,<to be set>,<to be translated>,,
community/gsi/acc/aco,full,/g/organization/formal-organization/sub-department,04 intermediate level,01: preparation,,aßmann.ralph,hgf,community/gsi,community/gsi/acc,aco,Abteilung Kontrollsysteme,Department Control systems,ACC/ACO,ACC/ACO,,,,https://www.gsi.de/work/project_management_fair/commons/control-systems,https://www.gsi.de/en/work/project_management_fair/commons/control-systems,,,,,,,,,,,,,,,,,,,,,,,,,,,,,,,,,,,,,,,,,,,,,,,,,,,,,,,,,,,,0,0,0,0,0,0,0,,0,0,0,0,0,0,,<to be set>,<to be translated>,,
community/gsi/acc/aco/app,full,/g/organization/working-group,05 working group,01: preparation,,aßmann.ralph,hgf,community/gsi,community/gsi/acc/aco,app,Gruppe: Applikationen,Applications Group,ACC/ACO/APP,ACC/ACO/APP,,,,https://www.gsi.de/work/gesamtprojektleitung_fair/commons/control_systems/ap,https://www.gsi.de/work/gesamtprojektleitung_fair/commons/control_systems/ap,,,,,,,,,,,,,,,,,,,,,,,,,,,,,,,,,,,,,,,,,,,,,,,,,,,,,,,,,,,,0,0,0,0,0,0,0,,0,0,0,0,0,0,,<to be set>,<to be translated>,,
community/gsi/acc/aco/fec,full,/g/organization/working-group,05 working group,01: preparation,,aßmann.ralph,hgf,community/gsi,community/gsi/acc/aco,fec,Gruppe: Front-End Control,Front-End Control Group,ACC/ACO/FEC,ACC/ACO/FEC,,,,https://www.gsi.de/work/gesamtprojektleitung_fair/commons/control_systems/fe,,,,,,,,,,,,,,,,,,,,,,,,,,,,,,,,,,,,,,,,,,,,,,,,,,,,,,,,,,,,,0,0,0,0,0,0,0,,0,0,0,0,0,0,,<to be set>,<to be translated>,,
community/gsi/acc/aco/hel,full,/g/organization/working-group,05 working group,01: preparation,,aßmann.ralph,hgf,community/gsi,community/gsi/acc/aco,hel,Gruppe: Hardware und Elektronik ,Group Electronics,ACC/ACO/HEL,ACC/ACO/HEL,,,,https://www.gsi.de/work/gesamtprojektleitung_fair/commons/control_systems/hw,https://www.gsi.de/en/work/project_management_fair/commons/control-systems/hel-group,,,,,,,,,,,,,,,,,,,,,,,,,,,,,,,,,,,,,,,,,,,,,,,,,,,,,,,,,,,,0,0,0,0,0,0,0,,0,0,0,0,0,0,,<to be set>,<to be translated>,,
community/gsi/acc/aco/ind,full,/g/organization/working-group,05 working group,01: preparation,,aßmann.ralph,hgf,community/gsi,community/gsi/acc/aco,ind,Gruppe: Industrielle Steuerung ,Industrial Controls Group,ACC/ACO/IND,ACC/ACO/IND,,,,https://www.gsi.de/work/gesamtprojektleitung_fair/commons/control_systems/ind,https://www.gsi.de/en/work/project_management_fair/commons/control-systems/ind-group,,,,,,,,,,,,,,,,,,,,,,,,,,,,,,,,,,,,,,,,,,,,,,,,,,,,,,,,,,,,0,0,0,0,0,0,0,,0,0,0,0,0,0,,<to be set>,<to be translated>,,
community/gsi/acc/aco/inn,full,/g/organization/working-group,05 working group,01: preparation,,aßmann.ralph,hgf,community/gsi,community/gsi/acc/aco,inn,Gruppe: Netzwerke und Infrastruktur,Networks and IT-Infrastructure Group,ACC/ACO/INN,ACC/ACO/INN,,,,https://www.gsi.de/work/gesamtprojektleitung_fair/commons/control_systems/in,https://www.gsi.de/en/work/project_management_fair/commons/control_systems/in,,,,,,,,,,,,,,,,,,,,,,,,,,,,,,,,,,,,,,,,,,,,,,,,,,,,,,,,,,,,0,0,0,0,0,0,0,,0,0,0,0,0,0,,<to be set>,<to be translated>,,
community/gsi/acc/aco/ser,full,/g/organization/working-group,05 working group,01: preparation,,aßmann.ralph,hgf,community/gsi,community/gsi/acc/aco,ser,Gruppe: Systemdienste,System Services Group,ACC/ACO/TOS,ACC/ACO/TOS,,,,https://www.gsi.de/work/gesamtprojektleitung_fair/commons/control_systems/software-services-group-ser,https://www.gsi.de/en/work/project_management_fair/commons/control-systems/ser-group,,,,,,,,,,,,,,,,,,,,,,,,,,,,,,,,,,,,,,,,,,,,,,,,,,,,,,,,,,,,0,0,0,0,0,0,0,,0,0,0,0,0,0,,<to be set>,<to be translated>,,
community/gsi/acc/aco/tos,full,/g/organization/working-group,05 working group,01: preparation,,aßmann.ralph,hgf,community/gsi,community/gsi/acc/aco,tos,Gruppe: Timing,Timing Group,ACC/ACO/TOS,ACC/ACO/TOS,,,,https://www.gsi.de/work/gesamtprojektleitung_fair/commons/control_systems/tg,https://www.gsi.de/en/work/gesamtprojektleitung_fair/commons/control_systems/tg,,,,,,,,,,,,,,,,,,,,,,,,,,,,,,,,,,,,,,,,,,,,,,,,,,,,,,,,,,,,0,0,0,0,0,0,0,,0,0,0,0,0,0,,<to be set>,<to be translated>,,
community/gsi/acc/aph,full,/g/organization/formal-organization/sub-department,05 working group,01: preparation,,aßmann.ralph,hgf,community/gsi,community/gsi/acc,aph,Abteilung: Beschleunigerphysik,Department Accelerator physics,ACC/APH,ACC/APH,,,,https://www.gsi.de/work/gesamtprojektleitung_fair/beschleunigerphysik,https://www.gsi.de/en/work/project_management_fair/accelerator_physics,,,,,,,,,,,,,,,,,,,,,,,,,,,,,,,,,,,,,,,,,,,,,,,,,,,,,,,,,,,,0,0,0,0,0,0,0,,0,0,0,0,0,0,,<to be set>,<to be translated>,,boine-frankenheim.oliver
community/gsi/acc/aph/ecr,full,/g/organization/working-group,05 working group,01: preparation,,aßmann.ralph,hgf,community/gsi,community/gsi/acc/aph,ecr,Gruppe: ECR,Group: ECR,ACC/IOS/ECR,ACC/IOS/ECR,,,,https://www.gsi.de/work/beschleunigerbetrieb/abteilungen/ope/mitarbeiter,https://www.gsi.de/work/beschleunigerbetrieb/abteilungen/ope/mitarbeiter,,,,,,,,,,,,,,,,,,,,,,,,,,,,,,,,,,,,,,,,,,,,,,,,,,,,,,,,,,,,0,0,0,0,0,0,0,,0,0,0,0,0,0,,<to be set>,<to be translated>,,
community/gsi/acc/aph/hc,full,/g/organization/working-group,05 working group,01: preparation,,aßmann.ralph,hgf,community/gsi,community/gsi/acc/aph,hc,Gruppe: Hochstrom-Gruppe,Group: High current group,ACC/IOS/HC,ACC/IOS/HC,,,,https://www.gsi.de/work/beschleunigerbetrieb/abteilungen/ope/mitarbeiter,https://www.gsi.de/work/beschleunigerbetrieb/abteilungen/ope/mitarbeiter,,,,,,,,,,,,,,,,,,,,,,,,,,,,,,,,,,,,,,,,,,,,,,,,,,,,,,,,,,,,0,0,0,0,0,0,0,,0,0,0,0,0,0,,<to be set>,<to be translated>,,
community/gsi/acc/aph/ope,full,/g/organization/working-group,05 working group,01: preparation,,aßmann.ralph,hgf,community/gsi,community/gsi/acc/aph,ope,Gruppe: Betriebsleitung,Group: Operation Department,ACC/OPE,ACC/OPE,,,,https://www.gsi.de/work/beschleunigerbetrieb/abteilungen/ope/mitarbeiter,https://www.gsi.de/work/beschleunigerbetrieb/abteilungen/ope/mitarbeiter,,,,,,,,,,,,,,,,,,,,,,,,,,,,,,,,,,,,,,,,,,,,,,,,,,,,,,,,,,,,0,0,0,0,0,0,0,,0,0,0,0,0,0,,<to be set>,<to be translated>,,
community/gsi/acc/bco,full,/g/organization/working-group,05 working group,01: preparation,,aßmann.ralph,hgf,community/gsi,community/gsi/acc,bco,Abteilung: Strahlkühlung,Department Vacuum systems,ACC/BCO,ACC/BCO,,,,https://www.gsi.de/work/beschleunigerbetrieb/abteilungen/strahlkuehlung,https://www.gsi.de/en/work/accelerator_operations/departments/beam_cooling,,,,,,,,,,,,,,,,,,,,,,,,,,,,,,,,,,,,,,,,,,,,,,,,,,,,,,,,,,,,0,0,0,0,0,0,0,,0,0,0,0,0,0,,<to be set>,<to be translated>,,
community/gsi/acc/bea,full,/g/organization/working-group,05 working group,01: preparation,,aßmann.ralph,hgf,community/gsi,community/gsi/acc,bea,Abteilung: Strahldiagnose,Department Beam Diagnostics,ACC/BEA,ACC/BEA,,,,https://www.gsi.de/work/gesamtprojektleitung_fair/commons/beam_instrumentation,https://www.gsi.de/en/work/project_management_fair/commons/beam_instrumentation,,,,,,,,,,,,,,,,,,,,,,,,,,,,,,,,,,,,,,,,,,,,,,,,,,,,,,,,,,,,0,0,0,0,0,0,0,,0,0,0,0,0,0,,<to be set>,<to be translated>,,
community/gsi/acc/cry,full,/g/organization/working-group,05 working group,01: preparation,,aßmann.ralph,hgf,community/gsi,community/gsi/acc,cry,Abteilung:  Kryogenik,Department Cryogenics,ACC/CRY,ACC/CRY,,,,https://www.gsi.de/work/gesamtprojektleitung_fair/commons/cryogenics,https://www.gsi.de/en/work/project_management_fair/commons/cryogenics,,,,,,,,,,,,,,,,,,,,,,,,,,,,,,,,,,,,,,,,,,,,,,,,,,,,,,,,,,,,0,0,0,0,0,0,0,,0,0,0,0,0,0,,<to be set>,<to be translated>,,
community/gsi/acc/dec,full,/g/organization/working-group,05 working group,01: preparation,,aßmann.ralph,hgf,community/gsi,community/gsi/acc,dec,Abteilung: Decceleratoren ,Department Decelerators,ACC/DEC,ACC/DEC,,,,https://www.gsi.de/work/beschleunigerbetrieb/abteilungen/deceleratoren,https://www.gsi.de/en/work/accelerator_operations/departments/decelerators,,,,,,,,,,,,,,,,,,,,,,,,,,,,,,,,,,,,,,,,,,,,,,,,,,,,,,,,,,,,0,0,0,0,0,0,0,,0,0,0,0,0,0,,<to be set>,<to be translated>,,
community/gsi/acc/eps,full,/g/organization/working-group,05 working group,01: preparation,,aßmann.ralph,hgf,community/gsi,community/gsi/acc,eps,Abteilung: Elektrische Energiesysteme,Department Electric power systems,ACC/EPS,ACC/EPS,,,,,,,,,,,,,,,,,,,,,,,,,,,,,,,,,,,,,,,,,,,,,,,,,,,,,,,,,,,,,,,,,0,0,0,0,0,0,0,,0,0,0,0,0,0,,<to be set>,<to be translated>,,
community/gsi/acc/ios,full,/g/organization/formal-organization/sub-department,04 intermediate level,01: preparation,,aßmann.ralph,hgf,community/gsi,community/gsi/acc,ios,Abteilung: Ionenquellen,Department Ion source department,ACC/IOS,ACC/IOS,,,,https://www.gsi.de/work/beschleunigerbetrieb/abteilungen/ionenquellen,https://www.gsi.de/en/work/accelerator_operations/departments/ion_sources,,,,,,,,,,,,,,,,,,,,,,,,,,,,,,,,,,,,,,,,,,,,,,,,,,,,,,,,,,,,0,0,0,0,0,0,0,,0,0,0,0,0,0,,<to be set>,<to be translated>,,
community/gsi/acc/lin,full,/g/organization/working-group,05 working group,01: preparation,,aßmann.ralph,hgf,community/gsi,community/gsi/acc,lin,Abteilung: Linac,Department Linac,ACC/LIN,ACC/LIN,,,,https://www.gsi.de/work/beschleunigerbetrieb/abteilungen/ope/mitarbeiter,https://www.gsi.de/work/beschleunigerbetrieb/abteilungen/ope/mitarbeiter,,,,,,,,,,,,,,,,,,,,,,,,,,,,,,,,,,,,,,,,,,,,,,,,,,,,,,,,,,,,0,0,0,0,0,0,0,,0,0,0,0,0,0,,<to be set>,<to be translated>,,
community/gsi/acc/lrf,full,/g/organization/working-group,05 working group,01: preparation,,aßmann.ralph,hgf,community/gsi,community/gsi/acc,lrf,Abteilung: UNILAC RF,Department UNILAC RF,ACC/LRF,ACC/LRF,,,,https://www.gsi.de/work/beschleunigerbetrieb/abteilungen/ope/mitarbeiter,https://www.gsi.de/work/beschleunigerbetrieb/abteilungen/ope/mitarbeiter,,,,,,,,,,,,,,,,,,,,,,,,,,,,,,,,,,,,,,,,,,,,,,,,,,,,,,,,,,,,0,0,0,0,0,0,0,,0,0,0,0,0,0,,<to be set>,<to be translated>,,
community/gsi/acc/ncm,full,/g/organization/working-group,05 working group,01: preparation,,aßmann.ralph,hgf,community/gsi,community/gsi/acc,ncm,Abteilung: NC Magnete & Alignment,Department NC Magnets & Alignment,ACC/NCM,ACC/NCM,,,,https://www.gsi.de/work/gesamtprojektleitung_fair/commons/engineering/nc_magnets_alignment,https://www.gsi.de/en/work/project_management_fair/commons/engineering/nc_magnets_and_alignment,,,,,,,,,,,,,,,,,,,,,,,,,,,,,,,,,,,,,,,,,,,,,,,,,,,,,,,,,,,,0,0,0,0,0,0,0,,0,0,0,0,0,0,,<to be set>,<to be translated>,,
community/gsi/acc/ope,full,/g/organization/formal-organization/sub-department,05 working group,01: preparation,,aßmann.ralph,hgf,community/gsi,community/gsi/acc,ope,Abteilung: Betrieb,Department Operation,ACC/OPE,ACC/OPE,,,,https://www.gsi.de/work/beschleunigerbetrieb/abteilungen/ope/mitarbeiter,https://www.gsi.de/work/beschleunigerbetrieb/abteilungen/ope/mitarbeiter,,,,,,,,,,,,,,,,,,,,,,,,,,,,,,,,,,,,,,,,,,,,,,,,,,,,,,,,,,,,0,0,0,0,0,0,0,,0,0,0,0,0,0,,<to be set>,<to be translated>,,ralph.hollinger
community/gsi/acc/ope/acc,full,/g/organization/working-group,05 working group,01: preparation,,aßmann.ralph,hgf,community/gsi,community/gsi/acc/ope,acc,Gruppe: FAIR Commissioning & Operation,Group: Operation,ACC/OPE,ACC/OPE,,,,https://www.gsi.de/work/beschleunigerbetrieb/abteilungen/ope/mitarbeiter,https://www.gsi.de/work/beschleunigerbetrieb/abteilungen/ope/mitarbeiter,,,,,,,,,,,,,,,,,,,,,,,,,,,,,,,,,,,,,,,,,,,,,,,,,,,,,,,,,,,,0,0,0,0,0,0,0,,0,0,0,0,0,0,,<to be set>,<to be translated>,,
community/gsi/acc/ope/aps,full,/g/organization/working-group,05 working group,01: preparation,,aßmann.ralph,hgf,community/gsi,community/gsi/acc/ope,aps,Gruppe: Application Support,Group: Application Support,APS,APS,,,,https://www.gsi.de/work/beschleunigerbetrieb/abteilungen/ope/mitarbeiter,https://www.gsi.de/work/beschleunigerbetrieb/abteilungen/ope/mitarbeiter,,,,,,,,,,,,,,,,,,,,,,,,,,,,,,,,,,,,,,,,,,,,,,,,,,,,,,,,,,,,0,0,0,0,0,0,0,,0,0,0,0,0,0,,<to be set>,<to be translated>,,
community/gsi/acc/ope/tsu,full,/g/organization/working-group,05 working group,01: preparation,,aßmann.ralph,hgf,community/gsi,community/gsi/acc/ope,tsu,Gruppe: Technical Support ,Group: Technical Support ,TSU,TSU,,,,https://www.gsi.de/work/beschleunigerbetrieb/abteilungen/ope/mitarbeiter,https://www.gsi.de/work/beschleunigerbetrieb/abteilungen/ope/mitarbeiter,,,,,,,,,,,,,,,,,,,,,,,,,,,,,,,,,,,,,,,,,,,,,,,,,,,,,,,,,,,,0,0,0,0,0,0,0,,0,0,0,0,0,0,,<to be set>,<to be translated>,,
community/gsi/acc/pli,full,/g/organization/working-group,05 working group,01: preparation,,aßmann.ralph,hgf,community/gsi,community/gsi/acc,pli,Abteilung: p-Linac/p-bar-Target,Department p-linac/p-bar-target,ACC/PLI,ACC/PLI,,,,,,,,,,,,,,,,,,,,,,,,,,,,,,,,,,,,,,,,,,,,,,,,,,,,,,,,,,,,,,,,,0,0,0,0,0,0,0,,0,0,0,0,0,0,,<to be set>,<to be translated>,,
community/gsi/acc/psu,full,/g/organization/working-group,05 working group,01: preparation,,aßmann.ralph,hgf,community/gsi,community/gsi/acc,psu,Abteilung: Post Stripper Upgrade,Department Post Stripper Upgrade,ACC/PSU,ACC/PSU,,,,,https://www.gsi.de/work/beschleunigerbetrieb/abteilungen/unilac_post_stripper_upgrade,,,,,,,,,,,,,,,,,,,,,,,,,,,,,,,,,,,,,,,,,,,,,,,,,,,,,,,,,,,,0,0,0,0,0,0,0,,0,0,0,0,0,0,,<to be set>,<to be translated>,,
community/gsi/acc/rhv,full,/g/organization/working-group,05 working group,01: preparation,,aßmann.ralph,hgf,community/gsi,community/gsi/acc,rhv,Abteilung: Ring HV,Department Ring HV,ACC/RHV,ACC/RHV,,,,https://www.gsi.de/work/gesamtprojektleitung_fair/sis100sis18_sis/ring_hv_rhv,https://www.gsi.de/en/work/project_management_fair/sis100sis18_sis/ring_hv_rhv,,,,,,,,,,,,,,,,,,,,,,,,,,,,,,,,,,,,,,,,,,,,,,,,,,,,,,,,,,,,0,0,0,0,0,0,0,,0,0,0,0,0,0,,<to be set>,<to be translated>,,
community/gsi/acc/rrf,full,/g/organization/working-group,05 working group,01: preparation,,aßmann.ralph,hgf,community/gsi,community/gsi/acc,rrf,Abteilung: Ring RF Systeme,Department Ring RF Systems,ACC/RRF,ACC/RRF,,,,https://www.gsi.de/en/work/accelerator_operations/departments/ion_sources,https://www.gsi.de/en/work/project_management_fair/sis100sis18_sis/ring_rf_systems_rrf,,,,,,,,,,,,,,,,,,,,,,,,,,,,,,,,,,,,,,,,,,,,,,,,,,,,,,,,,,,,0,0,0,0,0,0,0,,0,0,0,0,0,0,,<to be set>,<to be translated>,,
community/gsi/acc/scm,full,/g/organization/working-group,05 working group,01: preparation,,aßmann.ralph,hgf,community/gsi,community/gsi/acc,scm,Abteilung: SC Magnets & Testing ,Department SC Magnets & Testing,ACC/SCM,ACC/SCM,,,,https://www.gsi.de/work/gesamtprojektleitung_fair/sis100sis18_sis/sc_magnets_testing_scm,https://www.gsi.de/en/work/project_management_fair/sis100sis18_sis/sc_magnets_testing_scm,,,,,,,,,,,,,,,,,,,,,,,,,,,,,,,,,,,,,,,,,,,,,,,,,,,,,,,,,,,,0,0,0,0,0,0,0,,0,0,0,0,0,0,,<to be set>,<to be translated>,,
community/gsi/acc/sis,full,/g/organization/working-group,05 working group,01: preparation,,aßmann.ralph,hgf,community/gsi,community/gsi/acc,sis,Abteilung: SIS100/SIS18,Department SIS100/SIS18,ACC/SIS,ACC/SIS,,,,https://www.gsi.de/work/gesamtprojektleitung_fair/sis100sis18_sis,https://www.gsi.de/en/work/project_management_fair/sis100sis18_sis,,,,,,,,,,,,,,,,,,,,,,,,,,,,,,,,,,,,,,,,,,,,,,,,,,,,,,,,,,,,0,0,0,0,0,0,0,,0,0,0,0,0,0,,<to be set>,<to be translated>,,
community/gsi/acc/str,full,/g/organization/working-group,05 working group,01: preparation,,aßmann.ralph,hgf,community/gsi,community/gsi/acc,str,Abteilung: Speicherringe,Department Storage Rings,ACC/STR,ACC/STR,,,,https://www.gsi.de/work/accelerator_operations/departments/storage_rings,https://www.gsi.de/en/work/accelerator_operations/departments/storage_rings,,,,,,,,,,,,,,,,,,,,,,,,,,,,,,,,,,,,,,,,,,,,,,,,,,,,,,,,,,,,0,0,0,0,0,0,0,,0,0,0,0,0,0,,<to be set>,<to be translated>,,
community/gsi/acc/sys,full,/g/organization/working-group,05 working group,01: preparation,,aßmann.ralph,hgf,community/gsi,community/gsi/acc,sys,Abteilung: System Design SIS100/SIS18,Department System Design SIS100/SIS18,ACC/SYS,ACC/SYS,,,,https://www.gsi.de/work/gesamtprojektleitung_fair/sis100sis18_sis,https://www.gsi.de/en/work/gesamtprojektleitung_fair/sis100sis18_sis,,,,,,,,,,,,,,,,,,,,,,,,,,,,,,,,,,,,,,,,,,,,,,,,,,,,,,,,,,,,0,0,0,0,0,0,0,,0,0,0,0,0,0,,<to be set>,<to be translated>,,
community/gsi/acc/vac,full,/g/organization/working-group,05 working group,01: preparation,,aßmann.ralph,hgf,community/gsi,community/gsi/acc,vac,Abteilung: Vakuumsysteme,Department: Vacuum systems,ACC/VAC,ACC/VAC,,,,,https://www.gsi.de/work/gesamtprojektleitung_fair/commons/vacuum_systems,,,,,,,,,,,,,,,,,,,,,,,,,,,,,,,,,,,,,,,,,,,,,,,,,,,,,,,,,,,,0,0,0,0,0,0,0,,0,0,0,0,0,0,,<to be set>,<to be translated>,,
hgf,none,/g/organization/consortium,other,01: preparation,,,hgf,,,hgf,Helmholtz-Gemeinschaft Deutscher Forschungszentren,Helmholtz Association of German Research Centres,HGF,HGF,,,,http://www.helmholtz.de/en/,http://www.helmholtz.de/en/,DE,Berlin,52.524370,13.410530,https://ror.org/0281dp749,0,0,0,0,0,0,0,,0,0,0,0,,,0,0,0,0,0,0,0,0,0,0,0,0,0,0,0,0,0,0,0,0,0,0,0,0,0,0,0,0,0,0,0,0,0,0,0,0,0,0,0,0,0,0,0,0,0,0,0,,0,0,0,0,0,0,,<to be set>,<to be translated>,,
community/hij,partial,"/g/organization/research-institution, /g/organization/formal-organization",01 formal-organisation,01: preparation,,,hgf-university,,community/,hij,Helmholtz-Institut Jena,Helmholtz Institute Jena,HIJ,HIJ,,,,https://www.hi-jena.de/en/,https://www.hi-jena.de/en/,DE,Jena,50.934556,11.580699,https://ror.org/02rzw6h69,0,0,0,0,0,0,0,,0,0,0,0,,,0,0,0,0,0,0,0,0,0,0,0,0,0,0,0,0,0,0,0,0,0,0,0,0,0,0,0,0,0,0,0,0,0,0,0,0,0,0,0,0,0,0,0,0,0,0,0,,0,0,0,0,0,0,,"Focuses on laser plasma accelerators; collaborates with European XFEL, FAIR, and FLASH-based facilities.",<to be translated>,,
community/him,partial,"/g/organization/research-institution, /g/organization/formal-organization",01 formal-organisation,01: preparation,,,hgf-university,,community/,him,Helmholtz-Institut Mainz,Helmholtz Institute Mainz,HIM,HIM,,,,https://hi-mainz.de,https://hi-mainz.de,DE,Mainz,49.992315,8.238344,https://ror.org/024thra40,0,0,0,0,0,0,0,,0,0,0,0,,,0,0,0,0,0,0,0,0,0,0,0,0,0,0,0,0,0,0,0,0,0,0,0,0,0,0,0,0,0,0,0,0,0,0,0,0,0,0,0,0,0,0,0,0,0,0,0,,0,0,0,0,0,0,,"Advances superconducting accelerator R&D; operates MAMI, MESA (under construction).",<to be translated>,,
community/him/acid,full,/g/organization/working-group,05 working group,01: preparation,,aulenbacher.kurt,hgf-university,community/him,community/him,acid,Abteilung: Accelerator Design and Integrated Detectors,Section: Accelerator Design and Integrated Detectors,HIM/ACID,HIM/ACID,,,,https://www.hi-mainz.de/research/research-sections/acid-accelerator-integrated-detector,https://www.hi-mainz.de/research/research-sections/acid-accelerator-integrated-detector,,,,,,,,,,,,,,,,,,,,,,,,,,,,,,,,,,,,,,,,,,,,,,,,,,,,,,,,,,,,0,0,0,0,0,0,0,,0,0,0,0,0,0,,<to be set>,<to be translated>,,aulenbacher.kurt
community/hu-berlin,full,"/g/organization/university, /g/organization/formal-organization",01 formal-organisation,01: preparation,,,university,,community/,hu-berlin,Humboldt-Universität zu Berlin,Humboldt University of Berlin ,HU Berlin,HU Berlin,,,,https://www.hu-berlin.de/?set_language=en&cl=en,https://www.hu-berlin.de/?set_language=en&cl=en,DE,Berlin,52.524370,13.410530,https://ror.org/01hcx6992,0,0,0,0,0,0,0,,0,0,0,0,,,0,0,0,0,0,0,0,0,0,0,0,0,0,0,0,0,0,0,0,0,0,0,0,0,0,0,0,0,0,0,0,0,0,0,0,0,0,0,0,0,0,0,0,0,0,0,0,":hu-berlin/das_1x1_der_beschleunigerphysik, :hu-berlin/das_1x1_der_beschleunigerphysik_(übungen), :hu-berlin/physik_und_technik_moderner_teilchenbeschleuniger, :hu-berlin/physik_und_technik_moderner_teilchenbeschleuniger_(übungen)",0,0,0,0,0,0,,Researches accelerator science; based in Adlershof campus with access to joint Berlin scientific facilities.,<to be translated>,,
community/hzb,partial,"/g/organization/research-institution, /g/organization/formal-organization",01 formal-organisation,01: preparation,,,hgf,,community/,hzb,Helmholtz-Zentrum Berlin für Materialien und Energie,Helmholtz-Zentrum Berlin,HZB,HZB,,,,https://www.helmholtz-berlin.de/,https://www.helmholtz-berlin.de/,DE,Berlin,52.524370,13.410530,https://ror.org/02aj13c28,0,0,0,0,0,0,0,,0,0,0,0,,,0,0,0,0,0,0,0,0,0,0,0,0,0,0,0,0,0,0,0,0,0,0,0,0,0,0,0,0,0,0,0,0,0,0,0,0,0,0,0,0,0,0,0,0,0,0,0,,0,0,0,0,0,0,"berlinpro, berlin-protonen, berlin-protonen/02-sector-cyclotron, berlin-protonen/01-preaccelerator, bessy-2, bessy-3, mls, supralab, bessy-2/01-electron-gun, bessy-2/02b-linac, bessy-2/02a-racetrack-microtron, bessy-2/03-booster-synchrotron, bessy-2/04-storage-ring, bessy-2-vsr, bessy-2_1, bessy-2-plus",Develops superconducting accelerator tech; operates BESSY II synchrotron (Berlin).,<to be translated>,"jankowiak.andreas, kamps.thorsten, knobloch.jens, meseck.atoosa",
community/hzb/be,full,/g/organization/formal-organization/department,03 working group cluster,01: preparation,,jankowiak.andreas,hgf,community/hzb,community/hzb,be,Bereich: Bechleuniger,Division: Accelerators,BE,BE,,,,https://www.helmholtz-berlin.de/forschung/oe/be/index_de.html,https://www.helmholtz-berlin.de/forschung/oe/be/index_de.html,,,,,,0,0,0,0,0,0,0,,0,0,0,0,,,0,0,0,0,0,0,0,0,0,0,0,0,0,0,0,0,0,0,0,0,0,0,0,0,0,0,0,0,0,0,0,0,0,0,0,0,0,0,0,0,0,0,0,0,0,0,0,,0,0,0,0,0,0,,<to be set>,<to be translated>,,jankowiak.andreas
community/hzb/be/ahbb,full,/g/organization/working-group,05 working group,01: preparation,,jankowiak.andreas,hgf,community/hzb,community/hzb/be,ahbb,Abteilung: Hochbrillante Elektonenstrahlen,Department: High Brightness Beams,HBB,HBB,,,,https://www.helmholtz-berlin.de/forschung/oe/be/high-brightness-beams/index_en.html,https://www.helmholtz-berlin.de/forschung/oe/be/high-brightness-beams/index_en.html,,,,,,1,1,1,5,0,0,,,1,,1,,,,,1,1,1,1,1,,,,,,1,1,1,1,1,,,,5,5,5,5,5,,,,0,0,0,0,0,,,,0,0,0,0,0,16,15,0,22,23,45,0,,3,6,6,30,0,0,,<to be set>,<to be translated>,,kamps.thorsten
community/hzb/be/apt,full,/g/organization/working-group,05 working group,01: preparation,,jankowiak.andreas,hgf,community/hzb,community/hzb/be,apt,Abteilung: Protonentherapie,Department: Protons for Therapy,PT,PT,,,Prof. Dr. Andrea Denker,https://www.helmholtz-berlin.de/forschung/oe/be/protonentherapie/index_en.html,https://www.helmholtz-berlin.de/forschung/oe/be/protonentherapie/index_en.html,,,,,,1,2,0,1,0,0,,,1,,1,,,,,2,2,2,2,2,,,,,,0,0,0,0,0,,,,1,1,1,1,1,,,,0,0,0,0,0,,,,0,0,0,0,0,8,7,0,10,11,21,0,,3,12,0,6,0,0,,<to be set>,<to be translated>,,
community/hzb/be/ia,full,/g/organization/formal-organization/sub-department,03 working group cluster,01: preparation,,jankowiak.andreas,hgf,community/hzb,community/hzb/be,ia,"Abteilung: Beschleuniger - Betrieb, Entwicklung und Technologie","Department: Accelerator Operation, Development and Technology - Operation BESSY II / MLS",IA,IA,,,,https://www.helmholtz-berlin.de/forschung/oe/be/accelerator/index_en.html,https://www.helmholtz-berlin.de/forschung/oe/be/accelerator/index_en.html,,,,,,1,1,0,0,0,0,1,,1,1,1,1,,,1,1,1,1,1,1,1,1,0,0,0,0,0,0,0,0,0,0,0,0,0,0,0,0,0,0,0,0,0,0,0,0,0,0,0,0,0,0,0,0,6,6,0,5,5,15,5,,6,9,0,0,0,0,,<to be set>,<to be translated>,,jankowiak.andreas
community/hzb/be/ia/aot,full,/g/organization/working-group,05 working group,01: preparation,,jankowiak.andreas,hgf,community/hzb,community/hzb/be/ia,aot,Gruppe: Beschleunigerbetrieb und -technologie,Group: Accelerator Operation and Technology,AOT,AOT,,,Dr. Andreas Schälicke,https://www.helmholtz-berlin.de/forschung/oe/be/operation-accelerator/index_en.html,https://www.helmholtz-berlin.de/forschung/oe/be/operation-accelerator/index_en.html,,,,,,0,0,0,0,0,0,,,0,,0,,,,,0,0,0,0,0,,,,,,0,0,0,0,0,,,,0,0,0,0,0,,,,0,0,0,0,0,,,,0,0,0,0,0,0,0,0,0,0,0,0,,0,0,0,0,0,0,,<to be set>,<to be translated>,,
community/hzb/be/ia/ard,full,/g/organization/working-group,05 working group,01: preparation,,jankowiak.andreas,hgf,community/hzb,community/hzb/be/ia,ard,Gruppe: Beschleunigerforschung und -entwicklung,Group: Accelerator Operation and Technology,ARD,ARD,,,,https://www.helmholtz-berlin.de/forschung/oe/be/accelerator/index_en.html,https://www.helmholtz-berlin.de/forschung/oe/be/accelerator/index_en.html,,,,,,0,0,0,0,0,0,,,0,,0,,,,,0,0,0,0,0,,,,,,0,0,0,0,0,,,,0,0,0,0,0,,,,0,0,0,0,0,,,,0,0,0,0,0,0,0,0,0,0,0,0,,0,0,0,0,0,0,,<to be set>,<to be translated>,,jankowiak.andreas
community/hzb/be/ia/hp,full,/g/organization/working-group,05 working group,01: preparation,,jankowiak.andreas,hgf,community/hzb,community/hzb/be/ia,hp,Gruppe: Hochbrillante Photonenstrahlen,Group: High Brightness Photon Beams,HBPB,HBPB,,,,https://www.helmholtz-berlin.de/forschung/oe/be/accelerator/gia-hbpb/index_en.html,https://www.helmholtz-berlin.de/forschung/oe/be/accelerator/gia-hbpb/index_en.html,,,,,,,,,,,,,,,,,,,,,,,,,,,,,,,,,,,,,,,,,,,,,,,,,,,,,,,,,,,,0,0,0,0,0,0,0,,0,0,0,0,0,0,,<to be set>,<to be translated>,,meseck.atoosa
community/hzb/be/ia/srbp,full,/g/organization/working-group,05 working group,01: preparation,,jankowiak.andreas,hgf,community/hzb,community/hzb/be/ia,srbp,Gruppe: Speicherringe und Strahlphysik,Group: Storage Rings and Beam Physics,SRBP,SRBP,,,Dr. Markus Ries,,,,,,,,0,1,0,0,0,0,,,0,,0,,,,,1,1,1,1,1,,,,,,0,0,0,0,0,,,,0,0,0,0,0,,,,0,0,0,0,0,,,,0,0,0,0,0,2,2,0,3,3,6,0,,0,6,0,0,0,0,,<to be set>,<to be translated>,,
community/hzb/be/ias,full,/g/organization/working-group,05 working group,01: preparation,,jankowiak.andreas,hgf,community/hzb,community/hzb/be,ias,Abteilung: Wissenschaft und Technologie von Beschleunigungssystemen,Department: Science and Technology of Accelerating Systems,IAS,IAS,,,,https://www.helmholtz-berlin.de/forschung/oe/be/science-technology-accelerating-systems/index_de.html,https://www.helmholtz-berlin.de/forschung/oe/be/science-technology-accelerating-systems/index_de.html,,,,,,2,1,2,5,0,0,,,2,,2,,,,,1,1,1,1,1,,,,,,2,2,2,2,2,,,,5,5,5,5,5,,,,0,0,0,0,0,,,,0,0,0,0,0,20,18,0,26,28,54,0,,6,6,12,30,0,0,,<to be set>,<to be translated>,,knobloch.jens
community/hzb/wi,partial,/g/organization/formal-organization/department,03 working group cluster,01: preparation,,jankowiak.andreas,hgf,community/hzb,community/hzb,wi,Bereich: Wissenschaftliche Instrumentierung und Unterstützung,Division: Scientific Instrumentation and Support,WI,WI,,,,https://www.helmholtz-berlin.de/forschung/oe/wi/index_en.html,https://www.helmholtz-berlin.de/forschung/oe/wi/index_en.html,,,,,,0,0,0,0,0,0,0,,0,0,0,0,,,0,0,0,0,0,0,0,0,0,0,0,0,0,0,0,0,0,0,0,0,0,0,0,0,0,0,0,0,0,0,0,0,0,0,0,0,0,0,0,0,0,0,0,0,0,0,0,,0,0,0,0,0,0,,<to be set>,<to be translated>,,
community/hzb/wi/aund,full,/g/organization/working-group,05 working group,01: preparation,,jankowiak.andreas,hgf,community/hzb,community/hzb/wi,aund,Gruppe: Undulatoren,Group: Undulators,UND,UND,,,,https://www.helmholtz-berlin.de/forschung/oe/wi/undulators/index_en.html,https://www.helmholtz-berlin.de/forschung/oe/wi/undulators/index_en.html,,,,,,1,1,2,0,0,0,,,1,,1,,,,,1,1,1,1,1,,,,,,2,2,2,2,2,,,,0,0,0,0,0,,,,0,0,0,0,0,,,,0,0,0,0,0,8,7,0,10,11,21,0,,3,6,12,0,0,0,,<to be set>,<to be translated>,,meseck.atoosa
community/hzdr,partial,"/g/organization/research-institution, /g/organization/formal-organization",01 formal-organisation,01: preparation,,,hgf,,community/,hzdr,Helmholtz-Zentrum Dresden-Rossendorf,Helmholtz-Zentrum Dresden-Rossendorf,HZDR,HZDR,,,,https://www.hzdr.de,https://www.hzdr.de,DE,Dresden,51.050890,13.738320,https://ror.org/01zy2cs03,0,0,0,0,0,0,0,,0,0,0,0,,,0,0,0,0,0,0,0,0,0,0,0,0,0,0,0,0,0,0,0,0,0,0,0,0,0,0,0,0,0,0,0,0,0,0,0,0,0,0,0,0,0,0,0,0,0,0,0,,0,0,0,0,0,0,"dali, draco, elbe, hzdr-ibc",Explores ion/electron accelerator research; operates ELBE Center for High-Power Radiation Sources.,<to be translated>,"helm.manfred, kopka.klaus, krause.mechthild, schramm.ullrich",
community/hzdr/ionenstrahlphysik-materialforschung,partial,/g/organization/formal-organization/department,03 working group cluster,01: preparation,,helm.manfred,hgf,community/hzb,community/hzdr,ionenstrahlphysik-materialforschung,Institut für Ionenstrahlphysik und Materialforschung,Institute of Ion Beam Physics and Material­s Research,,,,,,https://www.hzdr.de/db/Cms?pOid=10625&pNid=141&pLang=de,https://www.hzdr.de/db/Cms?pOid=10625&pNid=141&pLang=de,,,,,,0,0,0,0,0,0,0,,0,0,0,0,,,0,0,0,0,0,0,0,0,0,0,0,0,0,0,0,0,0,0,0,0,0,0,0,0,0,0,0,0,0,0,0,0,0,0,0,0,0,0,0,0,0,0,0,0,0,0,0,,0,0,0,0,0,0,,<to be set>,<to be translated>,,
community/hzdr/ionenstrahlphysik-materialforschung/bmi,full,/g/organization/working-group,05 working group,01: preparation,,helm.manfred,hgf,community/hzdr,community/hzdr/ionenstrahlphysik-materialforschung,bmi,Abteilung: Beschleuniger-Massenspektrometrie und Isotopenforschung,Department: Accelerator mass spectrometry and isotope research,BMI,BMI,,,Prof. Dr. Anton Wallner,https://www.hzdr.de/db/Cms?pNid=1061,https://www.hzdr.de/db/Cms?pNid=1061,,,,,,0,0,0,0,0,0,,,0,,0,,,,,0,0,0,0,0,,,,,,0,0,0,0,0,,,,0,0,0,0,0,,,,0,0,0,0,0,,,,0,0,0,0,0,0,0,0,0,0,0,0,,0,0,0,0,0,0,,<to be set>,<to be translated>,,
community/hzdr/ionenstrahlphysik-materialforschung/ionenstrahlzentrum,full,/g/organization/working-group,05 working group,01: preparation,,helm.manfred,hgf,community/hzdr,community/hzdr/ionenstrahlphysik-materialforschung,ionenstrahlzentrum,Abteilung: Ionen­strahl­zentrum,Department: Ion beam centre,,,,,,https://www.hzdr.de/db/Cms?pNid=2689,https://www.hzdr.de/db/Cms?pNid=2689,,,,,,0,0,0,0,0,0,,,0,,0,,,,,0,0,0,0,0,,,,,,0,0,0,0,0,,,,0,0,0,0,0,,,,0,0,0,0,0,,,,0,0,0,0,0,0,0,0,0,0,0,0,,0,0,0,0,0,0,,<to be set>,<to be translated>,,
community/hzdr/radioonkologie,partial,/g/organization/formal-organization/department,03 working group cluster,01: preparation,,krause.mechthild,hgf,community/hzdr,community/hzdr,radioonkologie,Institut für Radioonkologie,Institute of Radiooncology ,,,,,,https://www.hzdr.de/db/Cms?pNid=3011,https://www.hzdr.de/db/Cms?pNid=3011,,,,,,0,0,0,0,0,0,0,,0,0,0,0,,,0,0,0,0,0,0,0,0,0,0,0,0,0,0,0,0,0,0,0,0,0,0,0,0,0,0,0,0,0,0,0,0,0,0,0,0,0,0,0,0,0,0,0,0,0,0,0,,0,0,0,0,0,0,,<to be set>,<to be translated>,,krause.mechthild
community/hzdr/radioonkologie/hochpraezisions-protonentherapie,full,/g/organization/working-group,05 working group,01: preparation,,krause.mechthild,hgf,community/hzdr,community/hzdr/radioonkologie,hochpraezisions-protonentherapie,Abteilung: Hochpräzisions-Protonen­therapie,Department: High-precision proton therapy,,,,, Prof. Christian Richter,https://www.hzdr.de/db/Cms?pNid=906,https://www.hzdr.de/db/Cms?pNid=906,,,,,,0,0,0,0,0,0,,,0,,0,,,,,0,0,0,0,0,,,,,,0,0,0,0,0,,,,0,0,0,0,0,,,,0,0,0,0,0,,,,0,0,0,0,0,0,0,0,0,0,0,0,,0,0,0,0,0,0,,<to be set>,<to be translated>,,
community/hzdr/radioonkologie/medizinphysik,full,/g/organization/working-group,05 working group,01: preparation,,krause.mechthild,hgf,community/hzdr,community/hzdr/radioonkologie,medizinphysik,Abteilung: Medizinische Strahlen­physik,Department: Medical radiation physics,,,,, Prof. Christian Richter,https://www.hzdr.de/db/Cms?pNid=561,https://www.hzdr.de/db/Cms?pNid=561,,,,,,0,0,0,0,0,0,,,0,,0,,,,,0,0,0,0,0,,,,,,0,0,0,0,0,,,,0,0,0,0,0,,,,0,0,0,0,0,,,,0,0,0,0,0,0,0,0,0,0,0,0,,0,0,0,0,0,0,,<to be set>,<to be translated>,,
community/hzdr/radiopharmazeutische-krebsforschung,partial,/g/organization/formal-organization/department,03 working group cluster,01: preparation,,kopka.klaus,hgf,community/hzdr,community/hzdr,radiopharmazeutische-krebsforschung,Institut für Radiopharmazeutische Krebsforschung,Institute for Radiopharmaceutical Cancer Research,,,,,,https://www.hzdr.de/db/Cms?pNid=130,https://www.hzdr.de/db/Cms?pNid=130,,,,,,0,0,0,0,0,0,0,,0,0,0,0,,,0,0,0,0,0,0,0,0,0,0,0,0,0,0,0,0,0,0,0,0,0,0,0,0,0,0,0,0,0,0,0,0,0,0,0,0,0,0,0,0,0,0,0,0,0,0,0,,0,0,0,0,0,0,,<to be set>,<to be translated>,,kopka.klaus
community/hzdr/radiopharmazeutische-krebsforschung/targetry,full,/g/organization/working-group,05 working group,01: preparation,,kopka.klaus,hgf,community/hzdr,community/hzdr/radiopharmazeutische-krebsforschung,targetry,"Abteilung: Targetry, Target Chemie und Radiopharmazie","Department: Targetry, target chemistry and radiopharmacy",,,,,Dr. Martin Kreller,https://www.hzdr.de/db/Cms?pNid=1778,https://www.hzdr.de/db/Cms?pNid=1778,,,,,,0,0,0,0,0,0,,,0,,0,,,,,0,0,0,0,0,,,,,,0,0,0,0,0,,,,0,0,0,0,0,,,,0,0,0,0,0,,,,0,0,0,0,0,0,0,0,0,0,0,0,,0,0,0,0,0,0,,<to be set>,<to be translated>,,
community/hzdr/strahlenphysik,full,/g/organization/formal-organization/department,03 working group cluster,01: preparation,,schramm.ullrich,hgf,community/hzdr,community/hzdr,strahlenphysik,Institut für Strahlenphysik,Institute for Radiation Physics,,,,,,https://www.hzdr.de/db/Cms?pNid=132&pLang=de,https://www.hzdr.de/db/Cms?pNid=132&pLang=de,,,,,,0,0,0,0,0,0,0,,0,0,0,0,,,0,0,0,0,0,0,0,0,0,0,0,0,0,0,0,0,0,0,0,0,0,0,0,0,0,0,0,0,0,0,0,0,0,0,0,0,0,0,0,0,0,0,0,0,0,0,0,,0,0,0,0,0,0,,<to be set>,<to be translated>,,"cowan.thomas, schramm.ullrich"
community/hzdr/strahlenphysik/elbe,full,/g/organization/working-group,05 working group,01: preparation,,schramm.ullrich,hgf,community/hzdr,community/hzdr/strahlenphysik,elbe,Abteilung: Strahlungsquelle ELBE,Department: Radiation Source ELBE,,,,,Dr. Andreas Wagner,https://www.hzdr.de/db/Cms?pNid=145,https://www.hzdr.de/db/Cms?pNid=145,,,,,,0,0,0,0,0,0,,,0,,0,,,,,0,0,0,0,0,,,,,,0,0,0,0,0,,,,0,0,0,0,0,,,,0,0,0,0,0,,,,0,0,0,0,0,0,0,0,0,0,0,0,,0,0,0,0,0,0,,<to be set>,<to be translated>,,
community/hzdr/strahlenphysik/hed,full,/g/organization/working-group,05 working group,01: preparation,,schramm.ullrich,hgf,community/hzdr,community/hzdr/strahlenphysik,hed,Abteilung: High Energy Density,Department: High Energy Density,,,,,,https://www.hzdr.de/db/Cms?pNid=248,https://www.hzdr.de/db/Cms?pNid=248,,,,,,0,2,6,4,0,0,,,0,,0,,,,,2,2,2,2,2,,,,,,6,6,6,6,6,,,,4,4,4,4,4,,,,0,0,0,0,0,,,,0,0,0,0,0,24,24,0,36,36,72,0,,0,12,36,24,0,0,,<to be set>,<to be translated>,,cowan.thomas
community/hzdr/strahlenphysik/hibef,full,/g/organization/formal-organization/sub-department,03 working group cluster,01: preparation,,schramm.ullrich,hgf,community/hzdr,community/hzdr/strahlenphysik,hibef,Abteilung: Helmholtz International Beamline für extreme Felder,Department: Helmholtz International Beamline for Extreme Fields,,,"Das Ziel des Helmholtz International Beamline for Extreme Fields (HIBEF) Nutzerkonsortiums ist es, verschiedene Experimente an der High Energy Density (HED) Beamline des europäischen XFEL (X-Ray Free-Electron Laser) mit weltweit einzigartigen ultrakurzen und extrem hellen Röntgenblitzen aufzubauen und zu betreiben. Sie ist als internationales Nutzerkonsortium organisiert, um das höchste wissenschaftliche und technische Niveau der zur Verfügung gestellten Anlagen zu gewährleisten, die wiederum allen Wissenschaftlern zur Verfügung stehen. Die Forschungsschwerpunkte liegen in den Bereichen Hochenergiedichtephysik, Plasmaphysik, planetare Geowissenschaften, Hochdruckphysik und Physik starker Felder, Magnetismus und korrelierte Elektronensysteme sowie Materialdynamik.","The aim of the Helmholtz International Beamline for Extreme Fields (HIBEF) user consortium is to set up and operate various experiments at the High Energy Density (HED) beamline of the European XFEL (X-Ray Free-Electron Laser) with globally unique ultrashort and extremely bright X-ray flashes. It is organised as an international user consortium to ensure the highest scientific and technical level of the facilities provided, which in turn are available to all scientists. Research focuses on high-energy density physics, plasma physics, planetary geosciences, high-pressure physics and strong field physics, magnetism and correlated electron systems as well as material dynamics.",,,,,,,,,0,0,0,0,0,0,0,,0,0,0,0,,,0,0,0,0,0,0,0,0,0,0,0,0,0,0,0,0,0,0,0,0,0,0,0,0,0,0,0,0,0,0,0,0,0,0,0,0,0,0,0,0,0,0,0,0,0,0,0,,0,0,0,0,0,0,,<to be set>,<to be translated>,,cowan.thomas
community/hzdr/strahlenphysik/hibef/bau-und-inbetriebnahme,full,/g/organization/working-group,05 working group,01: preparation,,schramm.ullrich,hgf,community/hzdr,community/hzdr/strahlenphysik/hibef,bau-und-inbetriebnahme,Abteilung: Bau und Inbetriebnahme von HIBEF,Department: Construction and commissioning of HIBEF,,,"Das Ziel des Helmholtz International Beamline for Extreme Fields (HIBEF) Nutzer Konsortiums ist der Aufbau und der Betrieb unterschiedlicher Experimente an der High Energy Density (HED) Beamline des europäischen XFEL (X-Ray Free-Electron Laser) mit weltweit einzigartigen ultrakurzen und extrem lichtstarken Röntgenblitzen. Es ist als internationales Nutzer-Konsortium organisiert, um das höchste wissenschaftliche und technische Niveau der bereitgestellten Ausrüstung zu gewährleisten, die wiederum allen Wissenschaftlern zur Verfügung stehen. Im Fokus des Interesses steht die Physik der Hochenergiedichte, die Plasmaphysik, Geowissenschaft der Planeten, Hochdruckphysik und Physik der starken Felder, Magnetismus und korrelierte Elektronensysteme sowie Dynamik von Materialien.","The aim of the Helmholtz International Beamline for Extreme Fields (HIBEF) user consortium is to set up and operate various experiments at the High Energy Density (HED) beamline of the European XFEL (X-Ray Free-Electron Laser) with worldwide unique ultrashort and extremely powerful X-ray flashes. It is organised as an international user consortium to ensure the highest scientific and technical level of the equipment provided, which in turn is available to all scientists. The focus of interest is on the physics of high energy density, plasma physics, planetary geoscience, high pressure physics and strong field physics, magnetism and correlated electron systems as well as the dynamics of materials.",PD Dr. Toma Toncian,,,,,,,,0,0,0,0,0,0,,,0,,0,,,,,0,0,0,0,0,,,,,,0,0,0,0,0,,,,0,0,0,0,0,,,,0,0,0,0,0,,,,0,0,0,0,0,0,0,0,0,0,0,0,,0,0,0,0,0,0,,<to be set>,<to be translated>,,
community/hzdr/strahlenphysik/hibef/hibef-2,full,/g/organization/working-group,05 working group,01: preparation,,schramm.ullrich,hgf,community/hzdr,community/hzdr/strahlenphysik/hibef,hibef-2,Abteilung: HIBEF 2.0,Department: HIBEF 2.0,,,,,,,,,,,,,0,0,0,0,0,0,,,0,,0,,,,,0,0,0,0,0,,,,,,0,0,0,0,0,,,,0,0,0,0,0,,,,0,0,0,0,0,,,,0,0,0,0,0,0,0,0,0,0,0,0,,0,0,0,0,0,0,,<to be set>,<to be translated>,,
community/hzdr/strahlenphysik/hibef/laser-systeme,full,/g/organization/working-group,05 working group,01: preparation,,schramm.ullrich,hgf,community/hzdr,community/hzdr/strahlenphysik/hibef,laser-systeme,HIBEF LasersystemeAbteilung: ,Department: HIBEF Laser Systems,,,,,,,,,,,,,0,0,0,0,0,0,,,0,,0,,,,,0,0,0,0,0,,,,,,0,0,0,0,0,,,,0,0,0,0,0,,,,0,0,0,0,0,,,,0,0,0,0,0,0,0,0,0,0,0,0,,0,0,0,0,0,0,,<to be set>,<to be translated>,,
community/hzdr/strahlenphysik/hibef/starkfeld-qed,full,/g/organization/working-group,05 working group,01: preparation,,schramm.ullrich,hgf,community/hzdr,community/hzdr/strahlenphysik/hibef,starkfeld-qed,Abteilung: Starkfeld-QED,Department: Strong-field QED,,,"Ein typisches Gedankenexperiment ist der Oszillatoreffekt: Wenn ein äußeres elektrisches Feld stark genug ist, um ein virtuelles Teilchen-Antiteilchen-Paar so zu trennen, dass die verrichtete Arbeit der Ruheenergie entspricht, dann wird das Paar aufgrund der Masse-Energie-Äquivalenz real. Materie könnte also aus dem Nichts erzeugt werden.","A typical thought experiment is the oscillator effect: if an external electric field is strong enough to separate a virtual particle-antiparticle pair in such a way that the work performed corresponds to the rest energy, then the pair becomes real due to the mass-energy equivalence. Matter could therefore be created out of nothing.",Dr. Hans-Peter Schlenvoigt,,,,,,,,0,0,0,0,0,0,,,0,,0,,,,,0,0,0,0,0,,,,,,0,0,0,0,0,,,,0,0,0,0,0,,,,0,0,0,0,0,,,,0,0,0,0,0,0,0,0,0,0,0,0,,0,0,0,0,0,0,,<to be set>,<to be translated>,,
community/hzdr/strahlenphysik/kernphysik,full,/g/organization/formal-organization/sub-department,03 working group cluster,01: preparation,,schramm.ullrich,hgf,community/hzdr,community/hzdr/strahlenphysik,kernphysik,Abteilung: Kernphysik,Department of Nuclear Physics,,,,,Dr. Andreas Wagner,https://www.hzdr.de/db/Cms?pNid=212,https://www.hzdr.de/db/Cms?pNid=212,,,,,,0,0,0,0,0,0,0,,0,0,0,0,,,0,0,0,0,0,0,0,0,0,0,0,0,0,0,0,0,0,0,0,0,0,0,0,0,0,0,0,0,0,0,0,0,0,0,0,0,0,0,0,0,0,0,0,0,0,0,0,,0,0,0,0,0,0,,<to be set>,<to be translated>,,
community/hzdr/strahlenphysik/kernphysik/detektorenentwicklung,full,/g/organization/working-group,05 working group,01: preparation,,schramm.ullrich,hgf,community/hzdr,community/hzdr/strahlenphysik/kernphysik,detektorenentwicklung,Abteilung: Detektorentwick­lung für die Grund­lagen­for­schung,Department: Detector development for basic research,,,,,Prof. Dr. Daniel Bemmerer,,,,,,,,0,0,0,0,0,0,,,0,,0,,,,,0,0,0,0,0,,,,,,0,0,0,0,0,,,,0,0,0,0,0,,,,0,0,0,0,0,,,,0,0,0,0,0,0,0,0,0,0,0,0,,0,0,0,0,0,0,,<to be set>,<to be translated>,,
community/hzdr/strahlenphysik/kernphysik/kernphysikalische-daten,full,/g/organization/working-group,05 working group,01: preparation,,schramm.ullrich,hgf,community/hzdr,community/hzdr/strahlenphysik/kernphysik,kernphysikalische-daten,Abteilung: Kernphysikalische Daten für Wissen­schaft und Technik,Department: Nuclear physics data for science and technology,,,,,Prof. Dr. Daniel Bemmerer,,,,,,,,0,0,0,0,0,0,,,0,,0,,,,,0,0,0,0,0,,,,,,0,0,0,0,0,,,,0,0,0,0,0,,,,0,0,0,0,0,,,,0,0,0,0,0,0,0,0,0,0,0,0,,0,0,0,0,0,0,,<to be set>,<to be translated>,,
community/hzdr/strahlenphysik/kernphysik/nukleare-astrophysik,full,/g/organization/working-group,05 working group,01: preparation,,schramm.ullrich,hgf,community/hzdr,community/hzdr/strahlenphysik/kernphysik,nukleare-astrophysik,Abteilung: Nukleare Astrophysik,Department: Nuclear Astrophysics,,,,,Prof. Dr. Daniel Bemmerer,,,,,,,,0,0,0,0,0,0,,,0,,0,,,,,0,0,0,0,0,,,,,,0,0,0,0,0,,,,0,0,0,0,0,,,,0,0,0,0,0,,,,0,0,0,0,0,0,0,0,0,0,0,0,,0,0,0,0,0,0,,<to be set>,<to be translated>,,
community/hzdr/strahlenphysik/kernphysik/pas,full,/g/organization/working-group,05 working group,01: preparation,,schramm.ullrich,hgf,community/hzdr,community/hzdr/strahlenphysik/kernphysik,pas,Abteilung: Posi­tronen­-Annihilations-Spektroskopie,Department: Positron annihilation spectroscopy,,,,,Dr. Andreas Wagner,,,,,,,,0,0,0,0,0,0,,,0,,0,,,,,0,0,0,0,0,,,,,,0,0,0,0,0,,,,0,0,0,0,0,,,,0,0,0,0,0,,,,0,0,0,0,0,0,0,0,0,0,0,0,,0,0,0,0,0,0,,<to be set>,<to be translated>,,
community/hzdr/strahlenphysik/laser-teilenchen-beschleunigung,full,/g/organization/formal-organization/sub-department,03 working group cluster,01: preparation,,schramm.ullrich,hgf,community/hzdr,community/hzdr/strahlenphysik,laser-teilenchen-beschleunigung,Abteilung: Laser-Teilchenbeschleunigung ,Department of Laser Particle Acceleration ,,,,,,https://www.hzdr.de/db/Cms?pNid=1483,https://www.hzdr.de/db/Cms?pNid=1483,,,,,,0,0,0,0,0,0,0,,0,0,0,0,,,0,0,0,0,0,0,0,0,0,0,0,0,0,0,0,0,0,0,0,0,0,0,0,0,0,0,0,0,0,0,0,0,0,0,0,0,0,0,0,0,0,0,0,0,0,0,0,,0,0,0,0,0,0,,<to be set>,<to be translated>,,schramm.ullrich
community/hzdr/strahlenphysik/laser-teilenchen-beschleunigung/anwendung,full,/g/organization/working-group,05 working group,01: preparation,,schramm.ullrich,hgf,community/hzdr,community/hzdr/strahlenphysik/laser-teilenchen-beschleunigung,anwendung,Abteilung: Anwendungs­orien­tier­te Laser-Teilchenbeschleuni­gung,Department: Application-orientated laser particle acceleration,,,,,Josefine Metzkes-Ng,,,,,,,,0,0,0,0,0,0,,,0,,0,,,,,0,0,0,0,0,,,,,,0,0,0,0,0,,,,0,0,0,0,0,,,,0,0,0,0,0,,,,0,0,0,0,0,0,0,0,0,0,0,0,,0,0,0,0,0,0,,<to be set>,<to be translated>,,
community/hzdr/strahlenphysik/laser-teilenchen-beschleunigung/computergestuetzte-strahlenphysik,full,/g/organization/working-group,05 working group,01: preparation,,schramm.ullrich,hgf,community/hzdr,community/hzdr/strahlenphysik/laser-teilenchen-beschleunigung,computergestuetzte-strahlenphysik,Abteilung: Computergestützte Strahlenphysik,Department: Computer-aided radiation physics,,,,,Michael Bussmann,,,,,,,,0,0,0,0,0,0,,,0,,0,,,,,0,0,0,0,0,,,,,,0,0,0,0,0,,,,0,0,0,0,0,,,,0,0,0,0,0,,,,0,0,0,0,0,0,0,0,0,0,0,0,,0,0,0,0,0,0,,<to be set>,<to be translated>,,
community/hzdr/strahlenphysik/laser-teilenchen-beschleunigung/draco,full,/g/organization/working-group,05 working group,01: preparation,,schramm.ullrich,hgf,community/hzdr,community/hzdr/strahlenphysik/laser-teilenchen-beschleunigung,draco,Abteilung: Hochleis­tungs­laser DRACO,Department: High power laser DRACO,,,"Mit dem kontinuierlich weiterentwickelten Ultrakurzpuls-Hochleistungslaser DRACO steht ein für die Laserteilchenbeschleunigung maßgeschneidertes 150 Terawatt / Petawatt Zweistrahlsystem mit dedizierter Diagnostik zur Verfügung, das in zwei unabhängigen Messumgebungen eingesetzt werden kann.","The DRACO ultrashort pulse high-power laser, which is being continuously developed, is a 150 terawatt / petawatt dual-beam system with dedicated diagnostics that is customised for laser particle acceleration and can be used in two independent measurement environments.",,,,,,,,,0,0,0,0,0,0,,,0,,0,,,,,0,0,0,0,0,,,,,,0,0,0,0,0,,,,0,0,0,0,0,,,,0,0,0,0,0,,,,0,0,0,0,0,0,0,0,0,0,0,0,,0,0,0,0,0,0,,<to be set>,<to be translated>,,schramm.ullrich
community/hzdr/strahlenphysik/laser-teilenchen-beschleunigung/leb,full,/g/organization/working-group,05 working group,01: preparation,,schramm.ullrich,hgf,community/hzdr,community/hzdr/strahlenphysik/laser-teilenchen-beschleunigung,leb,Abteilung: Laser-Elek­tronen­ Beschleuni­gung,Department: Laser-electron acceleration,,,,,Arie Irman,,,,,,,,0,0,0,0,0,0,,,0,,0,,,,,0,0,0,0,0,,,,,,0,0,0,0,0,,,,0,0,0,0,0,,,,0,0,0,0,0,,,,0,0,0,0,0,0,0,0,0,0,0,0,,0,0,0,0,0,0,,<to be set>,<to be translated>,,
community/hzdr/strahlenphysik/laser-teilenchen-beschleunigung/lib,full,/g/organization/working-group,05 working group,01: preparation,,schramm.ullrich,hgf,community/hzdr,community/hzdr/strahlenphysik/laser-teilenchen-beschleunigung,lib,Abteilung: Laser-Ionenbeschleunigung,Department: Laser ion acceleration,,,,,Karl Zeil,,,,,,,,0,0,0,0,0,0,,,0,,0,,,,,0,0,0,0,0,,,,,,0,0,0,0,0,,,,0,0,0,0,0,,,,0,0,0,0,0,,,,0,0,0,0,0,0,0,0,0,0,0,0,,0,0,0,0,0,0,,<to be set>,<to be translated>,,
community/hzdr/strahlenphysik/laser-teilenchen-beschleunigung/penelope,full,/g/organization/working-group,05 working group,01: preparation,,schramm.ullrich,hgf,community/hzdr,community/hzdr/strahlenphysik/laser-teilenchen-beschleunigung,penelope,Abteilung: PEnELOPE,Department: Diodengepump­ter PW Laser PENELOPE,,,"Penelope steht für die Entwicklung eines energieeffizienten Hochleistungslasers, der mit Hilfe der Diodenlasertechnologie Petawatt Spitzenleistung mit hoher Pulsenergie und hoher Pulswiederholrate verbindet. Perspektivisch soll das System für die Laser-Ionenbeschleunigung optimiert werden.","Penelope stands for the development of an energy-efficient high-power laser that uses diode laser technology to combine petawatt peak power with high pulse energy and a high pulse repetition rate. petawatt peak power with high pulse energy and a high pulse repetition rate. In the future, the system will be be optimised for laser ion acceleration.",PEnELOPE Team,,,,,,,,0,0,0,0,0,0,,,0,,0,,,,,0,0,0,0,0,,,,,,0,0,0,0,0,,,,0,0,0,0,0,,,,0,0,0,0,0,,,,0,0,0,0,0,0,0,0,0,0,0,0,,0,0,0,0,0,0,,<to be set>,<to be translated>,,
community/hzg,full,"/g/organization/research-institution, /g/organization/formal-organization",01 formal-organisation,01: preparation,,,hgf,,community/,hzg,Helmholtz-Zentrum Hereon,Helmholtz-Zentrum Hereon,HZG,HZG,,,,https://www.hereon.de/,https://www.hereon.de/,DE,Geesthacht,53.435750,10.377900,https://ror.org/03qjp1d79,0,0,0,0,0,0,0,,0,0,0,0,,,0,0,0,0,0,0,0,0,0,0,0,0,0,0,0,0,0,0,0,0,0,0,0,0,0,0,0,0,0,0,0,0,0,0,0,0,0,0,0,0,0,0,0,0,0,0,0,,0,0,0,0,0,0,,Applies accelerator-based science; operates neutron and photon facilities for materials/environmental research.,<to be translated>,,
ket,none,/g/organization/committee/erum-committee,other,01: preparation,,,committee,,,ket,Komitee für Elementarteilchenphysik,Komitee Für Elementarteilchenphysik,KET,KET,,,,,,Deutschland,,,,,,,,,,,,,,,,,,,,,,,,,,,,,,,,,,,,,,,,,,,,,,,,,,,,,,,,,,,0,0,0,0,0,0,0,,0,0,0,0,0,0,,<to be set>,<to be translated>,,
kfb,none,/g/organization/committee/erum-committee,other,01: preparation,,,committee,,,kfb,Komittee für Beschleunigerphysik,Committee for Accelerator Physics,KfB,KfB,,,,,,Deutschland,,,,,,,,,,,,,,,,,,,,,,,,,,,,,,,,,,,,,,,,,,,,,,,,,,,,,,,,,,,0,0,0,0,0,0,0,,0,0,0,0,0,0,,<to be set>,<to be translated>,,
kfn,none,/g/organization/committee/erum-committee,other,01: preparation,,,committee,,,kfn,Kommitee Forschung mit Neutronen,Kommitee Forschung Mit Neutronen,KFN,KFN,,,,,,Deutschland,,,,,,,,,,,,,,,,,,,,,,,,,,,,,,,,,,,,,,,,,,,,,,,,,,,,,,,,,,,0,0,0,0,0,0,0,,0,0,0,0,0,0,,<to be set>,<to be translated>,,
kfs,none,/g/organization/committee/erum-committee,other,01: preparation,,,committee,,,kfs,Kommitee Forschung mit Synchrotronstrahlung,Kommitee Forschung Mit Synchrotronstrahlung,KFS,KFS,,,,,,Deutschland,,,,,,,,,,,,,,,,,,,,,,,,,,,,,,,,,,,,,,,,,,,,,,,,,,,,,,,,,,,0,0,0,0,0,0,0,,0,0,0,0,0,0,,<to be set>,<to be translated>,,
kfsi,none,/g/organization/committee/erum-committee,other,01: preparation,,,committee,,,kfsi,Komitee Forschung mit nuklearen Sonden und Ionenstrahlen,Komitee Forschung Mit Nuklearen Sonden Und Ionenstrahlen,KFSI,KFSI,,,,,,Deutschland,,,,,,,,,,,,,,,,,,,,,,,,,,,,,,,,,,,,,,,,,,,,,,,,,,,,,,,,,,,0,0,0,0,0,0,0,,0,0,0,0,0,0,,<to be set>,<to be translated>,,
khuk,none,/g/organization/committee/erum-committee,other,01: preparation,,,committee,,,khuk,Komitee Hadronen- und Kernphysik,Komitee Hadronen- Und Kernphysik,KHuK,KHuK,,,,,,Deutschland,,,,,,,,,,,,,,,,,,,,,,,,,,,,,,,,,,,,,,,,,,,,,,,,,,,,,,,,,,,0,0,0,0,0,0,0,,0,0,0,0,0,0,,<to be set>,<to be translated>,,
community/kit,full,"/g/organization/research-institution, /g/organization/university, /g/organization/formal-organization",01 formal-organisation,02: prereview request,,härer.bastian,hgf-university,,community/,kit,Karlsruher Institut für Technologie,Karlsruhe Institute of Technology,KIT,KIT,,,,http://www.kit.edu/english/,http://www.kit.edu/english/,DE,Karlsruhe,49.009370,8.404440,https://ror.org/04t3en479,0,0,0,0,0,0,0,0,0,0,0,0,0,0,0,0,0,0,0,0,0,0,0,0,0,0,0,0,0,0,0,0,0,0,0,0,0,0,0,0,0,0,0,0,0,0,0,0,0,0,0,0,0,0,0,0,0,0,0,0,0,":kit/accelerators_and_synchrotron_radiation_for_materials_research_with_tutorials_and_a_practical_training, :kit/advanced_seminar_accelerators_and_detectors_-_future_technologies_for_research_and_medicine, :kit/advanced_seminar_modern_accelerators_and_research_with_photons, :kit/beschleunigerphysik, :kit/praktische_übungen_an_kara_zur_beschleunigerphysik, :kit/beschleunigerphysik_tutorium",0,0,0,0,0,0,"kit-atp/flute, kit-atp/cstart, kit-atp/kara, kit-atp, kit-atp/mcf/lasmaglab, kit-atp/kara/01-microtron, kit-atp/kara/02-booster-synchrotron, kit-atp/kara/03-storage-ring, kit-atp/mcf, kit-atp/mcf/casper-1, kit-atp/mcf/casper-2, anka",Pioneers sustainable and flexible particle accelerator systems with advanced technologies.,<to be translated>,"bründermann.erik, fuchs.matthias, härer.bastian, müller.anke-susanne",
community/kit/division-5,full,/g/organization/formal-organization/department,02 intermediate level,02: prereview request,,härer.bastian,hgf-university,community/kit,community/kit,division-5,Bereich V: Mathematik und Physik,Division V: Physics and Mathematics,Bereich V,Bereich V,,,,,,,,,,,0,0,0,0,0,0,0,0,0,0,0,0,0,0,0,0,0,0,0,0,0,0,0,0,0,0,0,0,0,0,0,0,0,0,0,0,0,0,0,0,0,0,0,0,0,0,0,0,0,0,0,0,0,0,0,0,0,0,0,0,0,,0,0,0,0,0,0,,<to be set>,<to be translated>,,
community/kit/division-5/ibpt,full,/g/organization/formal-organization/sub-department,03 working group cluster,02: prereview request,,härer.bastian,hgf-university,community/kit,community/kit/division-5,ibpt,Institut für Strahlenphysik und -technologie,Institute for Beam Physics and Technology,IBPT,IBPT,,,,https://www.ibpt.kit.edu/index.php,https://www.ibpt.kit.edu/index.php,,,,,,1,0,0,0,0,0,0,0,0,0,0,0,0,0,0,0,0,0,0,0,0,0,0,0,0,0,0,0,0,0,0,0,0,0,0,0,0,0,0,0,0,0,0,0,0,0,0,0,0,0,0,0,0,0,1,0,0,1,0,1,0,,1,0,0,0,0,0,,<to be set>,<to be translated>,,müller.anke-susanne
community/kit/division-5/ibpt/ardop1,full,/g/organization/formal-organization/sub-department,03 working group cluster,02: prereview request,,härer.bastian,hgf-university,community/kit,community/kit/division-5/ibpt,ardop1,Abteilung: Beschleuniger-Forschung und -Entwicklung + Betrieb I,Department: Accelerator Research and Development + Operations I,ARD+Op1,ARD+Op1,,,,https://www.ibpt.kit.edu/d1.php,https://www.ibpt.kit.edu/d1.php,,,,,,0,0,0,0,0,0,1,0,0,0,0,0,0,0,0,0,0,0,0,0,0,0,0,0,0,0,0,0,0,0,0,0,0,0,0,0,0,0,0,0,0,0,0,0,0,0,0,0,0,0,0,0,0,0,0,1,0,1,0,1,0,,1,0,0,0,0,0,,<to be set>,<to be translated>,,fuchs.matthias
community/kit/division-5/ibpt/ardop1/accelerators,full,/g/organization/working-group,05 working group,02: prereview request,,härer.bastian,hgf-university,community/kit,community/kit/division-5/ibpt/ardop1,accelerators,Gruppe: Bechleuniger,Group: Accelerators,Accs,Accs,,,,https://www.ibpt.kit.edu/d1.php,https://www.ibpt.kit.edu/d1.php,,,,,,0,0,0,0,0,0,0,0,0,0,0,0,0,0,0,0,0,0,0,1,0,0,0,0,0,0,0,0,0,0,0,0,0,0,0,0,0,0,0,0,0,0,0,0,0,0,0,0,0,0,0,0,0,0,0,1,0,1,0,1,0,,0,1,0,0,0,0,,<to be set>,<to be translated>,,
community/kit/division-5/ibpt/ardop1/accelerators/bdt,full,/g/organization/working-group,05 working group,02: prereview request,,härer.bastian,hgf-university,community/kit,community/kit/division-5/ibpt/ardop1/accelerators,bdt,Team: Strahldynamik & Theorie,Team: Beam Dynamics & Theory ,BDT,BDT,,,,https://www.ibpt.kit.edu/d1.php,https://www.ibpt.kit.edu/d1.php,,,,,,0,0,0,0,0,0,0,0,0,0,0,0,0,0,0,0,0,0,0,2,0,0,0,0,0,0,0,0,0,0,0,0,0,0,0,0,0,2,0,0,0,0,0,0,0,0,0,0,0,0,0,0,0,0,0,4,0,4,0,4,0,,0,2,0,2,0,0,,<to be set>,<to be translated>,,härer.bastian
community/kit/division-5/ibpt/ardop1/accelerators/ci,full,/g/organization/working-group,05 working group,02: prereview request,,härer.bastian,hgf-university,community/kit,community/kit/division-5/ibpt/ardop1/accelerators,ci,Team: Steuerung & Instrumente,Team: Controls & Instrumentation,CI,CI,,,,https://www.ibpt.kit.edu/d1.php,https://www.ibpt.kit.edu/d1.php,,,,,,0,0,0,0,0,0,0,0,0,0,0,0,0,0,0,0,0,0,0,1,0,0,0,0,0,0,0,0,0,0,0,0,0,0,0,0,0,0,0,0,0,0,0,0,0,0,0,0,0,0,0,0,0,0,0,1,0,1,0,1,0,,0,1,0,0,0,0,,<to be set>,<to be translated>,,
community/kit/division-5/ibpt/ardop1/accelerators/facilities,full,/g/organization/working-group,05 working group,02: prereview request,,härer.bastian,hgf-university,community/kit,community/kit/division-5/ibpt/ardop1/accelerators,facilities,Team: Anlagen,Team: Facilities,Facs,Facs,,,,https://www.ibpt.kit.edu/d1.php,https://www.ibpt.kit.edu/d1.php,,,,,,0,0,0,0,0,0,0,0,0,0,0,0,0,0,0,0,0,0,0,4,0,0,0,0,0,0,0,0,0,1,0,0,0,0,0,0,0,0,0,0,0,0,0,0,0,0,0,0,0,0,0,0,0,0,0,5,0,5,0,5,0,,0,4,1,0,0,0,,<to be set>,<to be translated>,,
community/kit/division-5/ibpt/ardop1/thzir,full,/g/organization/working-group,05 working group,02: prereview request,,härer.bastian,hgf-university,community/kit,community/kit/division-5/ibpt/ardop1,thzir,Gruppe: THz/IR-Anwendungen,Applications THz/IR ,ThZIR,ThZIR,,,,https://www.ibpt.kit.edu/d1.php,https://www.ibpt.kit.edu/d1.php,,,,,,0,1,0,0,0,0,0,0,0,0,0,0,0,0,0,0,0,0,0,0,0,0,0,0,0,0,0,0,0,0,0,0,0,0,0,0,0,0,0,0,0,0,0,0,0,0,0,0,0,0,0,0,0,0,1,0,0,1,0,1,0,,0,1,0,0,0,0,,<to be set>,<to be translated>,,
community/kit/division-5/ibpt/ardop2,full,/g/organization/formal-organization/sub-department,03 working group cluster,02: prereview request,,härer.bastian,hgf-university,community/kit,community/kit/division-5/ibpt,ardop2,Abteilung: Beschleuniger-Forschung und -Entwicklung + Betrieb II,Department: Accelerator Research and Development + Operations II,ARD+Op2,ARD+Op2,,,,https://www.ibpt.kit.edu/d2.php,https://www.ibpt.kit.edu/d2.php,,,,,,0,0,0,0,0,0,0,0,0,0,0,0,0,0,0,0,0,0,0,1,0,0,0,0,0,0,0,0,0,0,0,0,0,0,0,0,0,0,0,0,0,0,0,0,0,0,0,0,0,0,0,0,0,0,0,1,0,1,0,1,0,,0,1,0,0,0,0,,<to be set>,<to be translated>,,bründermann.erik
community/kit/division-5/ibpt/ardop2/aac,full,/g/organization/working-group,05 working group,02: prereview request,,härer.bastian,hgf-university,community/kit,community/kit/division-5/ibpt/ardop2,aac,Gruppe: Neue Beschleunigerkonzepte,Group: New Accelerator Concepts ,AAC,AAC,,,,https://www.ibpt.kit.edu/d2_AAC.php,https://www.ibpt.kit.edu/d2_AAC.php,,,,,,0,0,0,0,0,0,0,0,0,0,0,0,0,0,0,0,0,0,0,1,0,0,0,0,0,0,0,0,0,0,0,0,0,0,0,0,0,0,0,0,0,0,0,0,0,0,0,0,0,0,0,0,0,0,0,1,0,1,0,1,0,,0,1,0,0,0,0,,<to be set>,<to be translated>,,
community/kit/division-5/ibpt/ardop2/aac/team-aac,full,/g/organization/working-group,05 working group,02: prereview request,,härer.bastian,hgf-university,community/kit,community/kit/division-5/ibpt/ardop2/aac,team-aac,Team: AAC,Team: NAC,AAC,AAC,Advanced Accelerator Concepts ,,,https://www.ibpt.kit.edu/d2_AAC.php,https://www.ibpt.kit.edu/d2_AAC.php,,,,,,0,0,0,0,0,0,0,0,0,0,0,0,0,0,0,0,0,0,0,0,0,0,0,0,0,0,0,0,0,1,0,0,0,0,0,0,0,0,0,0,0,0,0,0,0,0,0,0,0,0,0,0,0,0,0,1,0,1,0,1,0,,0,0,1,0,0,0,,<to be set>,<to be translated>,,
community/kit/division-5/ibpt/ardop2/drd,full,/g/organization/working-group,03 working group cluster,02: prereview request,,härer.bastian,hgf-university,community/kit,community/kit/division-5/ibpt/ardop2,drd,Gruppe: Diagnose R&D,Group: Diagnosis R&D,DRD,DRD,,,,https://www.ibpt.kit.edu/d2_DRD.php,https://www.ibpt.kit.edu/d2_DRD.php,,,,,,0,0,0,0,0,0,0,0,0,0,0,0,0,0,0,0,0,0,0,0,0,0,0,0,0,0,0,0,0,0,0,0,0,0,0,0,0,0,0,0,0,0,0,0,0,0,0,0,0,0,0,0,0,0,0,0,0,0,0,0,0,,0,0,0,0,0,0,,<to be set>,<to be translated>,,
community/kit/division-5/ibpt/ardop2/drd/ai,full,/g/organization/working-group,05 working group,02: prereview request,,härer.bastian,hgf-university,community/kit,community/kit/division-5/ibpt/ardop2/drd,ai,Team: AI4Accelerators,Team: AI4Accelerators,AI,AI,,,,https://www.ibpt.kit.edu/d2_DRD.php,https://www.ibpt.kit.edu/d2_DRD.php,,,,,,0,0,0,0,0,0,0,0,0,0,0,0,0,0,0,0,0,0,0,0,0,0,0,0,0,0,0,0,0,0,0,0,0,0,0,0,0,0,0,0,0,0,0,0,0,0,0,0,0,0,0,0,0,0,0,0,0,0,0,0,0,,0,0,0,0,0,0,,<to be set>,<to be translated>,,
community/kit/division-5/ibpt/ardop2/drd/funkner,full,/g/organization/working-group,05 working group,02: prereview request,,härer.bastian,hgf-university,community/kit,community/kit/division-5/ibpt/ardop2/drd,funkner,Team: Funker,Team: Funker,,,,,,https://www.ibpt.kit.edu/d2_DRD.php,https://www.ibpt.kit.edu/d2_DRD.php,,,,,,0,0,0,0,0,0,0,0,0,0,0,0,0,0,0,0,0,0,0,1,0,0,0,0,0,0,0,0,0,0,0,0,0,0,0,0,0,1,0,0,0,0,0,0,0,0,0,0,0,0,0,0,0,0,0,2,0,2,0,2,0,,0,1,0,1,0,0,,<to be set>,<to be translated>,,
community/kit/division-5/ibpt/ardop2/drd/gethmann,full,/g/organization/working-group,05 working group,02: prereview request,,härer.bastian,hgf-university,community/kit,community/kit/division-5/ibpt/ardop2/drd,gethmann,Team: Gethmann,Team: Gethmann,GTHMNN,GTHMNN,,,,https://www.ibpt.kit.edu/d2_DRD.php,https://www.ibpt.kit.edu/d2_DRD.php,,,,,,0,0,0,0,0,0,0,0,0,0,0,0,0,0,0,0,0,0,0,0,0,0,0,0,0,0,0,0,0,1,0,0,0,0,0,0,0,0,0,0,0,0,0,0,0,0,0,0,0,0,0,0,0,0,0,1,0,1,0,1,0,,0,0,1,0,0,0,,<to be set>,<to be translated>,,
community/kit/division-5/ibpt/ardop2/drd/nasse,full,/g/organization/working-group,05 working group,02: prereview request,,härer.bastian,hgf-university,community/kit,community/kit/division-5/ibpt/ardop2/drd,nasse,Team: Nasse,Team: Nasse,NSS,NSS,,,,https://www.ibpt.kit.edu/d2_DRD.php,https://www.ibpt.kit.edu/d2_DRD.php,,,,,,0,0,0,0,0,0,0,0,0,0,0,0,0,0,0,0,0,0,0,1,0,0,0,0,0,0,0,0,0,0,0,0,0,0,0,0,0,0,0,0,0,0,0,0,0,0,0,0,0,0,0,0,0,0,0,1,0,1,0,1,0,,0,1,0,0,0,0,,<to be set>,<to be translated>,,
community/kit/division-5/ibpt/ardop2/drd/niehues,full,/g/organization/working-group,05 working group,02: prereview request,,härer.bastian,hgf-university,community/kit,community/kit/division-5/ibpt/ardop2/drd,niehues,Team: Niehues,Team: Niehues,NHS,NHS,,,,https://www.ibpt.kit.edu/d2_DRD.php,https://www.ibpt.kit.edu/d2_DRD.php,,,,,,0,0,0,0,0,0,0,0,0,0,0,0,0,0,0,0,0,0,0,1,0,0,0,0,0,0,0,0,0,1,0,0,0,0,0,0,0,0,0,0,0,0,0,0,0,0,0,0,0,0,0,0,0,0,0,2,0,2,0,2,0,,0,1,1,0,0,0,,<to be set>,<to be translated>,,
community/kit/division-5/ibpt/ardop2/drd/steinmann,full,/g/organization/working-group,05 working group,02: prereview request,,härer.bastian,hgf-university,community/kit,community/kit/division-5/ibpt/ardop2/drd,steinmann,Team: Steinmann,Team: Steinmann,STMNN,STMNN,,,,https://www.ibpt.kit.edu/d2_DRD.php,https://www.ibpt.kit.edu/d2_DRD.php,,,,,,0,0,0,0,0,0,0,0,0,0,0,0,0,0,0,0,0,0,0,1,0,0,0,0,0,0,0,0,0,0,0,0,0,0,0,0,0,1,0,0,0,0,0,0,0,0,0,0,0,0,0,0,0,0,0,2,0,2,0,2,0,,0,1,0,1,0,0,,<to be set>,<to be translated>,,
community/kit/division-5/ibpt/ardop2/id,full,/g/organization/working-group,05 working group,01: preparation,,härer.bastian,hgf-university,community/kit,community/kit/division-5/ibpt/ardop2,id,Gruppe: Insertion Devices,Group: Insertion Devices,ID,ID,,,Prof. Dr.-Ing. Steffen Grohmann,https://www.ibpt.kit.edu/d2_ID.php,https://www.ibpt.kit.edu/d2_ID.php,,,,,,0,0,0,0,0,0,0,0,0,0,1,0,0,0,0,0,0,0,0,0,0,0,0,0,0,0,0,0,0,0,0,0,0,0,0,0,0,0,0,0,0,0,0,0,0,0,0,0,0,0,0,0,0,0,0,1,0,0,1,1,0,,1,0,0,0,0,0,,<to be set>,<to be translated>,,
community/kit/division-5/ibpt/ardop2/id/grau,full,/g/organization/working-group,05 working group,02: prereview request,,härer.bastian,hgf-university,community/kit,community/kit/division-5/ibpt/ardop2/id,grau,Team: Grau,Team: Grau,FNKR,FNKR,,,,https://www.ibpt.kit.edu/d2_DRD.php,https://www.ibpt.kit.edu/d2_DRD.php,,,,,,0,0,0,0,0,0,0,0,0,0,0,0,0,0,0,0,0,0,0,1,0,0,0,0,0,0,0,0,0,0,0,0,0,0,0,0,0,0,0,0,0,0,0,0,0,0,0,0,0,0,0,0,0,0,0,1,0,1,0,1,0,,0,1,0,0,0,0,,<to be set>,<to be translated>,,
community/kit/division-5/ibpt/ardop2/id/saez-de-jauregui,full,/g/organization/working-group,05 working group,02: prereview request,,härer.bastian,hgf-university,community/kit,community/kit/division-5/ibpt/ardop2/id,saez-de-jauregui,Team: Saez de Jauregui,Team: Saez de Jauregui,FNKR,FNKR,,,,https://www.ibpt.kit.edu/d2_DRD.php,https://www.ibpt.kit.edu/d2_DRD.php,,,,,,0,0,0,0,0,0,0,0,0,0,0,0,0,0,0,0,0,0,0,1,0,0,0,0,0,0,0,0,0,0,0,0,0,0,0,0,0,1,0,0,0,0,0,0,0,0,0,0,0,0,0,0,0,0,0,2,0,2,0,2,0,,0,1,0,1,0,0,,<to be set>,<to be translated>,,
community/kit/division-5/ibpt/sst,full,/g/organization/working-group,05 working group,01: preparation,,härer.bastian,hgf-university,community/kit,community/kit/division-5/ibpt,sst,Gruppe: Superconducting System Technology,Research Group Supraleitende Systemtechnologie,SST,SST,,,Prof. Dr.-Ing. Steffen Grohmann,https://www.ibpt.kit.edu/RG_sst.php,https://www.ibpt.kit.edu/RG_sst.php,,,,,,0,0,0,0,0,0,0,0,0,0,0,0,0,0,0,0,0,0,0,0,0,0,0,0,0,0,0,0,0,0,0,0,0,0,0,0,0,2,0,0,0,0,0,0,0,0,0,0,0,0,0,0,0,0,0,2,0,2,0,2,0,,0,0,0,2,0,0,,<to be set>,<to be translated>,,
leaps,none,/g/organization/consortium,other,01: preparation,,,consortium,,,leaps,LEAPS,LEAPS,LEAPS,LEAPS,"LEAPS (League of European Accelerator-based Photon Sources) ist eine Gemeinschaft von europäischen Synchrotron- und Freie-Elektronen-Laser-Photonenquellen. Die 2017 gegründete Organisation hat das Ziel, die Zusammenarbeit und Qualität der an Photonenquellen durchgeführten Grundlagen-, angewandten und industriellen Forschung zu fördern.","LEAPS (League of European Accelerator-based Photon Sources) is a community of European synchrotron and free-electron laser photon sources. Founded in 2017, the organisation aims to promote collaboration and quality in basic, applied and industrial research carried out at photon sources.",,,,Deutschland,,,,,,,,,,,,,,,,,,,,,,,,,,,,,,,,,,,,,,,,,,,,,,,,,,,,,,,,,,,0,0,0,0,0,0,0,,0,0,0,0,0,0,,<to be set>,<to be translated>,,
lens,none,/g/organization/consortium,other,01: preparation,,,consortium,,,lens,League Of Advanced European Neutron Sources,League Of Advanced European Neutron Sources,LENS,LENS,"LENS (League of Advanced European Neutron Sources) ist eine Gemeinschaft, die alle europäischen Synchrotron- und Freie-Elektronen-Laser-Photonequellen in Europa zusammenbringt. Die 2017 gegründete Organisation hat sich zum Ziel gesetzt, die Qualität und die positiven Auswirkungen der an ihren Mitgliedern durchgeführten Grundlagen-, angewandten und industriellen Forschung zu fördern und sicherzustellen.","LENS (League of Advanced European Neutron Sources) is a community that brings together all European synchrotron and free-electron laser photon sources in Europe. Founded in 2017, the organisation aims to promote and ensure the quality and positive impact of basic, applied and industrial research carried out at its members.",,,,Deutschland,,,,,,,,,,,,,,,,,,,,,,,,,,,,,,,,,,,,,,,,,,,,,,,,,,,,,,,,,,,0,0,0,0,0,0,0,,0,0,0,0,0,0,,<to be set>,<to be translated>,,
mpg,none,/g/organization/consortium,other,01: preparation,,,mpg,,,mpg,Max-Planck-Gesellschaft zur Förderung der Wissenschaften,Max Planck Society,MPG,MPG,,,,http://www.mpg.de/en,http://www.mpg.de/en,Deutschland,Munich,48.137430,11.575490,https://ror.org/01hhn8329,,,,,,,,,,,,,,,,,,,,,,,,,,,,,,,,,,,,,,,,,,,,,,,,,,,,,,,0,0,0,0,0,0,0,,0,0,0,0,0,0,,<to be set>,<to be translated>,,
community/mpik,full,"/g/organization/research-institution, /g/organization/formal-organization",01 formal-organisation,01: preparation,,,mpg,,community/,mpik,Max-Planck-Institut für Kernphysik,Max Planck Institute for Nuclear Physics,MPIK,MPIK,,,,http://www.mpi-hd.mpg.de/mpi/en/start/,http://www.mpi-hd.mpg.de/mpi/en/start/,DE,Heidelberg,49.407680,8.690790,https://ror.org/052d0h423,0,0,0,0,0,0,0,,0,0,0,0,,,0,0,0,0,0,0,0,0,0,0,0,0,0,0,0,0,0,0,0,0,0,0,0,0,0,0,0,0,0,0,0,0,0,0,0,0,0,0,0,0,0,0,0,0,0,0,0,,0,0,0,0,0,0,,Conducts accelerator-based fundamental physics; operates underground beam and detector facilities.,<to be translated>,,
community/mpp,full,"/g/organization/research-institution, /g/organization/formal-organization",01 formal-organisation,01: preparation,,,mpg,,community/,mpp,Max-Planck-Institut für Physik,Max Planck Institute for Physics,MPP,MPP,,,,https://www.mpp.mpg.de/english/index.html,https://www.mpp.mpg.de/english/index.html,DE,Munich,48.137430,11.575490,https://ror.org/0079jjr10,0,0,0,0,0,0,0,,0,0,0,0,,,0,0,0,0,0,0,0,0,0,0,0,0,0,0,0,0,0,0,0,0,0,0,0,0,0,0,0,0,0,0,0,0,0,0,0,0,0,0,0,0,0,0,0,0,0,0,0,,0,0,0,0,0,0,,"Contributes to particle accelerator R&D; partners on CERN projects, operates detector test beams.",<to be translated>,,
nfdi,none,/g/organization/consortium,other,01: preparation,,,consortium,,,nfdi,Nationale Forschungsdateninfrastruktur,Nationale Forschungsdateninfrastruktur,NFDI,NFDI,"Die Nationale Forschungsdateninfrastruktur (NFDI) hat das Ziel, Daten von Wissenschaft und Forschung zur Verfügung zu stellen, zu vernetzen und somit langfristig nutzbar zu machen. An NFDI wirken Einrichtungen aus diversen Forschungsbereichen mit. Sie arbeiten an Services, Trainingsangeboten für Forschende und Standards für den Umgang mit Daten.","The National Research Data Infrastructure (NFDI) aims to make data from science and research available, network it and thus make it usable in the long term. Institutions from various research areas are involved in the NFDI. They are working on services, training programmes for researchers and standards for handling data.",,,,Deutschland,,,,,,,,,,,,,,,,,,,,,,,,,,,,,,,,,,,,,,,,,,,,,,,,,,,,,,,,,,,0,0,0,0,0,0,0,,0,0,0,0,0,0,,<to be set>,<to be translated>,,
community/ptb,full,"/g/organization/research-institution, /g/organization/formal-organization",01 formal-organisation,01: preparation,,,government,,community/,ptb,Physikalisch-Technische Bundesanstalt,German National Metrology Institute,PTB,PTB,,,,https://www.ptb.de/cms/,https://www.ptb.de/cms/en.html,DE,Braunschweig,52.265940,10.526730,https://ror.org/05r3f7h03,0,0,0,0,0,0,0,,0,0,0,0,,,0,0,0,0,0,0,0,0,0,0,0,0,0,0,0,0,0,0,0,0,0,0,0,0,0,0,0,0,0,0,0,0,0,0,0,0,0,0,0,0,0,0,0,0,0,0,0,,0,0,0,0,0,0,mls,Develops accelerator-based metrology; operates electron and ion accelerators for scientific standards.,<to be translated>,,
community/ptb/abt7,full,/g/organization/formal-organization/department,02 intermediate level,02: prereview request,,,government,community/ptb,community/ptb,abt7,Abteilung 7: Temperatur und Synchrotronstrahlung,Division 7: Temperature and Synchrotron Radiation,Abt. 7,Abt. 7,,,,https://www.ptb.de/cms/ptb/fachabteilungen/abt7.html,https://www.ptb.de/cms/en.html,,,52.515423,13.320488,,0,0,0,0,0,0,0,,0,0,0,0,,,0,0,0,0,0,0,0,0,0,0,0,0,0,0,0,0,0,0,0,0,0,0,0,0,0,0,0,0,0,0,0,0,0,0,0,0,0,0,0,0,0,0,0,0,0,0,0,,0,0,0,0,0,0,,<to be set>,<to be translated>,härtig.frank,härtig.frank
community/ptb/abt7/fb7-1,full,/g/organization/formal-organization/sub-department,02 intermediate level,02: prereview request,,,government,community/ptb,community/ptb/abt7,fb7-1,Fachbereich: Radiometrie mit Synchrotronstrahlung,Department: Radiometry with Synchrotron Radiation,FB 7.1,FB 7.1,,,Dr. Frank Scholze,https://www.ptb.de/cms/ptb/fachabteilungen/abt7/fb-71.html,https://www.ptb.de/cms/en/ptb/fachabteilungen/abt7/fb-71.html,Deutschland,Berlin ,52.427852,13.534451,,,,,,,,,,,,,,,,,,,,,,,,,,,,,,,,,,,,,,,,,,,,,,,,,,,,,,,,0,0,0,0,0,0,0,,0,0,0,0,0,0,,<to be set>,<to be translated>,,
community/ptb/abt7/fb7-2,full,/g/organization/formal-organization/sub-department,02 intermediate level,01: preparation,,,government,community/ptb,community/ptb/abt7,fb7-2,Fachbereich: Röntgenmesstechnik mit Synchrotronstrahlung,Department: X-ray Metrology with Synchrotron Radiation,FB 7.2,FB 7.2,,,Dr. Michael Krumrey,https://www.ptb.de/cms/ptb/fachabteilungen/abt7/fb-72.html,https://www.ptb.de/cms/en/ptb/fachabteilungen/abt7/fb-72.html,Deutschland,Berlin ,52.427852,13.534451,,,,,,,,,,,,,,,,,,,,,,,,,,,,,,,,,,,,,,,,,,,,,,,,,,,,,,,,0,0,0,0,0,0,0,,0,0,0,0,0,0,,<to be set>,<to be translated>,,
community/rwth-aachen,full,"/g/organization/university, /g/organization/formal-organization",01 formal-organisation,01: preparation,,,university,,community/,rwth-aachen,Rheinisch-Westfälische Technische Hochschule Aachen,RWTH Aachen University,RWTH Aachen,RWTH Aachen,,,,https://www.rwth-aachen.de/go/id/a/,https://www.rwth-aachen.de/cms/~a/root/lidx/1/,DE,Aachen,50.776640,6.083420,https://ror.org/04xfq0f34,,,,,,,,,,,,,,,,,,,,,,,,,,,,,,,,,,,,,,,,,,,,,,,,,,,,,,,0,0,0,0,0,0,0,":rwth-aachen/accelerator_physics_seminar, :rwth-aachen/introduction_to_accelerator_physics_(exercises), :rwth-aachen/introduction_to_accelerator_physics_(lecture)",0,0,0,0,0,0,,"Innovates accelerator physics; hosts labs for beam and detector R&D, linked with Innovation Factory ecosystem.",<to be translated>,lehrach.andreas,
tu-berlin,none,"/g/organization/university, /g/organization/formal-organization",01 formal-organisation,01: preparation,,,university,,,tu-berlin,Technische Universität Berlin,Technical University of Berlin,TU Berlin,TU Berlin,,,,https://www.tu.berlin,https://www.tu.berlin/en/,DE,Berlin,52.512683,3.326953,https://ror.org/03v4gjf40,,,,,,,,,,,,,,,,,,,,,,,,,,,,,,,,,,,,,,,,,,,,,,,,,,,,,,,0,0,0,0,0,0,0,,0,0,0,0,0,0,,Engaged in accelerator R&D; access to technology incubators and Adlershof scientific campus facilities.,<to be translated>,,
community/tu-darmstadt,full,"/g/organization/university, /g/organization/formal-organization",01 formal-organisation,01: preparation,,,university,,community/,tu-darmstadt,Technische Universität Darmstadt,Technical University of Darmstadt,TU Darmstadt,TU Darmstadt,,,,https://www.tu-darmstadt.de/index.de.jsp,https://www.tu-darmstadt.de/index.en.jsp,DE,Darmstadt,49.871670,8.650270,https://ror.org/05n911h24,0,0,0,0,0,0,0,0,0,0,0,0,0,0,0,0,0,0,0,0,0,0,0,0,0,0,0,0,0,0,0,0,0,0,0,0,0,0,0,0,0,0,0,0,0,0,0,0,0,0,0,0,0,0,0,0,0,0,0,0,0,":tu-darmstadt/beschleunigerphysik, :tu-darmstadt/laser_particle_acceleration_and_secondary_radiation_sources, :tu-darmstadt/laser_particle_acceleration_and_secondary_radiation_sources, :tu-darmstadt/numerische_methoden_der_beschleunigerphysik_, :tu-darmstadt/physik_dichter_plasmen_mit_schwerionen-_und_laserstrahlen, :tu-darmstadt/projektoberseminar_beschleunigertechnik, :tu-darmstadt/röntgenlicht-freie-elektronen-laser, :tu-darmstadt/röntgenlicht-freie-elektronen-laser, :tu-darmstadt/seminar_physik_und_technik_von_beschleunigern, :tu-darmstadt/projektoberseminar_beschleunigertechnik, :tu-darmstadt/projektoberseminar_beschleunigertechnik, :tu-darmstadt/projektoberseminar_beschleunigertechnik, :tu-darmstadt/beschleunigerphysik, :tu-darmstadt/beschleunigerphysik, :tu-darmstadt/beschleunigerphysik, :tu-darmstadt/beschleunigerphysik",0,0,0,0,0,0,s-dalinac,Advances superconducting electron accelerators; operates S-DALINAC.,<to be translated>,"arnold.michaela, boine-frankenheim.oliver, de-gersem.herbert",
community/tu-darmstadt/fb-etit,partial,/g/organization/formal-organization/department,02 intermediate level,02: prereview request,,,university,community/tu-darmstadt,community/tu-darmstadt,fb-etit,Fachbereich: Elektrotechnik und Informationstechnik,Department of Electrical Engineering and Information Technology ,ETIT,ETIT,,,,https://www.etit.tu-darmstadt.de/fachbereich/index.de.jsp,https://www.ikp.tu-darmstadt.de/das_institut_kernphysik/index.en.jsp,,,,,,0,0,0,0,0,0,0,0,0,0,0,0,0,0,0,0,0,0,0,0,0,0,0,0,0,0,0,0,0,0,0,0,0,0,0,0,0,0,0,0,0,0,0,0,0,0,0,0,0,0,0,0,0,0,0,0,0,0,0,0,0,,0,0,0,0,0,0,,<to be set>,<to be translated>,,
community/tu-darmstadt/fb-etit/temf,full,/g/organization/formal-organization/sub-department,03 working group cluster,02: prereview request,,de-gersem.herbert,university,community/tu-darmstadt,community/tu-darmstadt/fb-etit,temf,Institut für Teilchenbeschleunigung und Elektromagnetische Felder,Institute for Accelerator Science und Electromagnetic Fields,TEMF,TEMF,,,,https://www.temf.tu-darmstadt.de/temf/index.de.jsp,,,,,,,0,0,0,0,0,0,0,0,0,0,0,0,0,0,0,0,0,0,0,0,0,0,0,0,0,0,0,0,0,0,0,0,0,0,0,0,0,0,0,0,0,0,0,0,0,0,0,0,0,0,0,0,0,0,0,0,0,0,0,0,0,,0,0,0,0,0,0,,<to be set>,<to be translated>,,de-gersem.herbert
community/tu-darmstadt/fb-etit/temf/bp,full,/g/organization/formal-organization/sub-department,03 working group cluster,02: prereview request,,boine-frankenheim.oliver,university,community/tu-darmstadt,community/tu-darmstadt/fb-etit/temf,bp,Fachgebiet Beschleunigerphysik,Chair of Electromagnetic Field Theory,BP,BP,,,,https://www.bp.tu-darmstadt.de/fachgebiet_beschleunigerphysik/index.de.jsp,,,,,,,0,0,0,3,0,0,1,0,0,0,0,0,0,0,0,0,0,0,0,2,0,0,0,0,0,0,0,0,0,0,0,0,0,0,0,0,0,3,0,0,0,0,0,0,0,0,,0,0,0,0,0,0,0,3,6,0,9,0,9,0,,1,2,0,6,0,0,,<to be set>,<to be translated>,,boine-frankenheim.oliver
community/tu-darmstadt/fb-etit/temf/bp/achip,full,/g/organization/working-group,05 working group,02: prereview request,,boine-frankenheim.oliver,university,community/tu-darmstadt,community/tu-darmstadt/fb-etit/temf/bp,achip,Gruppe: ACHIP,Group: ACHIP,ACHIP,ACHIP,,,,https://www.bp.tu-darmstadt.de/bp_forschung/achip/achip.de.jsp,,,,,,,,,,,,,,,,,,,,,,,,,,,,,,,,,,,,,,,,,,,,,,,,,,,,,,,,,,,,,0,0,0,0,0,0,0,,0,0,0,0,0,0,,<to be set>,<to be translated>,,boine-frankenheim.oliver
community/tu-darmstadt/fb-etit/temf/bp/fair,full,/g/organization/working-group,05 working group,02: prereview request,,boine-frankenheim.oliver,university,community/tu-darmstadt,community/tu-darmstadt/fb-etit/temf/bp,fair,Gruppe: FAIR,Group: FAIR,FAIR,FAIR,"Entwicklung und Überprüfung von Computermodellen für Ionenstrahlen, Kollektive Effekte in Ionenstrahlen","Development and testing of computer models for ion beams, collective effects in ion beams",,https://www.bp.tu-darmstadt.de/bp_forschung/fair/fair.en.jsp,,,,,,,,,,,,,,,,,,,,,,,,,,,,,,,,,,,,,,,,,,,,,,,,,,,,,,,,,,,,,0,0,0,0,0,0,0,,0,0,0,0,0,0,,<to be set>,<to be translated>,,
community/tu-darmstadt/fb-etit/temf/bp/light,full,/g/organization/working-group,05 working group,02: prereview request,,boine-frankenheim.oliver,university,community/tu-darmstadt,community/tu-darmstadt/fb-etit/temf/bp,light,"Gruppe: Laser Ion Generation, Handling and Transport","Group: Laser Ion Generation, Handling and Transport",LIGHT,LIGHT,,,,https://www.bp.tu-darmstadt.de/bp_forschung/light/light.de.jsp,,,,,,,,,,,,,,,,,,,,,,,,,,,,,,,,,,,,,,,,,,,,,,,,,,,,,,,,,,,,,0,0,0,0,0,0,0,,0,0,0,0,0,0,,<to be set>,<to be translated>,,
community/tu-darmstadt/fb-etit/temf/bp/puma,full,/g/organization/working-group,05 working group,02: prereview request,,boine-frankenheim.oliver,university,community/tu-darmstadt,community/tu-darmstadt/fb-etit/temf/bp,puma,Gruppe: PUMA,Group: PUMA,PUMA,PUMA,"Im Forschungsprojekt PUMA soll eine mobile Penning-Malmberg-Falle gebaut werden, um Antiprotonen vom Speicherring ELENA am CERN zur Anlage ISOLDE zu transportieren. Dort sollen die Antiprotonen mit exotischen Kernen zur Kollision gebracht werden.","In the PUMA research project, a mobile Penning-Malmberg trap is to be built to transport antiprotons from the ELENA storage ring at CERN to the ISOLDE facility. There, the antiprotons are to be brought into collision with exotic nuclei.",,https://www.bp.tu-darmstadt.de/bp_forschung/puma/puma.de.jsp,,,,,,,,,,,,,,,,,,,,,,,,,,,,,,,,,,,,,,,,,,,,,,,,,,,,,,,,,,,,,0,0,0,0,0,0,0,,0,0,0,0,0,0,,<to be set>,<to be translated>,,
community/tu-darmstadt/fb-etit/temf/bt,full,/g/organization/formal-organization/sub-department,03 working group cluster,02: prereview request,,klingbeil.harald,university,community/tu-darmstadt,community/tu-darmstadt/fb-etit/temf,bt,Fachgebiet Beschleunigertechnik,Chair of Electromagnetic Field Theory,BT,BT,,,,https://www.bt.tu-darmstadt.de,,,,,,,0,0,0,0,0,0,1,0,0,0,0,0,0,0,0,0,0,0,0,0,0,0,0,0,0,0,0,0,0,0,0,0,0,0,0,0,0,2,0,0,0,0,0,0,0,0,0,0,0,0,0,0,0,0,0,3,0,3,0,3,0,,1,0,0,2,0,0,,<to be set>,<to be translated>,,klingbeil.harald
community/tu-darmstadt/fb-etit/temf/emft,full,/g/organization/formal-organization/sub-department,03 working group cluster,02: prereview request,,de-gersem.herbert,university,community/tu-darmstadt,community/tu-darmstadt/fb-etit/temf,emft,Fachgebiet für Theorie Elektromagnetischer Felder,Chair of Electromagnetic Field Theory,EMFT,EMFT,,,,https://www.temf.tu-darmstadt.de/emft/home_emft/index.de.jsp,,,,,,,0,0,0,0,0,0,0,0,1,0,2,0,0,0,0,0,0,0,0,0,0,0,0,0,0,0,0,0,0,0,0,0,0,0,16,3,0,0,0,0,0,0,0,0,0,0,0,0,0,0,0,0,0,0,4,18,0,0,22,22,0,,3,0,0,19,0,0,,<to be set>,<to be translated>,,de-gersem.herbert
community/tu-darmstadt/fb-etit/temf/emft/command,full,/g/organization/working-group,05 working group,02: prereview request,,de-gersem.herbert,university,community/tu-darmstadt,community/tu-darmstadt/fb-etit/temf/emft,command,Gruppe: Computational Magnet Analysis and Dynamics,Group: Computational Magnet Analysis and Dynamics,COMMAND,COMMAND,,,Dr.-Ing. Laura D‘Angelo,https://www.temf.tu-darmstadt.de/emft/forschung_emft/forschungsgruppen_emft/computational_magnet_analysis_and_dynamics.de.jsp,,,,,,,0,0,0,0,0,0,0,0,0,0,0,0,0,0,0,0,0,1,0,0,0,0,0,0,0,0,0,0,0,0,0,0,0,0,3,2,0,0,0,0,0,0,0,0,0,0,0,0,0,0,0,0,0,0,3,3,0,0,6,6,0,,0,1,0,5,0,0,,<to be set>,<to be translated>,,
community/tu-darmstadt/fb-etit/temf/emft/gekoppelte-systeme,full,/g/organization/working-group,05 working group,02: prereview request,,de-gersem.herbert,university,community/tu-darmstadt,community/tu-darmstadt/fb-etit/temf/emft,gekoppelte-systeme,Gruppe: Gekoppelte Probleme,Group: Coupled Problems,CP,CP,,,PD Dr. rer. nat. Erion Gjonaj,https://www.temf.tu-darmstadt.de/emft/forschung_emft/forschungsgruppen_emft/arbeiitsgruppe_gekoppelte_probleme.de.jsp,,,,,,,0,0,0,0,0,0,0,0,0,0,0,0,0,0,0,0,1,0,0,0,0,0,0,0,0,0,0,0,0,0,0,0,0,0,0,0,0,0,0,0,0,0,0,0,0,0,0,0,0,0,0,0,0,0,0,1,0,0,1,1,0,,0,1,0,0,0,0,,<to be set>,<to be translated>,,
community/tu-darmstadt/fb-etit/temf/emft/hochfrequenztechnik,full,/g/organization/working-group,05 working group,02: prereview request,,de-gersem.herbert,university,community/tu-darmstadt,community/tu-darmstadt/fb-etit/temf/emft,hochfrequenztechnik,Gruppe: Hochfrequenztechnik,Group: High Frequency Technology,HFT,HFT,,,Dr.-Ing. Wolfgang Ackermann,https://www.temf.tu-darmstadt.de/emft/forschung_emft/forschungsgruppen_emft/hochfrequenztechnik_responsive.de.jsp,,,,,,,0,0,0,0,0,0,0,0,0,0,0,0,0,0,0,0,1,0,0,0,0,0,0,0,0,0,0,0,0,0,0,0,0,0,0,0,0,0,0,0,0,0,0,0,0,0,0,0,0,0,0,0,0,0,0,1,0,0,1,1,0,,0,1,0,0,0,0,,<to be set>,<to be translated>,,
community/tu-darmstadt/fb-etit/temf/emft/strahldynamik,full,/g/organization/formal-organization/sub-department,03 working group cluster,02: prereview request,,de-gersem.herbert,university,community/tu-darmstadt,community/tu-darmstadt/fb-etit/temf/emft,strahldynamik,Gruppe: Strahldynamik,Group: Beam Dynamics,EMFT/SD,EMFT/SD,,,Dr. phil. nat. Wolfgang F.O. Müller,https://www.temf.tu-darmstadt.de/emft/forschung_emft/forschungsgruppen_emft/arbeitsgruppebeamdynamics.de.jsp,,,,,,,0,0,0,0,0,0,0,0,0,0,0,0,0,0,0,0,0,1,0,0,0,0,0,0,0,0,0,0,0,0,0,0,0,0,0,0,0,0,0,0,0,0,0,0,0,0,0,0,0,0,0,0,0,0,1,0,0,0,1,1,0,,0,1,0,0,0,0,,<to be set>,<to be translated>,,
community/tu-darmstadt/physik/institut-kernphysik/ag-enders,full,/g/organization/working-group,05 working group,02: prereview request,,arnold.michaela,university,community/tu-darmstadt,community/tu-darmstadt/physik/institut-kernphysik,ag-enders,Gruppe Enders,Group Enders,AGE,AGE,Experimentelle und technische Kern- und Beschleunigerphysik,Experimental and technical nuclear and accelerator physics,,https://www.ikp.tu-darmstadt.de/forschung_kernphysik/gruppen_kernphysik/experiment/ag_j_enders/index.en.jsp,,,,,,,0,0,0,0,0,0,1,0,0,0,0,0,0,0,0,0,0,0,0,0,0,0,0,0,0,0,0,0,0,2,0,0,0,0,0,0,0,3,0,0,0,0,0,0,0,2,0,0,0,0,0,0,0,3,0,11,0,11,0,11,0,,1,0,2,3,2,3,,<to be set>,<to be translated>,,enders.joachim
community/tu-darmstadt/physik/institut-kernphysik/ag-obertelli,full,/g/organization/working-group,05 working group,02: prereview request,,arnold.michaela,university,community/tu-darmstadt,community/tu-darmstadt/physik/institut-kernphysik,ag-obertelli,Gruppe Obertelli,Group Obertelli,AGO,AGO,"Grundlagenforschung in den Bereichen Kernstrukturphysik, Quantenphysik und Beschleunigerphysik, Entwicklung und Betrieb von S-DALINAC","Basic research in the fields of nuclear structure physics, quantum physics and accelerator physics, development and operation of S-DALINAC",Prof. Dr. Alexandre Obertelli,https://www.ikp.tu-darmstadt.de/forschung_kernphysik/gruppen_kernphysik/experiment/ag_a_obertelli/index.en.jsp,,,,,,,0,0,2,2,0,0,1,0,0,0,0,0,0,0,0,0,0,0,0,0,0,0,0,0,0,0,0,0,0,2,0,0,0,0,0,0,0,5,0,0,0,0,0,0,0,2,0,0,0,0,0,0,0,0,4,10,0,14,0,14,0,,1,0,4,7,2,0,,<to be set>,<to be translated>,,
community/tu-darmstadt/physik/institut-kernphysik/ag-pietralla,full,/g/organization/working-group,05 working group,02: prereview request,,arnold.michaela,university,community/tu-darmstadt,community/tu-darmstadt/physik/institut-kernphysik,ag-pietralla,Gruppe Pietralla,Group Pietralla,AGP,AGP,"Grundlagenforschung in den Bereichen Kernstrukturphysik, Quantenphysik und Beschleunigerphysik, Entwicklung und Betrieb von S-DALINAC","Basic research in the fields of nuclear structure physics, quantum physics and accelerator physics, development and operation of S-DALINAC",,https://www.ikp.tu-darmstadt.de/forschung_kernphysik/gruppen_kernphysik/experiment/ag_n_pietralla/index.en.jsp,,,,,,,0,1,1,6,2,0,1,0,0,0,0,0,0,0,0,0,0,0,0,7,0,0,0,0,0,0,0,0,0,3,0,0,0,0,0,0,0,14,0,0,0,0,0,0,0,3,0,0,0,0,0,0,0,0,10,28,0,38,0,38,0,,1,8,4,20,5,0,,<to be set>,<to be translated>,,pietralla.norbert
community/tu-darmstadt/physik/institut-kernphysik/ag-roth,full,/g/organization/working-group,05 working group,01: preparation,,arnold.michaela,university,community/tu-darmstadt,community/tu-darmstadt/physik/institut-kernphysik,ag-roth,Gruppe Roth,Group Roth,AGR,AGR,Laser- und Plasmaphysik,Laser and plasma physics,,https://www.ikp.tu-darmstadt.de/forschung_kernphysik/gruppen_kernphysik/experiment/ag_m_roth/index.de.jsp,,,,,,,0,0,0,1,0,0,1,0,0,0,0,0,0,0,0,0,0,0,0,1,0,0,0,0,0,0,0,0,0,1,0,0,0,0,0,0,0,10,0,0,0,0,0,0,0,2,0,0,0,0,0,0,0,2,1,17,0,18,0,18,0,,1,1,1,11,2,2,,<to be set>,<to be translated>,,markus.roth
community/tu-dortmund,partial,"/g/organization/university, /g/organization/formal-organization",01 formal-organisation,01: preparation,,,university,,community/,tu-dortmund,Technische Universität Dortmund,TU Dortmund University,TU Dortmund,TU Dortmund,,,,https://www.tu-dortmund.de/en/,https://www.tu-dortmund.de/en/,DE,Dortmund,51.514940,7.466000,https://ror.org/01k97gp34,0,0,0,0,0,0,0,,0,0,0,0,,,0,0,0,0,0,0,0,0,0,0,0,0,0,0,0,0,0,0,0,0,0,0,0,0,0,0,0,0,0,0,0,0,0,0,0,0,0,0,0,0,0,0,0,0,0,0,0,":tu-dortmund/beschleunigerphysik_i/lecture, :tu-dortmund/beschleunigerphysik_ii/lecture, "":tu-dortmund/beschleunigerphysik_und_synchrotronstrahlung,_anwendungen_in_der_festkörperphysik/seminar"", :tu-dortmund/beschleunigerphysik_i/lecture-exercise, :tu-dortmund/beschleunigerphysik_i/seminar, :tu-dortmund/beschleunigerphysik_ii/seminar, :tu-dortmund/beschleunigerphysik_ii/lecture-exercise",0,0,0,0,0,0,delta,Researches synchrotron and accelerator physics; operates DELTA synchrotron source.,<to be translated>,khan.shaukat,
community/tu-dresden,full,"/g/organization/university, /g/organization/formal-organization",01 formal-organisation,01: preparation,,,university,,community/,tu-dresden,Technische Universität Dresden,Dresden University of Technology,TU Dresden,TU Dresden,,,,https://tu-dresden.de,https://tu-dresden.de/?set_language=en,DE,Dresden,51.050890,13.738320,https://ror.org/042aqky30,0,0,0,0,0,0,0,,0,0,0,0,,,0,0,0,0,0,0,0,0,0,0,0,0,0,0,0,0,0,0,0,0,0,0,0,0,0,0,0,0,0,0,0,0,0,0,0,0,0,0,0,0,0,0,0,0,0,0,0,,0,0,0,0,0,0,,Drives accelerator research; affiliated with ExciteLab and technology-based high-tech startup accelerators.,<to be translated>,cowan.thomas,
community/uni-bonn,partial,"/g/organization/university, /g/organization/formal-organization",01 formal-organisation,01: preparation,,,university,,community/,uni-bonn,Rheinische Friedrich-Wilhelms-Universität Bonn,University of Bonn,Uni Bonn,Uni Bonn,,,,https://www.uni-bonn.de/de/,https://www.uni-bonn.de/en/,DE,Bonn,50.734380,7.095490,https://ror.org/041nas322,0,0,0,0,0,0,0,,0,0,0,0,,,0,0,0,0,0,0,0,0,0,0,0,0,0,0,0,0,0,0,0,0,0,0,0,0,0,0,0,0,0,0,0,0,0,0,0,0,0,0,0,0,0,0,0,0,0,0,0,":uni-bonn/accelerator_physics_/_beschleunigerphysik_i, :uni-bonn/accelerator_physics_/_beschleunigerphysik_i, :uni-bonn/advanced_accelerator_physics, :uni-bonn/advanced_accelerator_physics",0,0,0,0,0,0,elsa,Studies particle/accelerator physics; operates ELSA electron stretcher accelerator.,<to be translated>,desch.klaus,
community/uni-bonn/pi,partial,/g/organization/formal-organization/department,02 intermediate level,01: preparation,,desch.klaus,university,community/uni-bonn,community/uni-bonn,pi,Physikalisches Institut,Physikalisches Institut,PI,PI,,,,http://www3.uni-bonn.de/the-university,https://www.pi.uni-bonn.de/elsa/en/elsa-1?set_language=en,,Bonn,,,,,,,,,,,,,,,,,,,,,,,,,,,,,,,,,,,,,,,,,,,,,,,,,,,,,,,,,,0,0,0,0,0,0,0,,0,0,0,0,0,0,,<to be set>,<to be translated>,,
community/uni-bonn/pi/elsa,full,/g/organization/working-group,05 working group,01: preparation,,desch.klaus,university,community/uni-bonn,community/uni-bonn/pi,elsa,Gruppe ELSA,Group ELSA,ELSA,ELSA,,,,http://www3.uni-bonn.de/the-university,https://www.pi.uni-bonn.de/elsa/en/elsa-1?set_language=en,,Bonn,,,,,,,,,,,,,,,,,,,,,,,,,,,,,,,,,,,,,,,,,,,,,,,,,,,,,,,,,,0,0,0,0,0,0,0,,0,0,0,0,0,0,,<to be set>,<to be translated>,,
community/uni-duesseldorf,partial,"/g/organization/university, /g/organization/formal-organization",01 formal-organisation,01: preparation,,,university,,community/,uni-düsseldorf,Heinrich-Heine-Universität Düsseldorf,Heinrich Heine University Düsseldorf,HHU,HHU,,,,https://www.hhu.de,http://www.uni-duesseldorf.de/home/en/home.html,DE,Düsseldorf,51.221720,6.776160,https://ror.org/024z2rq82,0,0,0,0,0,0,0,,0,0,0,0,,,0,0,0,0,0,0,0,0,0,0,0,0,0,0,0,0,0,0,0,0,0,0,0,0,0,0,0,0,0,0,0,0,0,0,0,0,0,0,0,0,0,0,0,0,0,0,0,,0,0,0,0,0,0,,<to be set>,<to be translated>,hidding.bernhard,
community/uni-duesseldorf/mnf,partial,/g/organization/formal-organization/department,02 intermediate level,02: prereview request,,hidding.bernhard,university,community/uni-duesseldorf,community/uni-duesseldorf,mnf,Mathematisch-Naturwissenschaftliche Fakultät,Faculty of Mathematics and Natural Sciences consists,Math.-Nat. Fakultät,Math.-Nat. Fakultät,,,,https://www.math-nat-fak.hhu.de,https://www.math-nat-fak.hhu.de/en/,,,,,,,,,,,,,,,,,,,,,,,,,,,,,,,,,,,,,,,,,,,,,,,,,,,,,,,,,,,,0,0,0,0,0,0,0,,0,0,0,0,0,0,,<to be set>,<to be translated>,,
community/uni-duesseldorf/mnf/physik,partial,/g/organization/formal-organization/department,02 intermediate level,02: prereview request,,hidding.bernhard,university,community/uni-duesseldorf,community/uni-duesseldorf/mnf,physik,Fach Physik,Physics Department,,,,,,,,,,,,,,,,,,,,,,,,,,,,,,,,,,,,,,,,,,,,,,,,,,,,,,,,,,,,,,,,,,,0,0,0,0,0,0,0,,0,0,0,0,0,0,,<to be set>,<to be translated>,,
community/uni-duesseldorf/mnf/physik/ilp,full,/g/organization/formal-organization/sub-department,02 intermediate level,02: prereview request,,hidding.bernhard,university,community/uni-duesseldorf,community/uni-duesseldorf/mnf/physik,ilp,Institut für Laser- und Plasmaphysik,Institute for Laser and Plasma Physics,ILP,ILP,,,,,,,,,,,,,,,,,,,,,,,,,,,,,,,,,,,,,,,,,,,,,,,,,,,,,,,,,,,,,,,,,0,0,0,0,0,0,0,,0,0,0,0,0,0,,<to be set>,<to be translated>,,
community/uni-duesseldorf/mnf/physik/ilp/hidding,full,/g/organization/working-group,03 working group cluster,02: prereview request,,hidding.bernhard,university,community/uni-duesseldorf,community/uni-duesseldorf/mnf/physik/ilp,hidding,Gruppe Hidding,Group Hidding,,,,,,,,,,,,,1,,4,2,9,,1,,1,1,1,1,,,,,,,,,,,4,4,4,4,4,4,4,4,2,2,2,2,2,2,2,2,9,9,9,9,9,9,9,9,,,,,,,,,48,48,0,47,47,141,47,,6,0,36,18,81,0,,<to be set>,<to be translated>,,
community/uni-erlangen,partial,"/g/organization/university, /g/organization/formal-organization",01 formal-organisation,01: preparation,,,university,,community/,uni-erlangen,Friedrich-Alexander-Universität Erlangen-Nürnberg,Friedrich-Alexander-University Erlangen-Nürnberg,Uni Erlangen,Uni Erlangen,,,,https://www.fau.de/,https://www.fau.eu,DE,Erlangen,49.590990,11.007830,https://ror.org/00f7hpc57,0,0,0,0,0,0,0,,0,0,0,0,,,0,0,0,0,0,0,0,0,0,0,0,0,0,0,0,0,0,0,0,0,0,0,0,0,0,0,0,0,0,0,0,0,0,0,0,0,0,0,0,0,0,0,0,0,0,0,0,,0,0,0,0,0,0,,Engaged in accelerator applications; operates electron and ion beam laboratories for research and teaching.,<to be translated>,hommelhoff.peter,
community/uni-erlangen/physik-department,partial,/g/organization/formal-organization/department,03 working group cluster,01: preparation,,hommelhoff.peter,university,community/uni-erlangen,community/uni-erlangen,physik-department,Department Physik,Department of Physics ,,,,,,,,,,,,,0,0,0,0,0,0,0,,0,0,0,0,,,0,0,0,0,0,0,0,0,0,0,0,0,0,0,0,0,0,0,0,0,0,0,0,0,0,0,0,0,0,0,0,0,0,0,0,0,0,0,0,0,0,0,0,0,0,0,0,,0,0,0,0,0,0,,<to be set>,<to be translated>,,
community/uni-erlangen/physik-department/laser-physics,partial,/g/organization/formal-organization/sub-department,03 working group cluster,01: preparation,,hommelhoff.peter,university,community/uni-erlangen,community/uni-erlangen/physik-department,laser-physics,Lehrstuhl für Laserphysik ,Chair of Laser Physics,FAU,FAU,,,,,,,,,,,0,1,0,0,0,0,0,,0,0,0,0,,,1,1,1,1,1,1,1,1,0,0,0,0,0,0,0,0,0,0,0,0,0,0,0,0,0,0,0,0,0,0,0,0,0,0,0,0,0,0,0,0,3,3,0,3,3,9,3,,0,9,0,0,0,0,,<to be set>,<to be translated>,,hommelhoff.peter
community/uni-erlangen/physik-department/laser-physics/achip,full,/g/organization/working-group,05 working group,01: preparation,,hommelhoff.peter,university,community/uni-erlangen,community/uni-erlangen/physik-department/laser-physics,achip,Gruppe: Accelerator on a Chip International Program,Group: Accelerator on a Chip International Program,ACHIP,ACHIP,,,,,,,,,,,3,3,16,0,6,1,,,,,,,,,,3,3,0,0,0,,,,,,0,0,0,0,0,,,,0,0,0,0,0,,,,6,6,6,6,6,,,,1,1,1,1,1,36,17,0,43,27,70,0,,3,9,16,0,36,6,,<to be set>,<to be translated>,,hommelhoff.peter
community/uni-frankfurt,partial,"/g/organization/university, /g/organization/formal-organization",01 formal-organisation,01: preparation,,,university,,community/,uni-frankfurt,Goethe-Universität Frankfurt am Main,Goethe University Frankfurt,Uni Frankfurt,Uni Frankfurt,,,,https://www.uni-frankfurt.de/de,http://www.goethe-university-frankfurt.de/en,DE,Frankfurt am Main,50.115520,8.684170,https://ror.org/04cvxnb49,0,0,0,0,0,0,0,,0,0,0,0,,,0,0,0,0,0,0,0,0,0,0,0,0,0,0,0,0,0,0,0,0,0,0,0,0,0,0,0,0,0,0,0,0,0,0,0,0,0,0,0,0,0,0,0,0,0,0,0,":uni-frankfurt/beschleuniger-seminar, "":uni-frankfurt/aktuelle_probleme_der_beschleuniger-,_astro-_und_plasmaphysik"", :uni-frankfurt/einführung_in_die_beschleunigerphysik_mit_exkursion_, "":uni-frankfurt/einführung_in_die_beschleunigerphysik,_übungen_zur_vorlesung_"", :uni-frankfurt/high_intensity_accelerators_and_their_applications, "":uni-frankfurt/high_intensity_accelerators_and_their_applications,_übungen_zur_vorlesung"", :uni-frankfurt/hochleistungsbeschleuniger_und_deren_anwendungen, :uni-frankfurt/laseranwendungen_in_teilchenbeschleunigern, :uni-frankfurt/linearbeschleuniger, "":uni-frankfurt/linearbeschleuniger,_übungen_zur_vorlesung"", :uni-frankfurt/ringbeschleuniger_und_speicherringe, "":uni-frankfurt/ringbeschleuniger_und_speicherringe,_übungen_zur_vorlesung_"", :uni-frankfurt/vakuumphysik_2_vakuumphysik_an_beschleunigern",0,0,0,0,0,0,franz,"Focuses on ion accelerator research; operates UNILAC, experimental and test beam facilities.",<to be translated>,aulenbacher.kurt,
community/uni-goettingen,partial,"/g/organization/university, /g/organization/formal-organization",01 formal-organisation,01: preparation,,,university,,community/,uni-goettingen,Georg-August-Universität Göttingen,University of Göttingen,Uni Göttingen,Uni Göttingen,,,,http://www.uni-goettingen.de/en/1.html,http://www.uni-goettingen.de/en/1.html,DE,Göttingen,51.534430,9.932280,https://ror.org/01y9bpm73,0,0,0,0,0,0,0,,0,0,0,0,,,0,0,0,0,0,0,0,0,0,0,0,0,0,0,0,0,0,0,0,0,0,0,0,0,0,0,0,0,0,0,0,0,0,0,0,0,0,0,0,0,0,0,0,0,0,0,0,,0,0,0,0,0,0,,Researches accelerator physics; access to laser/plasma labs and local beam facilities.,<to be translated>,,
community/uni-hamburg,partial,"/g/organization/university, /g/organization/formal-organization",01 formal-organisation,01: preparation,,,university,,community/,uni-hamburg,Universität Hamburg,Hamburg University,Uni Hamburg,Uni Hamburg,,,,http://www.uni-hamburg.de,https://www.uni-hamburg.de/en.html,DE,Hamburg,53.550730,9.993020,https://ror.org/00g30e956,0,0,0,0,0,0,0,,0,0,0,0,,,0,0,0,0,0,0,0,0,0,0,0,0,0,0,0,0,0,0,0,0,0,0,0,0,0,0,0,0,0,0,0,0,0,0,0,0,0,0,0,0,0,0,0,0,0,0,0,":uni-hamburg/accelerator_physics_i, :uni-hamburg/accelerator_physics_ii, :uni-hamburg/physik_und_anwendungen_von_laser-plasma-beschleunigern_von_medizinischer_bildgebung_bis_hochenergiephysik, :uni-hamburg/übungen_physik_und_anwendungen_von_laser-plasma-beschleunigern_von_medizinischer_bildgebung_bis_hochenergiephysik, :uni-hamburg/promsenimar_physik_und_anwendungen_von_laser-plasma-beschleunigern_von_medizinischer_bildgebung_bis_hochenergiephysik, :uni-hamburg/computer_exercises_accelerator_physics_i, :uni-hamburg/proseminar_theorie_und_praxis_moderner_beschleuniger, :uni-hamburg/computer_exercises_accelerator_physics_ii, :uni-hamburg/exkursion_accelerator_physics_ii",0,0,0,0,0,0,,Engages in accelerator R&D; participates in joint facilities with DESY and European XFEL.,<to be translated>,"grüner.florian, hillert.wolfgang",
community/uni-hamburg/min,partial,/g/organization/formal-organization/department,02 intermediate level,02: prereview request,,,university,community/uni-hamburg,community/uni-hamburg,min,MIN Fakultät,MIN Faculty,MIN,MIN,,,,https://www.physik.uni-hamburg.de/iexp.html,https://www.physik.uni-hamburg.de/iexp.html,,,,,,0,0,0,0,0,0,0,,0,0,0,0,,,0,0,0,0,0,0,0,0,0,0,0,0,0,0,0,0,0,0,0,0,0,0,0,0,0,0,0,0,0,0,0,0,0,0,0,0,0,0,0,0,0,0,0,0,0,0,0,,0,0,0,0,0,0,,<to be set>,<to be translated>,,
community/uni-hamburg/min/physik,partial,/g/organization/formal-organization/department,02 intermediate level,02: prereview request,,,university,community/uni-hamburg,community/uni-hamburg/min,physik,Fachbereich Physik,Department of Physics,Physik,Physik,,,,,,,,,,,0,0,0,0,0,0,0,0,0,0,0,0,0,0,0,0,0,0,0,0,0,0,0,0,0,0,0,0,0,0,0,0,0,0,0,0,0,0,0,0,0,0,0,0,0,0,0,0,0,0,0,0,0,0,0,0,0,0,0,0,0,,0,0,0,0,0,0,,<to be set>,<to be translated>,,
community/uni-hamburg/min/physik/experimental-physik,partial,/g/organization/formal-organization/department,02 intermediate level,02: prereview request,,,university,community/uni-hamburg,community/uni-hamburg/min/physik,experimental-physik,Institut für Experimentalphysik,Institute of Experimental Physics,Physik,Physik,,,,,,,,,,,0,0,0,0,0,0,0,0,0,0,0,0,0,0,0,0,0,0,0,0,0,0,0,0,0,0,0,0,0,0,0,0,0,0,0,0,0,0,0,0,0,0,0,0,0,0,0,0,0,0,0,0,0,0,0,0,0,0,0,0,0,,0,0,0,0,0,0,,<to be set>,<to be translated>,,
community/uni-hamburg/min/physik/experimental-physik/ag-gruener,full,/g/organization/formal-organization/sub-department,03 working group cluster,02: prereview request,,grüner.florian,university,community/uni-hamburg,community/uni-hamburg/min/physik/experimental-physik,ag-gruener,Gruppe Grüner,Group Grüner,AG Grüner,AG Grüner,,,,,,,,,,,0,0,0,0,0,0,1,0,0,0,0,0,0,0,0,0,0,0,0,0,0,0,0,0,0,0,0,0,0,0,0,0,0,0,0,0,0,0,0,0,0,0,0,0,0,0,0,0,0,0,0,0,0,0,0,1,0,1,0,1,0,,1,0,0,0,0,0,,<to be set>,<to be translated>,,grüner.florian
community/uni-hamburg/min/physik/experimental-physik/ag-gruener/lux,full,/g/organization/working-group,05 working group,02: prereview request,,grüner.florian,university,community/uni-hamburg,community/uni-hamburg/min/physik/experimental-physik/ag-gruener,lux,Team: Neuartige Röntgenlichtquellen basierend auf Plasma-Wakefield-Beschleunigung,Team: Novel X-ray light sources based on plasma-wakefield acceleration,AG Grüner / LUX,AG Grüner / LUX,,,,,,,,,,,0,0,0,0,0,0,0,0,0,0,0,0,0,0,0,0,0,0,0,5,0,0,0,0,0,0,0,0,0,0,0,0,0,0,0,0,0,0,0,0,0,0,0,0,0,0,0,0,0,0,0,0,0,0,0,5,0,5,0,5,0,,0,5,0,0,0,0,,<to be set>,<to be translated>,,grüner.florian
community/uni-hamburg/min/physik/experimental-physik/ag-hillert,full,/g/organization/working-group,03 working group cluster,02: prereview request,,hillert.wolfgang,university,community/uni-hamburg,community/uni-hamburg/min/physik/experimental-physik,ag-hillert,Gruppe Hillert,Group Hillert,AG Hillert,AG Hillert,,,,,,,,,,,0,0,0,0,0,0,1,0,0,0,0,0,0,0,0,0,0,0,0,0,0,0,0,0,0,0,0,0,0,0,0,0,0,0,0,0,0,0,0,0,0,0,0,0,0,0,0,0,0,0,0,0,0,0,0,1,0,1,0,1,0,,1,0,0,0,0,0,,<to be set>,<to be translated>,,hillert.wolfgang
community/uni-hamburg/min/physik/experimental-physik/ag-hillert/seeding,full,/g/organization/working-group,05 working group,02: prereview request,,hillert.wolfgang,university,community/uni-hamburg,community/uni-hamburg/min/physik/experimental-physik/ag-hillert,seeding,Team: Fortgeschrittene Seeding-Techniken für XUV- und Angström-Strahlung,Team: Advanced Seeding Techniques for XUV and Angstrom Radiation,AST,AST,,,,,,,,,,,0,0,0,0,0,0,0,0,0,0,0,0,0,0,0,0,0,0,0,2,0,0,0,0,0,0,0,0,0,0,0,0,0,0,0,0,0,0,0,0,0,0,0,0,0,0,0,0,0,0,0,0,0,0,0,2,0,2,0,2,0,,0,2,0,0,0,0,,<to be set>,<to be translated>,,hillert.wolfgang
community/uni-hamburg/min/physik/experimental-physik/ag-hillert/srfc,full,/g/organization/working-group,05 working group,02: prereview request,,hillert.wolfgang,university,community/uni-hamburg,community/uni-hamburg/min/physik/experimental-physik/ag-hillert,srfc,Team: Supraleitende Hochfrequenz- Resonatoren,Team: Superconducting Radio-Frequency Cavities,SRFC,SRFC,,,,,,,,,,,0,0,0,0,0,0,0,0,0,0,0,0,0,0,0,0,0,0,0,0,0,0,0,0,0,0,0,0,0,0,0,0,0,0,0,0,0,0,0,0,0,0,0,0,0,0,0,0,0,0,0,0,0,0,0,0,0,0,0,0,0,,0,0,0,0,0,0,,<to be set>,<to be translated>,,hillert.wolfgang
community/uni-jena,partial,"/g/organization/university, /g/organization/formal-organization",01 formal-organisation,01: preparation,,,university,,community/,uni-jena,Friedrich-Schiller-Universität Jena,Friedrich Schiller University Jena,Uni Jena,Uni Jena,,,,https://www.uni-jena.de/en,https://www.uni-jena.de/en,DE,Jena,50.928780,11.589900,https://ror.org/05qpz1x62,0,0,0,0,0,0,0,,0,0,0,0,,,0,0,0,0,0,0,0,0,0,0,0,0,0,0,0,0,0,0,0,0,0,0,0,0,0,0,0,0,0,0,0,0,0,0,0,0,0,0,0,0,0,0,0,0,0,0,0,,0,0,0,0,0,0,uni-jena-ibc,Focuses on laser-driven accelerators; operates advanced laser plasma facilities.,<to be translated>,"kaluza.malte-c., stöhlker.thomas, zepf.matt",
community/uni-jena/physik/ioq/hochfeldphysik-und-laserbeschleuniger,full,/g/organization/working-group,03 working group cluster,01: preparation,,,university,community/uni-jena,community/uni-jena/physik,hochfeldphysik-und-laserbeschleuniger,Gruppe: Hochfeldphysik und Laserbeschleuniger,Group: High Field Physics and Laser Accelerators,,,,,Univ.-Prof. Dr. Matt Zepf,https://www.physik.uni-jena.de/338/hochfeldphysik-und-laserbeschleuniger,https://www.physik.uni-jena.de/en/338/hochfeldphysik-und-laserbeschleuniger,Deutschland,,,,,,,,1,,,1,,,,,,,,,,,,,,,,,,,,,,,,,,,,,,,2,,,,,,,,,,,,,,,,,1,3,0,4,0,4,0,,1,0,0,3,0,0,,<to be set>,<to be translated>,,
community/uni-kassel,partial,"/g/organization/university, /g/organization/formal-organization",01 formal-organisation,01: preparation,,,university,,community/,uni-kassel,Universität Kassel,University of Kassel,Uni Kassel,Uni Kassel,,,,http://www.uni-kassel.de/uni/,https://www.uni-kassel.de/uni/en/,DE,Kassel,51.316670,9.500000,https://ror.org/04zc7p361,0,0,0,0,0,0,0,,0,0,0,0,,,0,0,0,0,0,0,0,0,0,0,0,0,0,0,0,0,0,0,0,0,0,0,0,0,0,0,0,0,0,0,0,0,0,0,0,0,0,0,0,0,0,0,0,0,0,0,0,,0,0,0,0,0,0,,Engaged in accelerator-related physics; operates local electron and ion beam labs.,<to be translated>,,
community/uni-mainz,partial,"/g/organization/university, /g/organization/formal-organization",01 formal-organisation,01: preparation,,,university,,community/,uni-mainz,Johannes Gutenberg-Universität Mainz,Johannes Gutenberg University Mainz,Uni Mainz,Uni Mainz,,,,https://www.uni-mainz.de,https://www.uni-mainz.de/en/,DE,Mainz,49.984190,8.279100,https://ror.org/023b0x485,0,0,0,0,0,0,0,,0,0,0,0,,,0,0,0,0,0,0,0,0,0,0,0,0,0,0,0,0,0,0,0,0,0,0,0,0,0,0,0,0,0,0,0,0,0,0,0,0,0,0,0,0,0,0,0,0,0,0,0,":uni-mainz/beschleunigerphysik, :uni-mainz/medizin-_und_strahlenphysik, :uni-mainz/spezielle_probleme_der_beschleunigerphysik_",0,0,0,0,0,0,"mami, mesa","Pioneers accelerator concepts; operates MAMI, TRIGA reactor, MESA (under construction).",<to be translated>,barth.winfried,
community/uni-rostock,partial,"/g/organization/university, /g/organization/formal-organization",01 formal-organisation,01: preparation,,,university,,community/,uni-rostock,Universität Rostock,University of Rostock,Uni Rostock,Uni Rostock,,,,http://www.uni-rostock.de/en/,http://www.uni-rostock.de/en/,DE,Rostock,54.088700,12.140490,https://ror.org/03zdwsf69,0,0,0,0,0,0,0,,0,0,0,0,,,0,0,0,0,0,0,0,0,0,0,0,0,0,0,0,0,0,0,0,0,0,0,0,0,0,0,0,0,0,0,0,0,0,0,0,0,0,0,0,0,0,0,0,0,0,0,0,,0,0,0,0,0,0,,Researches ion and plasma accelerators; operates beam labs for interdisciplinary applications.,<to be translated>,van-rienen.ursula,
community/uni-siegen,partial,"/g/organization/university, /g/organization/formal-organization",01 formal-organisation,01: preparation,,,university,,community/,uni-siegen,Universität Siegen,University of Siegen,Uni Siegen,Uni Siegen,,,,https://www.uni-siegen.de/start/index.html.en?lang=en,https://www.uni-siegen.de/start/index.html.en?lang=en,DE,Siegen,50.874810,8.024310,https://ror.org/02azyry73,0,0,0,0,0,0,0,,0,0,0,0,,,0,0,0,0,0,0,0,0,0,0,0,0,0,0,0,0,0,0,0,0,0,0,0,0,0,0,0,0,0,0,0,0,0,0,0,0,0,0,0,0,0,0,0,0,0,0,0,":uni-siegen/beschleunigerphysik_i, :uni-siegen/beschleunigerphysik_ii, :uni-siegen/beschleunigerphysik_i_übungen",0,0,0,0,0,0,,Participates in applied accelerator research; hosts electron and ion beam facilities for study.,<to be translated>,,
community/uni-wuppertal,partial,"/g/organization/university, /g/organization/formal-organization",01 formal-organisation,01: preparation,,,university,,community/,uni-wuppertal,Bergische Universität Wuppertal,University of Wuppertal,Uni Wuppertal,Uni Wuppertal,,,,http://www.uni-wuppertal.de/en/home.html,http://www.uni-wuppertal.de/en/home.html,DE,Wuppertal,51.256270,7.148160,https://ror.org/00613ak93,0,0,0,0,0,0,0,,0,0,0,0,,,0,0,0,0,0,0,0,0,0,0,0,0,0,0,0,0,0,0,0,0,0,0,0,0,0,0,0,0,0,0,0,0,0,0,0,0,0,0,0,0,0,0,0,0,0,0,0,,0,0,0,0,0,0,,"Achieves accelerator R&D in particle, ion, and laser acceleration; operates teaching and research facilities.",<to be translated>,,
community/tu-darmstadt/physik,partial,/g/organization/formal-organization/department,02 intermediate level,02: prereview request,,arnold.michaela,university,community/tu-darmstadt,community/tu-darmstadt,institut-kernphysik,Fachbereich: Physik,Department of Physics,IKP,IKP,,,,https://www.ikp.tu-darmstadt.de/das_institut_kernphysik/index.de.jsp,https://www.ikp.tu-darmstadt.de/das_institut_kernphysik/index.en.jsp,,,,,,0,0,0,0,0,0,0,0,0,0,0,0,0,0,0,0,0,0,0,0,0,0,0,0,0,0,0,0,0,0,0,0,0,0,0,0,0,0,0,0,0,0,0,0,0,0,0,0,0,0,0,0,0,0,0,0,0,0,0,0,0,,0,0,0,0,0,0,,<to be set>,<to be translated>,,
community/tu-darmstadt/physik/institut-kernphysik,full,/g/organization/formal-organization/department,02 intermediate level,02: prereview request,,arnold.michaela,university,community/tu-darmstadt,community/tu-darmstadt/physik,institut-kernphysik,Institut für Kernphysik,Institute for Nuclear Physics ,IKP,IKP,,,,https://www.ikp.tu-darmstadt.de/das_institut_kernphysik/index.de.jsp,https://www.ikp.tu-darmstadt.de/das_institut_kernphysik/index.en.jsp,,,,,,0,0,0,0,0,0,0,0,0,0,0,0,0,0,0,0,0,0,0,0,0,0,0,0,0,0,0,0,0,0,0,0,0,0,0,0,0,0,0,0,0,0,0,0,0,0,0,0,0,0,0,0,0,0,0,0,0,0,0,0,0,,0,0,0,0,0,0,,<to be set>,<to be translated>,,
community/,full,/g/organization,00 Community,06: approved,,rathje.dirk,root,,,,Community,Community,Community,Community,,,,,,,,0.000000,0.000000,,-1,0,0,0,0,0,0,0,0,0,0,0,0,0,0,0,0,0,0,0,0,0,0,0,0,0,0,0,0,0,0,0,0,0,0,0,0,0,0,0,0,0,0,0,0,0,0,0,0,0,0,0,0,0,0,0,0,0,0,0,0,,0,0,0,0,0,0,,<to be set>,<to be translated>,,
community/cern/ats/,full,/g/organization/formal-organization/department,02 intermediate level,01: preparation,,,international,community/cern,community/cern,ats,Bereich: Beschleuniger und Technologien,Sector: Accelerators and Technologies ,ATS,ATS,,,Mike Lamont,,https://ats.web.cern.ch,,,,,,,,,,,,,,,,,,,,,,,,,,,,,,,,,,,,,,,,,,,,,,,,,,,,,,,,,,,,0,0,0,0,0,0,0,,0,0,0,0,0,0,,<to be set>,<to be translated>,,
community/cern/ats/be/abp/,full,/g/organization/working-group,,01: preparation,,,international,community/cern,community/cern/ats/be/,abp,Gruppe: Beschleuniger und Strahlenphysik,Group: Accelerators and Beam Physics,ATS-BE-ABP,ATS-BE-ABP,,,,,https://be-dep-abp.web.cern.ch/,,,,,,,,,,,,,,,,,,,,,,,,,,,,,,,,,,,,,,,,,,,,,,,,,,,,,,,,,,,,0,0,0,0,0,0,0,,0,0,0,0,0,0,,<to be set>,<to be translated>,,
community/cern/ats/be/,full,/g/organization/formal-organization/sub-department,,01: preparation,,,international,community/cern,community/cern/ats/,be,Abteilung: Teilchenstrahlen,Department: Beams,ATS-BE,ATS-BE,,,,,https://beams.web.cern.ch/,,,,,,,,,,,,,,,,,,,,,,,,,,,,,,,,,,,,,,,,,,,,,,,,,,,,,,,,,,,,0,0,0,0,0,0,0,,0,0,0,0,0,0,,<to be set>,<to be translated>,,
community/cern/ats/be/abp/cei,full,/g/organization/formal-organization/sub-department,,01: preparation,,,international,community/cern,community/cern/ats/be/abp/,cei,Sektion: Kohärente Effekte und Impedanz,Section: Coherent Effects and Impedance,ATS-BE-ABP-CEI,ATS-BE-ABP-CEI,,,,,,,,,,,,,,,,,,,,,,,,,,,,,,,,,,,,,,,,,,,,,,,,,,,,,,,,,,,,,,,,,0,0,0,0,0,0,0,,0,0,0,0,0,0,,<to be set>,<to be translated>,,
community/cern/ats/be/abp/hsl,full,/g/organization/formal-organization/sub-department,,01: preparation,,,international,community/cern,community/cern/ats/be/abp/,hsl,Sektion: Hadronenquellen und Linacs ,Section: Hadron Sources and Linacs ,ATS-BE-ABP-HSL,ATS-BE-ABP-HSL,,,,,,,,,,,,,,,,,,,,,,,,,,,,,,,,,,,,,,,,,,,,,,,,,,,,,,,,,,,,,,,,,0,0,0,0,0,0,0,,0,0,0,0,0,0,,<to be set>,<to be translated>,,
community/cern/ats/be/op/lhc,full,/g/organization/formal-organization/sub-department,,01: preparation,,,international,community/cern,community/cern/ats/be/op/,lhc,Sektion: LHC-Betrieb,Section: LHC Operation,ATS-BE-OP-LHC,ATS-BE-OP-LHC,,,,,,,,,,,,,,,,,,,,,,,,,,,,,,,,,,,,,,,,,,,,,,,,,,,,,,,,,,,,,,,,,0,0,0,0,0,0,0,,0,0,0,0,0,0,,<to be set>,<to be translated>,,
community/cern/ats/be/abp/inc,full,/g/organization/formal-organization/sub-department,,01: preparation,,,international,community/cern,community/cern/ats/be/abp/,inc,Abschnitt: Inkohärente Effekte,Section: Incoherent Effects,ATS-BE-ABP-INC,ATS-BE-ABP-INC,,,,,,,,,,,,,,,,,,,,,,,,,,,,,,,,,,,,,,,,,,,,,,,,,,,,,,,,,,,,,,,,,0,0,0,0,0,0,0,,0,0,0,0,0,0,,<to be set>,<to be translated>,,
community/cern/ats/be/op/ti,full,/g/organization/formal-organization/sub-department,,01: preparation,,,international,community/cern,community/cern/ats/be/op/,ti,Sektion: Betrieb der technischen Infrastruktur,Section: Technical Infrastructure Operation,ATS-BE-OP-TI,ATS-BE-OP-TI,,,,,,,,,,,,,,,,,,,,,,,,,,,,,,,,,,,,,,,,,,,,,,,,,,,,,,,,,,,,,,,,,0,0,0,0,0,0,0,,0,0,0,0,0,0,,<to be set>,<to be translated>,,
community/cern/ats/be/abp/laf,full,/g/organization/formal-organization/sub-department,,01: preparation,,,international,community/cern,community/cern/ats/be/abp/,laf,Sektion: Lepton-Beschleuniger und Einrichtungen,Section: Lepton Accelerators and Facilities,ATS-BE-ABP-LAF,ATS-BE-ABP-LAF,,,,,,,,,,,,,,,,,,,,,,,,,,,,,,,,,,,,,,,,,,,,,,,,,,,,,,,,,,,,,,,,,0,0,0,0,0,0,0,,0,0,0,0,0,0,,<to be set>,<to be translated>,,
community/cern/ats/en/,full,/g/organization/formal-organization/sub-department,,01: preparation,,,international,community/cern,community/cern/ats/be/op/,en,Abteilung: Technik,Department: Engineering,ATS-EN,ATS-EN,,,,,https://en.web.cern.ch/,,,,,,,,,,,,,,,,,,,,,,,,,,,,,,,,,,,,,,,,,,,,,,,,,,,,,,,,,,,,0,0,0,0,0,0,0,,0,0,0,0,0,0,,<to be set>,<to be translated>,,
community/cern/ats/be/abp/lno,full,/g/organization/formal-organization/sub-department,,01: preparation,,,international,community/cern,community/cern/ats/be/abp/,lno,Sektion: Lineare und nichtlineare Optik,Section: Linear and Non-Linear Optics,ATS-BE-ABP-LNO,ATS-BE-ABP-LNO,,,,,,,,,,,,,,,,,,,,,,,,,,,,,,,,,,,,,,,,,,,,,,,,,,,,,,,,,,,,,,,,,0,0,0,0,0,0,0,,0,0,0,0,0,0,,<to be set>,<to be translated>,,
community/cern/ats/be/asr/,full,/g/organization/working-group,,01: preparation,,,international,community/cern,community/cern/ats/be/,asr,Gruppe: Verwaltung,"Group: Administration, Safety and Resources",ATS-BE-ASR,ATS-BE-ASR,,,,,https://be-dep-asr.web.cern.ch/,,,,,,,,,,,,,,,,,,,,,,,,,,,,,,,,,,,,,,,,,,,,,,,,,,,,,,,,,,,,0,0,0,0,0,0,0,,0,0,0,0,0,0,,<to be set>,<to be translated>,,
community/cern/ats/be/css/fst,full,/g/organization/formal-organization/sub-department,,01: preparation,,,international,community/cern,community/cern/ats/be/css/,fst,Sektion: Front-End-Software & Zeitmessung,Section: Front-end Software & Timing,ATS-BE-CSS-FST,ATS-BE-CSS-FST,,,,,,,,,,,,,,,,,,,,,,,,,,,,,,,,,,,,,,,,,,,,,,,,,,,,,,,,,,,,,,,,,0,0,0,0,0,0,0,,0,0,0,0,0,0,,<to be set>,<to be translated>,,
community/cern/ats/be/abp/ndc,full,/g/organization/formal-organization/sub-department,,01: preparation,,,international,community/cern,community/cern/ats/be/abp/,ndc,Sektion: Nichtlineare Dynamik und Kollimation,Section: Non-Linear Dynamics and Collimation,ATS-BE-ABP-NDC,ATS-BE-ABP-NDC,,,,,,,,,,,,,,,,,,,,,,,,,,,,,,,,,,,,,,,,,,,,,,,,,,,,,,,,,,,,,,,,,0,0,0,0,0,0,0,,0,0,0,0,0,0,,<to be set>,<to be translated>,,
community/cern/ats/be/asr/rl,full,/g/organization/formal-organization/sub-department,,01: preparation,,,international,community/cern,community/cern/ats/be/asr/,rl,Sektion: Ressourcen und Logistik,Section: Resources & Logistics (RL),ATS-BE-ASR-RL,ATS-BE-ASR-RL,,,,,,,,,,,,,,,,,,,,,,,,,,,,,,,,,,,,,,,,,,,,,,,,,,,,,,,,,,,,,,,,,0,0,0,0,0,0,0,,0,0,0,0,0,0,,<to be set>,<to be translated>,,
community/cern/ats/be/css/gta,full,/g/organization/formal-organization/sub-department,,01: preparation,,,international,community/cern,community/cern/ats/be/css/,gta,Abschnitt: GUI-Technologien & Anwendungen,Section: GUI Technologies & Applications,ATS-BE-CSS-GTA,ATS-BE-CSS-GTA,,,,,,,,,,,,,,,,,,,,,,,,,,,,,,,,,,,,,,,,,,,,,,,,,,,,,,,,,,,,,,,,,0,0,0,0,0,0,0,,0,0,0,0,0,0,,<to be set>,<to be translated>,,
community/cern/ats/be/asr/su,full,/g/organization/formal-organization/sub-department,,01: preparation,,,international,community/cern,community/cern/ats/be/asr/,su,Sektion:  Sicherheit,Section: Safety Unit,ATS-BE-ASR-SU,ATS-BE-ASR-SU,,,,,,,,,,,,,,,,,,,,,,,,,,,,,,,,,,,,,,,,,,,,,,,,,,,,,,,,,,,,,,,,,0,0,0,0,0,0,0,,0,0,0,0,0,0,,<to be set>,<to be translated>,,
community/cern/ats/be/css/isa,full,/g/organization/formal-organization/sub-department,,01: preparation,,,international,community/cern,community/cern/ats/be/css/,isa,Sektion: Infrastruktur und Systemverwaltung,Section: Infrastructure & System Administration,ATS-BE-CSS-ISA,ATS-BE-CSS-ISA,,,,,,,,,,,,,,,,,,,,,,,,,,,,,,,,,,,,,,,,,,,,,,,,,,,,,,,,,,,,,,,,,0,0,0,0,0,0,0,,0,0,0,0,0,0,,<to be set>,<to be translated>,,
community/cern/ats/be/cem/,full,/g/organization/working-group,,01: preparation,,,international,community/cern,community/cern/ats/be/,cem,Gruppe: Steuerungselektronik und Mechatronik,Group: Controls Electronics and Mechatronics,ATS-BE-CEM,ATS-BE-CEM,,,,,https://be-dep-cem.web.cern.ch/,,,,,,,,,,,,,,,,,,,,,,,,,,,,,,,,,,,,,,,,,,,,,,,,,,,,,,,,,,,,0,0,0,0,0,0,0,,0,0,0,0,0,0,,<to be set>,<to be translated>,,
community/cern/ats/be/css/set,full,/g/organization/formal-organization/sub-department,,01: preparation,,,international,community/cern,community/cern/ats/be/css/,set,Sektion: Softwaretechnik-Technologien,Section: Software Engineering Technologies,ATS-BE-CSS-SET,ATS-BE-CSS-SET,,,,,,,,,,,,,,,,,,,,,,,,,,,,,,,,,,,,,,,,,,,,,,,,,,,,,,,,,,,,,,,,,0,0,0,0,0,0,0,,0,0,0,0,0,0,,<to be set>,<to be translated>,,
community/cern/ats/be/cem/edm,full,/g/organization/formal-organization/sub-department,,01: preparation,,,international,community/cern,community/cern/ats/be/cem/,edm,Sektion: Elektronikdesign und Low-Level-Software,Section: Electronics Design & Low level software,ATS-BE-CEM-EDM,ATS-BE-CEM-EDM,,,,,,,,,,,,,,,,,,,,,,,,,,,,,,,,,,,,,,,,,,,,,,,,,,,,,,,,,,,,,,,,,0,0,0,0,0,0,0,,0,0,0,0,0,0,,<to be set>,<to be translated>,,
community/cern/ats/be/css/dsb,full,/g/organization/formal-organization/sub-department,,01: preparation,,,international,community/cern,community/cern/ats/be/css/,dsb,Sektion: Datenwissenschaft für den Strahlbetrieb,Section: Data Science for Beam Operation,ATS-BE-CSS-DSB,ATS-BE-CSS-DSB,,,,,,,,,,,,,,,,,,,,,,,,,,,,,,,,,,,,,,,,,,,,,,,,,,,,,,,,,,,,,,,,,0,0,0,0,0,0,0,,0,0,0,0,0,0,,<to be set>,<to be translated>,,
community/cern/ats/be/ea,full,/g/organization/working-group,,01: preparation,,,international,community/cern,community/cern/ats/be/,ea,Gruppe: Experimentelle Bereiche,Group: Experimental Areas,ATS-BE-EA,ATS-BE-EA,,,,,https://be-dep-ea.web.cern.ch/,,,,,,,,,,,,,,,,,,,,,,,,,,,,,,,,,,,,,,,,,,,,,,,,,,,,,,,,,,,,0,0,0,0,0,0,0,,0,0,0,0,0,0,,<to be set>,<to be translated>,,
community/cern/ats/be/cem/epr,full,/g/organization/formal-organization/sub-department,,01: preparation,,,international,community/cern,community/cern/ats/be/cem/,epr,Sektion: Elektronikproduktion & Strahlungstoleranz,Section: Electronics Production & Radiation Tolerant,ATS-BE-CEM-EPR,ATS-BE-CEM-EPR,,,,,,,,,,,,,,,,,,,,,,,,,,,,,,,,,,,,,,,,,,,,,,,,,,,,,,,,,,,,,,,,,0,0,0,0,0,0,0,,0,0,0,0,0,0,,<to be set>,<to be translated>,,
community/cern/ats/be/gm/,full,/g/organization/working-group,,01: preparation,,,international,community/cern,community/cern/ats/be/,gm,Gruppe: Geodätische Metrologie,Group: Geodetic Metrology,ATS-BE-GM,ATS-BE-GM,,,,,https://be-dep-gm.web.cern.ch/,,,,,,,,,,,,,,,,,,,,,,,,,,,,,,,,,,,,,,,,,,,,,,,,,,,,,,,,,,,,0,0,0,0,0,0,0,,0,0,0,0,0,0,,<to be set>,<to be translated>,,
community/cern/ats/be/cem/in,full,/g/organization/formal-organization/sub-department,,01: preparation,,,international,community/cern,community/cern/ats/be/cem/,in,Sektion: Infrastruktur,Section: Infrastructure,ATS-BE-CEM-IN,ATS-BE-CEM-IN,,,,,,,,,,,,,,,,,,,,,,,,,,,,,,,,,,,,,,,,,,,,,,,,,,,,,,,,,,,,,,,,,0,0,0,0,0,0,0,,0,0,0,0,0,0,,<to be set>,<to be translated>,,
community/cern/ats/be/gm/asg,full,/g/organization/formal-organization/sub-department,,01: preparation,,,international,community/cern,community/cern/ats/be/gm/,asg,Sektion: Beschleunigungsvermessung und geodätische Messungen,Section: Accelerator Surveying and Geodetic measurements,ATS-BE-GM-ASG,ATS-BE-GM-ASG,,,,,,,,,,,,,,,,,,,,,,,,,,,,,,,,,,,,,,,,,,,,,,,,,,,,,,,,,,,,,,,,,0,0,0,0,0,0,0,,0,0,0,0,0,0,,<to be set>,<to be translated>,,
community/cern/ats/be/cem/mro,full,/g/organization/formal-organization/sub-department,,01: preparation,,,international,community/cern,community/cern/ats/be/cem/,mro,Sektion: Mechatronik,"Section: Mechatronics, Robotics & Operation",ATS-BE-CEM-MRO,ATS-BE-CEM-MRO,,,,,,,,,,,,,,,,,,,,,,,,,,,,,,,,,,,,,,,,,,,,,,,,,,,,,,,,,,,,,,,,,0,0,0,0,0,0,0,,0,0,0,0,0,0,,<to be set>,<to be translated>,,
community/cern/ats/be/gm/apc,full,/g/organization/formal-organization/sub-department,,01: preparation,,,international,community/cern,community/cern/ats/be/gm/,apc,Sektion: Software für Erfassung,"Section: Acquisition, Processing and data Control Software",ATS-BE-GM-APC,ATS-BE-GM-APC,,,,,,,,,,,,,,,,,,,,,,,,,,,,,,,,,,,,,,,,,,,,,,,,,,,,,,,,,,,,,,,,,0,0,0,0,0,0,0,,0,0,0,0,0,0,,<to be set>,<to be translated>,,
community/cern/ats/be/cem/mta,full,/g/organization/formal-organization/sub-department,,01: preparation,,,international,community/cern,community/cern/ats/be/cem/,mta,Sektion: Messung,"Section: Measurement, Test & Analysis",ATS-BE-CEM-MTA,ATS-BE-CEM-MTA,,,,,,,,,,,,,,,,,,,,,,,,,,,,,,,,,,,,,,,,,,,,,,,,,,,,,,,,,,,,,,,,,0,0,0,0,0,0,0,,0,0,0,0,0,0,,<to be set>,<to be translated>,,
community/cern/ats/be/gm/esa,full,/g/organization/formal-organization/sub-department,,01: preparation,,,international,community/cern,community/cern/ats/be/gm/,esa,Sektion: Experiment-Vermessung und -Ausrichtung ,Section: Experiment Surveying and Alignment ,ATS-BE-GM-ESA,ATS-BE-GM-ESA,,,,,,,,,,,,,,,,,,,,,,,,,,,,,,,,,,,,,,,,,,,,,,,,,,,,,,,,,,,,,,,,,0,0,0,0,0,0,0,,0,0,0,0,0,0,,<to be set>,<to be translated>,,
community/cern/ats/be/css/,full,/g/organization/working-group,,01: preparation,,,international,community/cern,community/cern/ats/be/,css,Gruppe: Steuerungssoftware & Dienstleistungen,Group: Controls Software & Services,ATS-BE-CSS,ATS-BE-CSS,,,,,,,,,,,,,,,,,,,,,,,,,,,,,,,,,,,,,,,,,,,,,,,,,,,,,,,,,,,,,,,,,0,0,0,0,0,0,0,,0,0,0,0,0,0,,<to be set>,<to be translated>,,
community/cern/ats/be/gm/hpa,full,/g/organization/formal-organization/sub-department,,01: preparation,,,international,community/cern,community/cern/ats/be/gm/,hpa,Sektion: Hochpräzise Ausrichttechnologien,Section: High Precision Alignment technologies,ATS-BE-GM-HPA,ATS-BE-GM-HPA,,,,,,,,,,,,,,,,,,,,,,,,,,,,,,,,,,,,,,,,,,,,,,,,,,,,,,,,,,,,,,,,,0,0,0,0,0,0,0,,0,0,0,0,0,0,,<to be set>,<to be translated>,,
community/cern/ats/be/css/cpa,full,/g/organization/formal-organization/sub-department,,01: preparation,,,international,community/cern,community/cern/ats/be/css/,cpa,Bereich: Kommunikation,"Section: Communication, Processing & Archival",ATS-BE-CSS-CPA,ATS-BE-CSS-CPA,,,,,https://be-dep-css.web.cern.ch/,,,,,,,,,,,,,,,,,,,,,,,,,,,,,,,,,,,,,,,,,,,,,,,,,,,,,,,,,,,,0,0,0,0,0,0,0,,0,0,0,0,0,0,,<to be set>,<to be translated>,,
community/cern/ats/be/ics/,full,/g/organization/working-group,,01: preparation,,,international,community/cern,community/cern/ats/be/,ics,Gruppe: Industrielle Kontrollsysteme,Group: Industrial Control Systems,ATS-BE-ICS,ATS-BE-ICS,,,,,https://be-dep-ics.web.cern.ch/,,,,,,,,,,,,,,,,,,,,,,,,,,,,,,,,,,,,,,,,,,,,,,,,,,,,,,,,,,,,0,0,0,0,0,0,0,,0,0,0,0,0,0,,<to be set>,<to be translated>,,
community/cern/ats/be/css/csa,full,/g/organization/formal-organization/sub-department,,01: preparation,,,international,community/cern,community/cern/ats/be/css/,csa,Bereich: Konfiguration,"Section: Configuration, Settings & Automation",ATS-BE-CSS-CSA,ATS-BE-CSS-CSA,,,,,,,,,,,,,,,,,,,,,,,,,,,,,,,,,,,,,,,,,,,,,,,,,,,,,,,,,,,,,,,,,0,0,0,0,0,0,0,,0,0,0,0,0,0,,<to be set>,<to be translated>,,
community/cern/ats/be/ics/ecs,full,/g/organization/formal-organization/sub-department,,01: preparation,,,international,community/cern,community/cern/ats/be/ics/,ecs,Sektion: Engineering von Steuerungssystemen,Section: Engineering of Control Systems,ATS-BE-ICS-ECS,ATS-BE-ICS-ECS,,,,,,,,,,,,,,,,,,,,,,,,,,,,,,,,,,,,,,,,,,,,,,,,,,,,,,,,,,,,,,,,,0,0,0,0,0,0,0,,0,0,0,0,0,0,,<to be set>,<to be translated>,,
community/cern/ats/be/ics/stf,full,/g/organization/formal-organization/sub-department,,01: preparation,,,international,community/cern,community/cern/ats/be/ics/,stf,Sektion: SCADA-Technologien und -Rahmenwerke,Section: SCADA Technologies and Frameworks,ATS-BE-ICS-STF,ATS-BE-ICS-STF,,,,,,,,,,,,,,,,,,,,,,,,,,,,,,,,,,,,,,,,,,,,,,,,,,,,,,,,,,,,,,,,,0,0,0,0,0,0,0,,0,0,0,0,0,0,,<to be set>,<to be translated>,,
community/cern/ats/be/ics/acs,full,/g/organization/formal-organization/sub-department,,01: preparation,,,international,community/cern,community/cern/ats/be/ics/,acs,Sektion: Automatische Steuerung und Sicherheit,Section: Automatic Control and Safety,ATS-BE-ICS-ACS,ATS-BE-ICS-ACS,,,,,,,,,,,,,,,,,,,,,,,,,,,,,,,,,,,,,,,,,,,,,,,,,,,,,,,,,,,,,,,,,0,0,0,0,0,0,0,,0,0,0,0,0,0,,<to be set>,<to be translated>,,
community/cern/ats/be/ics/sas,full,/g/organization/formal-organization/sub-department,,01: preparation,,,international,community/cern,community/cern/ats/be/ics/,sas,Sektion: SCADA-Anwendungen und Servicemanagement,Section: SCADA Applications and Service management,ATS-BE-ICS-SAS,ATS-BE-ICS-SAS,,,,,,,,,,,,,,,,,,,,,,,,,,,,,,,,,,,,,,,,,,,,,,,,,,,,,,,,,,,,,,,,,0,0,0,0,0,0,0,,0,0,0,0,0,0,,<to be set>,<to be translated>,,
community/cern/ats/be/ics/tma,full,/g/organization/formal-organization/sub-department,,01: preparation,,,international,community/cern,community/cern/ats/be/ics/,tma,Abschnitt: Werkzeuge und Middleware für die Automatisierung,Section: Tools and Middleware for Automation,ATS-BE-ICS-TMA,ATS-BE-ICS-TMA,,,,,,,,,,,,,,,,,,,,,,,,,,,,,,,,,,,,,,,,,,,,,,,,,,,,,,,,,,,,,,,,,0,0,0,0,0,0,0,,0,0,0,0,0,0,,<to be set>,<to be translated>,,
community/cern/ats/be/op/,full,/g/organization/working-group,,01: preparation,,,international,community/cern,community/cern/ats/be/,op,Gruppe: Operationen,Group: Ooperations,ATS-BE-OP,ATS-BE-OP,,,,,https://be-dep-op.web.cern.ch/,,,,,,,,,,,,,,,,,,,,,,,,,,,,,,,,,,,,,,,,,,,,,,,,,,,,,,,,,,,,0,0,0,0,0,0,0,,0,0,0,0,0,0,,<to be set>,<to be translated>,,
community/cern/ats/be/op/psb,full,/g/organization/formal-organization/sub-department,,01: preparation,,,international,community/cern,community/cern/ats/be/op/,psb,Abschnitt: LINAC4 & PSB Betrieb,Section: LINAC4 & PSB Operation,ATS-BE-OP-PSB,ATS-BE-OP-PSB,,,,,,,,,,,,,,,,,,,,,,,,,,,,,,,,,,,,,,,,,,,,,,,,,,,,,,,,,,,,,,,,,0,0,0,0,0,0,0,,0,0,0,0,0,0,,<to be set>,<to be translated>,,
community/cern/ats/be/op/ps,full,/g/organization/formal-organization/sub-department,,01: preparation,,,international,community/cern,community/cern/ats/be/op/,ps,Abschnitt: PS Betrieb & AD/ELENA Backup Betrieb,Section: PS Operation & AD/ELENA Backup Operation,ATS-BE-OP-PS,ATS-BE-OP-PS,,,,,,,,,,,,,,,,,,,,,,,,,,,,,,,,,,,,,,,,,,,,,,,,,,,,,,,,,,,,,,,,,0,0,0,0,0,0,0,,0,0,0,0,0,0,,<to be set>,<to be translated>,,
community/cern/ats/be/op/ad,full,/g/organization/formal-organization/sub-department,,01: preparation,,,international,community/cern,community/cern/ats/be/op/,ad,Sektion: AD & ELENA Betrieb,Section: AD & ELENA Operation,ATS-BE-OP-AD,ATS-BE-OP-AD,,,,,,,,,,,,,,,,,,,,,,,,,,,,,,,,,,,,,,,,,,,,,,,,,,,,,,,,,,,,,,,,,0,0,0,0,0,0,0,,0,0,0,0,0,0,,<to be set>,<to be translated>,,
community/cern/ats/be/op/sps,full,/g/organization/formal-organization/sub-department,,01: preparation,,,international,community/cern,community/cern/ats/be/op/,sps,Sektion: SPS- & LEIR-Betrieb,Section: SPS & LEIR Operation,ATS-BE-OP-SPS,ATS-BE-OP-SPS,,,,,,,,,,,,,,,,,,,,,,,,,,,,,,,,,,,,,,,,,,,,,,,,,,,,,,,,,,,,,,,,,0,0,0,0,0,0,0,,0,0,0,0,0,0,,<to be set>,<to be translated>,,
community/cern/ats/be/op/iso,full,/g/organization/formal-organization/sub-department,,01: preparation,,,international,community/cern,community/cern/ats/be/op/,iso,Abschnitt: ISOLDE Betrieb,Section: ISOLDE Operation,ATS-BE-OP-ISO,ATS-BE-OP-ISO,,,,,,,,,,,,,,,,,,,,,,,,,,,,,,,,,,,,,,,,,,,,,,,,,,,,,,,,,,,,,,,,,0,0,0,0,0,0,0,,0,0,0,0,0,0,,<to be set>,<to be translated>,,
community/cern/ats/en/aa,full,/g/organization/working-group,,01: preparation,,,international,community/cern,community/cern/ats/en/,aa,Gruppe: Zugang & Alarm,Group: Access & Alarm,ATS-EN-AA,ATS-EN-AA,,,,,,,,,,,,,,,,,,,,,,,,,,,,,,,,,,,,,,,,,,,,,,,,,,,,,,,,,,,,,,,,,0,0,0,0,0,0,0,,0,0,0,0,0,0,,<to be set>,<to be translated>,,
community/cern/ats/en/ace,full,/g/organization/working-group,,01: preparation,,,international,community/cern,community/cern/ats/en/,ace,Gruppe: Beschleunigerkoordination und Technik,Group: Accelerator Coordination and Engineering,ATS-EN-ACE,ATS-EN-ACE,,,,,,,,,,,,,,,,,,,,,,,,,,,,,,,,,,,,,,,,,,,,,,,,,,,,,,,,,,,,,,,,,0,0,0,0,0,0,0,,0,0,0,0,0,0,,<to be set>,<to be translated>,,
community/cern/ats/en/cv,full,/g/organization/working-group,,01: preparation,,,international,community/cern,community/cern/ats/en/,cv,Gruppe: Kühlung und Belüftung,Group: Cooling and Ventilation,ATS-EN-CV,ATS-EN-CV,,,,,,,,,,,,,,,,,,,,,,,,,,,,,,,,,,,,,,,,,,,,,,,,,,,,,,,,,,,,,,,,,0,0,0,0,0,0,0,,0,0,0,0,0,0,,<to be set>,<to be translated>,,
community/cern/ats/en/el,full,/g/organization/working-group,,01: preparation,,,international,community/cern,community/cern/ats/en/,el,Gruppe: Elektrotechnik,Group: Electrical Engineering,ATS-EN-EL,ATS-EN-EL,,,,,,,,,,,,,,,,,,,,,,,,,,,,,,,,,,,,,,,,,,,,,,,,,,,,,,,,,,,,,,,,,0,0,0,0,0,0,0,,0,0,0,0,0,0,,<to be set>,<to be translated>,,
community/cern/ats/en/he,full,/g/organization/working-group,,01: preparation,,,international,community/cern,community/cern/ats/en/,he,Gruppe: Handhabungstechnik,Group: Handling Engineering,ATS-EN-HE,ATS-EN-HE,,,,,,,,,,,,,,,,,,,,,,,,,,,,,,,,,,,,,,,,,,,,,,,,,,,,,,,,,,,,,,,,,0,0,0,0,0,0,0,,0,0,0,0,0,0,,<to be set>,<to be translated>,,
community/cern/ats/en/im,full,/g/organization/working-group,,01: preparation,,,international,community/cern,community/cern/ats/en/,im,Gruppe: Informationsmanagement,Group: Information Management,ATS-EN-IM,ATS-EN-IM,,,,,,,,,,,,,,,,,,,,,,,,,,,,,,,,,,,,,,,,,,,,,,,,,,,,,,,,,,,,,,,,,0,0,0,0,0,0,0,,0,0,0,0,0,0,,<to be set>,<to be translated>,,
community/cern/ats/en/mme,full,/g/organization/working-group,,01: preparation,,,international,community/cern,community/cern/ats/en/,mme,Gruppe: Maschinenbau und Werkstofftechnik,Group: Mechanical and Materials Engineering,ATS-EN-MME,ATS-EN-MME,,,,,,,,,,,,,,,,,,,,,,,,,,,,,,,,,,,,,,,,,,,,,,,,,,,,,,,,,,,,,,,,,0,0,0,0,0,0,0,,0,0,0,0,0,0,,<to be set>,<to be translated>,,
community/cern/ats/en/pas,full,/g/organization/working-group,,01: preparation,,,international,community/cern,community/cern/ats/en/,pas,Gruppe: Planung,Group: Planning Administration & Safety,ATS-EN-PAS,ATS-EN-PAS,,,,,,,,,,,,,,,,,,,,,,,,,,,,,,,,,,,,,,,,,,,,,,,,,,,,,,,,,,,,,,,,,0,0,0,0,0,0,0,,0,0,0,0,0,0,,<to be set>,<to be translated>,,
community/cern/ats/as/,full,/g/organization/formal-organization/sub-department,,01: preparation,,,international,community/cern,community/cern/ats/,as,Abteilung: Beschleunigersysteme,Department: Accelerator Systems,ATS-AS,ATS-AS,,,,,,,,,,,,,,,,,,,,,,,,,,,,,,,,,,,,,,,,,,,,,,,,,,,,,,,,,,,,,,,,,0,0,0,0,0,0,0,,0,0,0,0,0,0,,<to be set>,<to be translated>,,
community/cern/ats/as/bt,full,/g/organization/working-group,,01: preparation,,,international,community/cern,community/cern/ats/as/,bt,Gruppe: Strahlübertragung,Group: Beam Transfer,ATS-AS-BT,ATS-AS-BT,,,,,,,,,,,,,,,,,,,,,,,,,,,,,,,,,,,,,,,,,,,,,,,,,,,,,,,,,,,,,,,,,0,0,0,0,0,0,0,,0,0,0,0,0,0,,<to be set>,<to be translated>,,
community/cern/ats/as/bi,full,/g/organization/working-group,,01: preparation,,,international,community/cern,community/cern/ats/as/,bi,Gruppe: Strahlinstrumentierung,Group: Beam Instrumentation,ATS-AS-BI,ATS-AS-BI,,,,,,,,,,,,,,,,,,,,,,,,,,,,,,,,,,,,,,,,,,,,,,,,,,,,,,,,,,,,,,,,,0,0,0,0,0,0,0,,0,0,0,0,0,0,,<to be set>,<to be translated>,,
community/cern/ats/as/pc,full,/g/organization/working-group,,01: preparation,,,international,community/cern,community/cern/ats/as/,pc,Gruppe: Leistungsumwandler,Group: Power Converters,ATS-AS-PC,ATS-AS-PC,,,,,,,,,,,,,,,,,,,,,,,,,,,,,,,,,,,,,,,,,,,,,,,,,,,,,,,,,,,,,,,,,0,0,0,0,0,0,0,,0,0,0,0,0,0,,<to be set>,<to be translated>,,
community/cern/ats/as/rf,full,/g/organization/working-group,,01: preparation,,,international,community/cern,community/cern/ats/as/,rf,Gruppe: Hochfrequenz,Group: Radio Frequency,ATS-AS-RF,ATS-AS-RF,,,,,,,,,,,,,,,,,,,,,,,,,,,,,,,,,,,,,,,,,,,,,,,,,,,,,,,,,,,,,,,,,0,0,0,0,0,0,0,,0,0,0,0,0,0,,<to be set>,<to be translated>,,
community/cern/ats/as/sti,full,/g/organization/working-group,,01: preparation,,,international,community/cern,community/cern/ats/as/,sti,"Gruppe: Quellen, Targets und Wechselwirkungen","Group: Sources, Targets & Interactions",ATS-AS-STI,ATS-AS-STI,,,,,,,,,,,,,,,,,,,,,,,,,,,,,,,,,,,,,,,,,,,,,,,,,,,,,,,,,,,,,,,,,0,0,0,0,0,0,0,,0,0,0,0,0,0,,<to be set>,<to be translated>,,
community/cern/ats/ty/,full,/g/organization/formal-organization/sub-department,,01: preparation,,,international,community/cern,community/cern/ats/,ty,Abteilung: Technologie,Department: Technology,ATS-TY,ATS-TY,,,,,,,,,,,,,,,,,,,,,,,,,,,,,,,,,,,,,,,,,,,,,,,,,,,,,,,,,,,,,,,,,0,0,0,0,0,0,0,,0,0,0,0,0,0,,<to be set>,<to be translated>,,
community/cern/ats/ty/cr,full,/g/organization/working-group,,01: preparation,,,international,community/cern,community/cern/ats/ty/,cr,Gruppe: Kryogenik,Group: Cryogenics,ATS-TY-CR,ATS-TY-CR,,,,,,,,,,,,,,,,,,,,,,,,,,,,,,,,,,,,,,,,,,,,,,,,,,,,,,,,,,,,,,,,,0,0,0,0,0,0,0,,0,0,0,0,0,0,,<to be set>,<to be translated>,,
community/cern/ats/ty/mpei,full,/g/organization/working-group,,01: preparation,,,international,community/cern,community/cern/ats/ty/,mpei,Gruppe: Maschinenschutz & Elektrische Integrität,Group: Machine Protection & Electrical Integrity,ATS-TY-MPEI,ATS-TY-MPEI,,,,,,,,,,,,,,,,,,,,,,,,,,,,,,,,,,,,,,,,,,,,,,,,,,,,,,,,,,,,,,,,,0,0,0,0,0,0,0,,0,0,0,0,0,0,,<to be set>,<to be translated>,,
community/cern/ats/ty/msc,full,/g/organization/working-group,,01: preparation,,,international,community/cern,community/cern/ats/ty/,msc,"Gruppe: Magnete, Supraleiter & Kryostate","Group:Magnets, Superconductors & Cryostats",ATS-TY-MSC,ATS-TY-MSC,,,,,,,,,,,,,,,,,,,,,,,,,,,,,,,,,,,,,,,,,,,,,,,,,,,,,,,,,,,,,,,,,0,0,0,0,0,0,0,,0,0,0,0,0,0,,<to be set>,<to be translated>,,
community/cern/ats/ty/vsc,full,/g/organization/working-group,,01: preparation,,,international,community/cern,community/cern/ats/ty/,vsc,"Gruppe: Vakuum, Oberflächen & Beschichtungen","Group: Vacuum, Surfaces & Coating",ATS-TY-VSC,ATS-TY-VSC,,,,,,,,,,,,,,,,,,,,,,,,,,,,,,,,,,,,,,,,,,,,,,,,,,,,,,,,,,,,,,,,,0,0,0,0,0,0,0,,0,0,0,0,0,0,,<to be set>,<to be translated>,,
community/uni-jena/physik,partial,/g/organization/formal-organization/department,,01: preparation,,,university,community/uni-jena,community/uni-jena,,Physikalisch-Astronomische Fakultät,Faculty of Physics and Astronomy,,,,,,,,,,0.000000,0.000000,,0,0,0,0,0,0,0,0,0,0,0,0,0,0,0,0,0,0,0,0,0,0,0,0,0,0,0,0,0,0,0,0,0,0,0,0,0,0,0,0,0,0,0,0,0,0,0,0,0,0,0,0,0,0,0,0,0,0,0,0,0,,0,0,0,0,0,0,,<to be set>,<to be translated>,,
community/uni-jena/physik/ioq/relativistische-laserphysik,partial,/g/organization/working-group,03 working group cluster,01: preparation,,,university,community/uni-jena,community/uni-jena,relativistische-laserphysik,Gruppe: Relativistische Laserphysik,Group: Relativistic laser physics,,,,,Prof. Dr. Malte C. Kaluza,https://www.physik.uni-jena.de/334/relativistische-laserphysik,,Deutschland,,,,,,,,,,,1,,,,,,,,,,,,,,,,,,,,,,,,,,,,,,,5,,,,,,,,,,,,,,,,,0,6,0,6,0,6,0,,1,0,0,5,0,0,,<to be set>,<to be translated>,,
community/uni-jena/physik/ioq,partial,/g/organization/formal-organization/sub-department,,01: preparation,,,university,community/uni-jena,community/uni-jena/physik,,Institut für Optik und Quantenelektronik,Institute of Optics and Quantum Electronics,IOQ,IOQ,,,,https://www.physik.uni-jena.de/60/institut-fuer-optik-und-quantenelektronik,https://www.physik.uni-jena.de/en/60/institute-for-optics-and-quantum-electronics,,,0.000000,0.000000,,0,0,0,0,0,0,0,0,0,0,0,0,0,0,0,0,0,0,0,0,0,0,0,0,0,0,0,0,0,0,0,0,0,0,0,0,0,0,0,0,0,0,0,0,0,0,0,0,0,0,0,0,0,0,0,0,0,0,0,0,0,,0,0,0,0,0,0,,<to be set>,<to be translated>,,paulus.gerhard
community/uni-jena/physik/ioq/atomphysik,partial,/g/organization/working-group,03 working group cluster,01: preparation,u.a. Projekt: https://www.physik.uni-jena.de/5760/kryogene-stromkomparatoren,,university,community/uni-jena,community/uni-jena,relativistische-laserphysik,Gruppe: Atomphysik hochgeladener Teilchen,Group: Atomic Physics with highly charged Ions and X-Rays,,,,,Univ.-Prof. Dr. Thomas Stöhlker,https://www.physik.uni-jena.de/340/atomphysik-hochgeladener-teilchen,https://www.physik.uni-jena.de/en/340/atomic-physics-with-highly-charged-ions-and-x-rays,Deutschland,,,,,,,,,,,,,,,,,,,,,,,,,,,,,,,,,,,,,,,,,,,,,,,,,,,,,,,,,,,0,0,0,0,0,0,0,,0,0,0,0,0,0,,<to be set>,<to be translated>,,
