"Key","Item Type","Publication Year","Author","Title","Publication Title","ISBN","ISSN","DOI","Url","Abstract Note","Date","Date Added","Date Modified","Access Date","Pages","Num Pages","Issue","Volume","Number Of Volumes","Journal Abbreviation","Short Title","Series","Series Number","Series Text","Series Title","Publisher","Place","Language","Rights","Type","Archive","Archive Location","Library Catalog","Call Number","Extra","Notes","File Attachments","Link Attachments","Manual Tags","Automatic Tags","Editor","Series Editor","Translator","Contributor","Attorney Agent","Book Author","Cast Member","Commenter","Composer","Cosponsor","Counsel","Interviewer","Producer","Recipient","Reviewed Author","Scriptwriter","Words By","Guest","Number","Edition","Running Time","Scale","Medium","Artwork Size","Filing Date","Application Number","Assignee","Issuing Authority","Country","Meeting Name","Conference Name","Court","References","Reporter","Legal Status","Priority Numbers","Programming Language","Version","System","Code","Code Number","Section","Session","Committee","History","Legislative Body"
"LMQYUSLY","thesis","2010","Welsch, Dominic Markus","Investigation and optimization of transverse non-linear beam dynamics in the high-energy storage ring HESR","","","","","https://doi.org/20.500.11811/4554","The High-Energy Storage Ring (HESR) is part of the upcoming Facility for Antiproton and Ion Research (FAIR) which is planned as a major extension to the present facility of the Helmholtzzentrum für Schwerionenforschung (GSI) in Darmstadt. The HESR will provide antiprotons in the momentum range from 1.5 to 15 GeV/c for the internal target experiment PANDA. The demanding requirements of PANDA in terms of beam quality and luminosity together with a limited production rate of antiprotons call for a long beam life time and a minimum of beam loss. Therefore, an effective closed orbit correction and a sufficiently large dynamic aperture of the HESR are crucial. With this thesis I present my work on both of these topics. The expected misalignments of beam guiding magnets have been estimated and used to simulate the closed orbit in the HESR. A closed orbit correction scheme has been developed for different ion optical settings of the HESR and numerical simulations have been performed to validate the scheme. The proposed closed orbit correction method which uses the orbit response matrix has been benchmarked at the Cooler Synchrotron COSY of the Forschungszentrum Jülich. A chromaticity correction scheme for the HESR consisting of sextupole magnets has been developed to reduce tune spread and thus to minimize the emittance growth caused by betatron resonances. The chromaticity correction scheme has been optimized through dynamic aperture calculations. The estimated field errors of the HESR dipole and quadrupole magnets have been included in the non-linear beam dynamics studies. Investigations concerning their optimization have been carried out. The ion optical settings of the HESR have been improved using dynamic aperture calculations and the technique of frequency map analysis. The related diffusion coefficient was also used to predict long-term stability based on short-term particle tracking. With a reasonable reduction of the quadrupole magnets field errors and a different choice of tunes, the dynamic aperture was improved by roughly a factor two. The inner area of the dynamic aperture where the particle motion is stable on a long-term scale was increased to include more than 3 sigma beam size and the specified maximum closed orbit deviations.","2010","2025-06-13 13:27:26","2025-09-03 03:56:03","","","92","","","","","","","","","","Universität Bonn","","en","","Doctoral thesis (Dr. rer. nat.)","","","","","fulltext-url: https://bonndoc.ulb.uni-bonn.de/xmlui/bitstream/handle/20.500.11811/4554/2082.pdf?sequence=1&isAllowed=y Citation Key: welsch__2010__investigation","","","","#author/gender/:male; #degree/granted-by/:uni-bonn; #degree/title/:dr.rer.nat.; #has-affiliation/:fair","","","","","","","","","","","","","","","","","","","","","","","","","","","","","","","","","","","","","","","","","","","","","","",""
"CB8DJCMN","thesis","2018","Zheng, Dawei","Efficient algorithms for the fast computation of space charge effects caused by charged particles in particle accelerators","","","","","https://doi.org/10.18453/rosdok_id00002019","","2018","2025-06-13 13:27:27","2025-06-13 13:27:27","","","","","","","","","","","","","Universität Rostock","","en","","Doctoral thesis (Dr.-Ing.)","","","","","fulltext-url: https://rosdok.uni-rostock.de/file/rosdok_disshab_0000001841/rosdok_derivate_0000038447/Dissertation_Zheng_2018.pdf Citation Key: zheng__2018__efficient","","","","#author/gender/:male; #degree/granted-by/:uni-rostock; #degree/title/:dr.-ing.","","","","","","","","","","","","","","","","","","","","","","","","","","","","","","","","","","","","","","","","","","","","","","",""
"D22L9LFB","thesis","2012","Rudolph, Jenniffa","Instruments and techniques for analysing the time-resolved transverse phase space distribution of high-brightness electron beams","","","","","https://doi.org/10.18453/rosdok_id00001106","","2012","2025-06-13 13:27:27","2025-06-13 13:27:27","","","","","","","","","","","","","Universität Rostock","","en","","Doctoral thesis (Dr.-Ing.)","","","","","fulltext-url: https://rosdok.uni-rostock.de/file/rosdok_disshab_0000000927/rosdok_derivate_0000004994/Dissertation_Rudolph_2013.pdf Citation Key: rudolph__2012__instruments","","","","#degree/granted-by/:uni-rostock; #degree/title/:dr.-ing.; #author/gender/:female","","","","","","","","","","","","","","","","","","","","","","","","","","","","","","","","","","","","","","","","","","","","","","",""
"RQNKJPTQ","thesis","2018","Reimann, Franziska","Dielectrically lined rectangular waveguides as wakefield based dechirper structures","","","","","https://doi.org/10.18453/rosdok_id00002394","","2018","2025-06-13 13:27:27","2025-06-13 13:27:27","","","","","","","","","","","","","Universität Rostock","","en","","Doctoral thesis (Dr.-Ing.)","","","","","fulltext-url: https://doi.org/10.18453/rosdok_id00002394 DOI: 10.18453/rosdok_id00002394 Citation Key: reimann__2018__dielectrically","","","","#degree/granted-by/:uni-rostock; #degree/title/:dr.-ing.; #author/gender/:female","","","","","","","","","","","","","","","","","","","","","","","","","","","","","","","","","","","","","","","","","","","","","","",""
"BCC9JNED","thesis","2014","Markovik, Aleksandar","Simulation of the interaction of positively charged beams and electron clouds","","","","","https://doi.org/10.18453/rosdok_id00001279","The incoherent effect on the bunch due to the interaction with electron clouds (e-clouds) leads to a blow up of the beam size in storage rings with positively charged beams. The simulations of the interaction bunch - e-cloud, with the Particle-In-Cell Program MOEVE PIC Tracking (developed during this work), gave a detailed insight of the behavior of both particle species. The agreement of the measurements with the results of the bunch tracking with a pre-computed wake matrix for a given e-cloud density are encouraging the use of the new procedure for a fast estimation of e-cloud effects.","2014","2025-06-13 13:27:27","2025-06-13 13:27:27","","","","","","","","","","","","","Universität Rostock","","en","","Doctoral thesis (Dr.-Ing.)","","","","","fulltext-url: https://rosdok.uni-rostock.de/file/rosdok_disshab_0000001100/rosdok_derivate_0000005257/Dissertation_Markovik_2014.pdf Citation Key: markovik__2014__simulation","","","","#author/gender/:male; #degree/granted-by/:uni-rostock; #degree/title/:dr.-ing.","","","","","","","","","","","","","","","","","","","","","","","","","","","","","","","","","","","","","","","","","","","","","","",""
"NE5KQ7JA","thesis","2018","Heller, Johann","Numerical simulation of electromagnetic fields in complex multi-cavity superconducting radio frequency resonators","","","","","https://doi.org/10.18453/rosdok_id00002402","","2018","2025-06-13 13:27:27","2025-06-13 13:27:27","","","","","","","","","","","","","Universität Rostock","","en","","Doctoral thesis (Dr.-Ing.)","","","","","fulltext-url: https://rosdok.uni-rostock.de/file/rosdok_disshab_0000002055/rosdok_derivate_0000065963/Heller_Dissertation_2019.pdf Citation Key: heller__2018__numerical","","","","#author/gender/:male; #degree/granted-by/:uni-rostock; #degree/title/:dr.-ing.","","","","","","","","","","","","","","","","","","","","","","","","","","","","","","","","","","","","","","","","","","","","","","",""
"9T89GMU7","thesis","2015","Flisgen, Thomas","Compact state-space models for complex superconducting radio-frequency structures based on model order reduction and concatenation methods","","","","","http://cds.cern.ch/search?p=CERN-ACC- 2015-0145","Die Modellierung von Ketten supraleitender Hohlraumresonatoren mit Kopplern ist eine anspruchsvolle Aufgabe der rechnergestützten Elektrotechnik. Die direkte numerische Behandlung solcher Strukturen führt zu Problemen mit mehr als zehn Millionen Freiheitsgraden. Probleme dieser Komplexität lassen sich typischerweise nur mit Hilfe paralleler Programme lösen, die auf modernen Hochleistungsrechnern ausgeführt werden. Hochleistungsrechner sind allerdings teuer in der Anschaffung, im Betrieb und in der Wartung. Das Ziel der vorliegenden Arbeit ist die Einführung und die Validierung eines neuartigen Verfahrens, das die Modellierung von großen und komplexen Hochfrequenzstrukturen auf einem Arbeitsplatzrechner erm öglicht. Das neuartige Verfahren trägt den englischen Namen State-Space Concatenations und basiert auf der Zerlegung der Gesamtstruktur in einzelne Segmente. Die Hochfrequenzeigenschaften der Einzelsegmente werden dabei durch einen Satz von Zustandsmodellen beschrieben. Je nach Geometrie der Segmente werden deren Zustandsmodelle entweder durch kontinuierliche oder diskrete Verfahren erstellt. In einem folgenden Schritt wird die Modellordnung der Zustandsmodelle mit Hilfe von entsprechenden Techniken reduziert. Abschließend werden die reduzierten Zustandsmodelle der Segmente gemäß der Topologie der Gesamtstruktur zu einem Zustandsmodell verküpft. Diese Verkettung basiert auf algebraisch formulierten Kontinuitätsbedingungen für das elektrische und das magnetische Feld an den Schnittflächen und liefert ein kompaktes Zustandsmodell der Gesamtstruktur. Im Vergleich zum Ursprungsproblem ist die Anzahl der Freiheitsgrade dieses Zustandsmodells erheblich reduziert. Ein Problem mit zehn Millionen Freiheitsgraden kann auf einem Arbeitsplatzrechner zu einem Problem mit weniger als tausend Freiheitsgraden zurückgeführt werden. Das erstellte Zustandsmodell ermöglicht die schnelle Berechnung von Hochfrequenzeigenschaften der Gesamtstruktur, zum Beispiel Ubertragungsfunktionen im Frequenzbereich, Feldverteilungen, Resonanzen und Güten. Die vorliegende Arbeit beschreibt die Theorie der Methode der Verkopplung von Zustandsmodellen und diskutiert Validierungs- und Anwendungsbeispiele. Die Beispiele zeigen, dass die erzeugten kompakten Zustandsmodelle die Hochfrequenzeigenschaften der Gesamtstruktur präzise widerspiegeln. Der Fehler durch die Modellordnungsreduktion und die Verknüpfung ist geringer als der durch die Diskretisierung der Einzelsegmente enstandene Fehler. Abschließend lässt sich feststellen, dass die Methode der Verkopplung von Zustandsmodellen die Untersuchung von Hochfrequenzeigenschaften komplexer Strukturen ohne den Einsatz von Hochleistungsrechnern erlaubt.  The modeling of large chains of superconducting cavities with couplers is a challenging task in computational electrical engineering. The direct numerical treatment of these structures can easily lead to problems with more than ten million degrees of freedom. Problems of this complexity are typically solved with the help of parallel programs running on supercomputing infrastructures. However, these infrastructures are expensive to purchase, to operate, and to maintain. The aim of this thesis is to introduce and to validate an approach which allows for modeling large structures on a standard workstation. The novel technique is called State-Space Concatenations and is based on the decomposition of the complete structure into individual segments. The radio-frequency properties of the generated segments are described by a set of state-space equations which either emerge from analytical considerations or from numerical discretization schemes. The model order of these equations is reduced using dedicated model order reduction techniques. In a final step, the reduced-order state-space models of the segments are concatenated in accordance with the topology of the complete structure. The concatenation is based on algebraic continuity constraints of electric and magnetic fields on the decomposition planes and results in a compact state-space system of the complete radio-frequency structure. Compared to the original problem, the number of degrees of freedom is drastically reduced, i.e. a problem with more than ten million degrees of freedom can be reduced on a standard workstation to a problem with less than one thousand degrees of freedom. The final state-space system allows for determining frequency-domain transfer functions, field distributions, resonances, and quality factors of the complete structure in a convenient manner. This thesis presents the theory of the state-space concatenation approach and discusses several validation and application examples. The examples show that the resulting compact state-space models accurately describe the radio-frequency properties of the full structure and that the error introduced by the model order reduction and the concatenation of the segments is smaller than the error arising from the numerical treatment of the segments. In conclusion, the state-space concatenation scheme enables the investigation of radiofrequency properties of large structures without the application of supercomputers.","2015","2025-06-13 13:27:27","2025-06-13 13:27:27","","","166","","","","","","","","","","Universität Rostock","","en","","Doctoral thesis (Dr.-Ing.)","","","","","fulltext-url: https://cds.cern.ch/record/2104467/files/CERN-ACC-2015-0145.pdf Citation Key: flisgen__2015__compact","","","","#author/gender/:male; #degree/granted-by/:uni-rostock; #degree/title/:dr.-ing.; #employs-method/:simulation-and-modelling; #is-about/acceleration-process/:cavity-based_radiofrequency-driven_acceleration/","","","","","","","","","","","","","","","","","","","","","","","","","","","","","","","","","","","","","","","","","","","","","","",""
"9QEJT5RQ","thesis","2018","Brackebusch, Korinna","Perturbative methods for the computation of resonant cavity eigenmodes subject to geometric variations","","","","","https://doi.org/10.18453/rosdok_id00002062","","2018","2025-06-13 13:27:27","2025-06-13 13:27:27","","","","","","","","","","","","","Universität Rostock","","en","","Doctoral thesis (Dr.-Ing.)","","","","","fulltext-url: https://rosdok.uni-rostock.de/file/rosdok_disshab_0000001884/rosdok_derivate_0000038652/Dissertation_Brackebusch_2018.pdf Citation Key: brackebusch__2018__perturbative","","","","#degree/granted-by/:uni-rostock; #degree/title/:dr.-ing.; #author/gender/:female","","","","","","","","","","","","","","","","","","","","","","","","","","","","","","","","","","","","","","","","","","","","","","",""
"933WCRL6","thesis","2018","Beck, Mario","Numerical and experimental studies to model and reduce the impedance in the CERN Super Proton Synchrotron (SPS)","","","","","https://doi.org/10.18453/rosdok_id00002494","","2018","2025-06-13 13:27:27","2025-06-13 13:27:27","","","","","","","","","","","","","Universität Rostock","","en","","Doctoral thesis (Dr.-Ing.)","","","","","fulltext-url: https://rosdok.uni-rostock.de/file/rosdok_disshab_0000002137/rosdok_derivate_0000068296/Beck_Dissertation_2019.pdf Citation Key: beck__2018__numerical","","","","#author/gender/:male; #degree/granted-by/:uni-rostock; #degree/title/:dr.-ing.; #is-about/facility/:cac/sps","","","","","","","","","","","","","","","","","","","","","","","","","","","","","","","","","","","","","","","","","","","","","","",""
"XDIJX9EJ","thesis","2012","Arnold, André́","Simulation und Messung der Hochfrequenzeigenschaften einer supraleitenden Photo-Elektronenquelle","","","","","https://doi.org/10.18453/rosdok_id00001087","Der Erfolg zukünftiger Synchrotronstrahlungsquellen und Hochleistungs-IR-FELs wird eng mit der Entwicklung einer geeigneten Elektronenquelle verbunden sein. Einen vielversprechenden Ansatz, die dafür erforderliche Brillanz und den hohen mittleren Strom zu erzeugen, stellt der supraleitende Hochfrequenz-Photoinjektor (SRF-Gun) dar. Im Rahmen dieser Arbeit konnte die bislang einzige, an einem Elektronen-Linearbeschleuniger betriebene Quelle dieses Typs erfolgreich in Betrieb genommen sowie wesentliche Eigenschaften theoretisch und praktisch untersucht werden","2012","2025-06-13 13:27:27","2025-06-13 13:27:27","","","255","","","","","","","","","","Universität Rostock","","de","","Doctoral thesis (Dr.-Ing.)","","","","","fulltext-url: https://rosdok.uni-rostock.de/file/rosdok_disshab_0000000908/rosdok_derivate_0000004968/Dissertation_Arnold_2012.pdf Citation Key: arnold__2012__simulation","","","","#author/gender/:male; #degree/granted-by/:uni-rostock; #degree/title/:dr.-ing.","","","","","","","","","","","","","","","","","","","","","","","","","","","","","","","","","","","","","","","","","","","","","","",""
"5248UVCR","thesis","2017","Zeitler, Benno","Phase space linearization and external injection of electron bunches into laser-driven plasma wakefields at REGAE","","","","","https://doi.org/10.3204/PUBDB-2017-00801","","2017","2025-06-13 13:27:27","2025-06-13 13:27:27","","","","","","","","","","","","","Universität Hamburg","","en","","Doctoral thesis (Dr. rer. nat.)","","","","","fulltext-url: https://bib-pubdb1.desy.de/record/317605/files/Dissertation.pdf?version=1 Citation Key: zeitler__2017__phase","","","","#author/gender/:male; #degree/title/:dr.rer.nat.; #degree/granted-by/:uni-hamburg","","","","","","","","","","","","","","","","","","","","","","","","","","","","","","","","","","","","","","","","","","","","","","",""
"KEZMLQVW","thesis","2012","Wißmann, Laurens-Georg","A robust fibre laser system for electro-optic electron bunch profile measurements at FLASH","","","","","https://bib-pubdb1.desy.de/record/140140","","2012","2025-06-13 13:27:27","2025-09-03 03:56:33","","","","","","","","","","","","","Universität Hamburg","","en","","Doctoral thesis (Dr. rer. nat.)","","","","","fulltext-url: https://bib-pubdb1.desy.de/record/140140/files/desy-thesis-12-023.pdf?version=1 Citation Key: wissmann__2012__robust","","","","#author/gender/:male; #degree/title/:dr.rer.nat.; #degree/granted-by/:uni-hamburg; #is-about/facility/:flash; #has-affiliation/:desy","","","","","","","","","","","","","","","","","","","","","","","","","","","","","","","","","","","","","","","","","","","","","","",""
"UBEBPY7A","thesis","2012","Willner, Arik","A high repetition rate XUV seeding source for FLASH2","","","","","https://bib-pubdb1.desy.de/record/96047","","2012","2025-06-13 13:27:27","2025-09-03 03:56:30","","","","","","","","","","","","","Universität Hamburg","","en","","Doctoral thesis (Dr. rer. nat.)","","","","","fulltext-url: https://bib-pubdb1.desy.de/record/96047/files/PhD-AWillner_pub.pdf?version=4 Citation Key: willner__2012__high","","","","#author/gender/:male; #degree/title/:dr.rer.nat.; #degree/granted-by/:uni-hamburg; #is-about/facility/:flash; #has-affiliation/:desy","","","","","","","","","","","","","","","","","","","","","","","","","","","","","","","","","","","","","","","","","","","","","","",""
"48F9N8FM","thesis","2012","Wesch, Stephan","Echtzeitbestimmung longitudinaler Elektronenstrahlparameter mittels absoluter Intensitäts- und Spektralmessung einzelner kohärenter THz Strahlungspulse","","","","","https://doi.org/10.3204/PUBDB-2017-00801","","2012","2025-06-13 13:27:27","2025-06-13 13:27:27","","","","","","","","","","","","","Universität Hamburg","","de","","Doctoral thesis (Dr. rer. nat.)","","","","","fulltext-url: https://bib-pubdb1.desy.de/record/317605/files/Dissertation.pdf?version=1 Citation Key: wesch__2012__echtzeitbestimmung","","","","#author/gender/:male; #degree/title/:dr.rer.nat.; #degree/granted-by/:uni-hamburg","","","","","","","","","","","","","","","","","","","","","","","","","","","","","","","","","","","","","","","","","","","","","","",""
"WEVUY8V6","thesis","2010","Tsakanian, Andranik","Time domain numerical calculations of the short electron bunch wakefields in resistive structures","","","","","https://doi.org/10.3204/DESY-THESIS-2010-041","","2010","2025-06-13 13:27:27","2025-06-13 13:27:27","","","","","","","","","","","","","Universität Hamburg","","en","","Doctoral thesis (Dr. rer. nat.)","","","","","fulltext-url: https://bib-pubdb1.desy.de/record/288935/files/desy-thesis-10-041.pdf?version=1 Citation Key: tsakanian__2010__time","","","","#author/gender/:male; #degree/title/:dr.rer.nat.; #degree/granted-by/:uni-hamburg","","","","","","","","","","","","","","","","","","","","","","","","","","","","","","","","","","","","","","","","","","","","","","",""
"YJ5LZBCX","thesis","2012","Tarkeshian, Roxana","Femtosecond resolved diagnostics for electron beam and XUV seed temporal overlap at sFLASH","","","","","https://bib-pubdb1.desy.de/record/94541","","2012","2025-06-13 13:27:27","2025-09-03 03:56:33","","","","","","","","","","","","","Universität Hamburg","","en","","Doctoral thesis (Dr. rer. nat.)","","","","","fulltext-url: https://bib-pubdb1.desy.de/record/94541/files/Tarkeshian-Phd.pdf?version=5 Citation Key: tarkeshian__2012__femtosecond","","","","#degree/title/:dr.rer.nat.; #author/gender/:female; #degree/granted-by/:uni-hamburg; #is-about/facility/:flash; #has-affiliation/:desy","","","","","","","","","","","","","","","","","","","","","","","","","","","","","","","","","","","","","","","","","","","","","","",""
"G22YWTLC","thesis","2017","Stein, Oliver","Ultra fast beam loss mechanisms at the LHC and their detection for use in machine protection","","","","","http://cds.cern.ch/record/2644713","","2017","2025-06-13 13:27:27","2025-09-03 03:53:40","","","","","","","","","","","","","Universität Hamburg","","en","","Doctoral thesis (Dr. rer. nat.)","","","","","fulltext-url: https://cds.cern.ch/record/2644713/files/CERN-THESIS-2017-430.pdf?version=1 Citation Key: stein__2017__ultra","","","","#author/gender/:male; #degree/title/:dr.rer.nat.; #degree/granted-by/:uni-hamburg; #is-about/facility/:cac/lhc; #has-affiliation/:cern","","","","","","","","","","","","","","","","","","","","","","","","","","","","","","","","","","","","","","","","","","","","","","",""
"FE4YWMAK","thesis","2018","Maag, Christoph","Influence of Pulsed Heat Load on the Performance of Diamond Bragg Mirrors for an XFEL-Oscillator","","","","","https://nbn-resolving.org/urn%3Anbn%3Ade%3Agbv%3A18-92603","","2018","2025-06-13 13:27:27","2025-09-03 03:54:09","","","","","","","","","","","","","Universität Hamburg","","en","","Doctoral thesis (Dr. rer. nat.)","","","","","fulltext-url: https://ediss.sub.uni-hamburg.de/bitstream/ediss/7793/1/Dissertation.pdf Citation Key: maag__2018__influence","","","","#author/gender/:male; #degree/title/:dr.rer.nat.; #degree/granted-by/:uni-hamburg; #is-about/facility/:eu-xfel","","","","","","","","","","","","","","","","","","","","","","","","","","","","","","","","","","","","","","","","","","","","","","",""
"LALKIDS7","thesis","2016","Langner, Andy Sven","A Novel Method and Error Analysis for Beam Optics Measurements and Corrections at the Large Hadron Collider","","","","","http://cds.cern.ch/record/2265177","","2016","2025-06-13 13:27:27","2025-09-03 03:59:40","","","","","","","","","","","","","Universität Hamburg","","en","","Doctoral thesis (Dr. rer. nat.)","","","","","fulltext-url: https://cds.cern.ch/record/2265177/files/CERN-THESIS-2016-299.pdf?version=1 Citation Key: langner__2016__novel","","","","#author/gender/:male; #degree/title/:dr.rer.nat.; #degree/granted-by/:uni-hamburg; #is-about/facility/:cac/lhc","","","","","","","","","","","","","","","","","","","","","","","","","","","","","","","","","","","","","","","","","","","","","","",""
"ZXR8JN7W","thesis","2016","Kuhn, Maria","Transverse emittance measurement and preservation at the LHC","","","","","http://cds.cern.ch/record/2644713","","2016","2025-06-13 13:27:27","2025-09-03 03:53:40","","","","","","","","","","","","","Universität Hamburg","","en","","Doctoral thesis (Dr. rer. nat.)","","","","","fulltext-url: http://cds.cern.ch/record/2644713/files/CERN-THESIS-2017-430.pdf?version=1 Citation Key: kuhn__2016__transverse","","","","#author/gender/:male; #degree/title/:dr.rer.nat.; #degree/granted-by/:uni-hamburg; #is-about/facility/:cac/lhc; #has-affiliation/:cern","","","","","","","","","","","","","","","","","","","","","","","","","","","","","","","","","","","","","","","","","","","","","","",""
"H5YNKXNI","thesis","2017","Jolly, Spencer Windhorst","Spectral phase manipulation of optical pump pulses for mJ-Level narrowband terahertz generation in PPLN","","","","","https://nbn-resolving.org/urn%3Anbn%3Ade%3Agbv%3A18-89322","","2017","2025-06-13 13:27:27","2025-06-13 13:27:27","","","","","","","","","","","","","Universität Hamburg","","en","","Doctoral thesis (Dr. rer. nat.)","","","","","fulltext-url: https://ediss.sub.uni-hamburg.de/bitstream/ediss/7518/1/Dissertation.pdf Citation Key: jolly__2017__spectral","","","","#author/gender/:male; #degree/title/:dr.rer.nat.; #degree/granted-by/:uni-hamburg","","","","","","","","","","","","","","","","","","","","","","","","","","","","","","","","","","","","","","","","","","","","","","",""
"NZ6RUTAA","thesis","2012","Ivanisenko, Yevgeniy","Investigation of slice emittance using an energy-chirped electron beam in a dispersive section for photo injector characterization at PITZ","","","","","https://bib-pubdb1.desy.de/record/139054","","2012","2025-06-13 13:27:27","2025-06-13 13:27:27","","","","","","","","","","","","","Universität Hamburg","","en","","Doctoral thesis (Dr. rer. nat.)","","","","","fulltext-url: https://bib-pubdb1.desy.de/record/139054/files/desy-thesis.Ivanisenk.pdf?version=2 Citation Key: ivanisenko__2012__investigation","","","","#author/gender/:male; #degree/title/:dr.rer.nat.; #degree/granted-by/:uni-hamburg","","","","","","","","","","","","","","","","","","","","","","","","","","","","","","","","","","","","","","","","","","","","","","",""
"4F5GKQQJ","thesis","2010","Hänel, Marc","Experimental investigations on the influence of the photocathode laser pulse parameters on the electron bunch quality in an RF - photoelectron source","","","","","https://doi.org/10.3204/DESY-THESIS-2010-027","","2010","2025-06-13 13:27:27","2025-06-13 13:27:27","","","","","","","","","","","","","Universität Hamburg","","en","","Doctoral thesis (Dr. rer. nat.)","","","","","tex.fulltextUrl: https://doi.org/10.3204/DESY-THESIS-2010-027 Citation Key: hanel__2010__experimental","","","","#author/gender/:male; #degree/title/:dr.rer.nat.; #degree/granted-by/:uni-hamburg","","","","","","","","","","","","","","","","","","","","","","","","","","","","","","","","","","","","","","","","","","","","","","",""
"7AGQW9PH","thesis","2010","Hacker, Kirsten","Measuring the electron beam energy in a magnetic bunch compressor","","","","","https://doi.org/10.3204/DESY-THESIS-2010-037","","2010","2025-06-13 13:27:27","2025-06-13 13:27:27","","","","","","","","","","","","","Universität Hamburg","","en","","Doctoral thesis (Dr. rer. nat.)","","","","","fulltext-url: https://bib-pubdb1.desy.de/record/92282/files/kirsten_hacker_diss.pdf?version=3 Citation Key: hacker__2010__measuring","","","","#degree/title/:dr.rer.nat.; #author/gender/:female; #degree/granted-by/:uni-hamburg","","","","","","","","","","","","","","","","","","","","","","","","","","","","","","","","","","","","","","","","","","","","","","",""
"5V5B8ZVW","thesis","2017","Dornmair, Irene","Advanced beam dynamics and diagnostics concepts for laser-plasma accelerators","","","","","https://doi.org/10.3204/PUBDB-2017-02493","","2017","2025-06-13 13:27:27","2025-06-13 13:27:27","","","","","","","","","","","","","Universität Hamburg","","en","","Doctoral thesis (Dr. rer. nat.)","","","","","fulltext-url: https://bib-pubdb1.desy.de/record/321223/files/thesis_dornmair_publication.pdf?version=1 Citation Key: dornmair__2017__advanced","","","","#degree/title/:dr.rer.nat.; #author/gender/:female; #degree/granted-by/:uni-hamburg","","","","","","","","","","","","","","","","","","","","","","","","","","","","","","","","","","","","","","","","","","","","","","",""
"HRQSERMY","thesis","2017","Delbos, Niels Matthias","High repetition rate laser-plasma accelerator: 5 hz electron beam generation and advanced target design","","","","","https://d-nb.info/1142414426","","2017","2025-06-13 13:27:27","2025-06-13 13:27:27","","","185","","","","","","","","","","Universität Hamburg","","en","","Doctoral thesis (Dr. rer. nat.)","","","","","fulltext-url: none Citation Key: delbos__2017__high","","","","#author/gender/:male; #degree/title/:dr.rer.nat.; #degree/granted-by/:uni-hamburg","","","","","","","","","","","","","","","","","","","","","","","","","","","","","","","","","","","","","","","","","","","","","","",""
"43CPNR8G","thesis","2017","Brümmer, Theresa","Design study of a laser-driven x-ray source for medical fluorescence imaging","","","","","https://doi.org/10.3204/PUBDB-2018-01857","","2017","2025-06-13 13:27:27","2025-06-13 13:27:27","","","","","","","","","","","","","Universität Hamburg","","en","","Doctoral thesis (Dr. rer. nat.)","","","","","fulltext-url: https://bib-pubdb1.desy.de/record/402600/files/PhDThesis_BruemmerTheresa.pdf?version=1 Citation Key: brummer__2017__design","","","","#author/gender/:male; #degree/title/:dr.rer.nat.; #degree/granted-by/:uni-hamburg","","","","","","","","","","","","","","","","","","","","","","","","","","","","","","","","","","","","","","","","","","","","","","",""
"LQSFVBD5","thesis","2011","Bödewadt, Jörn","Transverse beam diagnostics for the XUV seeding experiment at FLASH","","","","","https://doi.org/10.3204/DESY-THESIS-2011-043","","2011","2025-06-13 13:27:27","2025-09-03 03:56:33","","","","","","","","","","","","","Universität Hamburg","","en","","Doctoral thesis (Dr. rer. nat.)","","","","","fulltext-url: https://bib-pubdb1.desy.de/record/96487/files/11_12_12%20-%20PhDThesis_Joern_Boedewadt_FINAL.pdf?version=3 Citation Key: bodewadt__2011__transverse","","","","#author/gender/:male; #degree/title/:dr.rer.nat.; #degree/granted-by/:uni-hamburg; #is-about/facility/:flash; #has-affiliation/:desy","","","","","","","","","","","","","","","","","","","","","","","","","","","","","","","","","","","","","","","","","","","","","","",""
"L63PZIZD","thesis","2012","Bock, Marie Kristin","Measuring the electron bunch timing with femtosecond resolution at FLASH","","","","","https://doi.org/10.3204/DESY-THESIS-2013-008","","2012","2025-06-13 13:27:27","2025-09-03 03:56:33","","","","","","","","","","","","","Universität Hamburg","","en","","Doctoral thesis (Dr. rer. nat.)","","","","","fulltext-url: https://bib-pubdb1.desy.de/record/139310/files/desy-thesis-13-008.pdf?version=3 Citation Key: bock__2012__measuring","","","","#degree/title/:dr.rer.nat.; #author/gender/:female; #degree/granted-by/:uni-hamburg; #is-about/facility/:flash; #has-affiliation/:desy","","","","","","","","","","","","","","","","","","","","","","","","","","","","","","","","","","","","","","","","","","","","","","",""
"FMDADQIQ","thesis","2012","Behrens, Christopher","Characterization and control of femtosecond electron and x-ray beams at free-electron lasers","","","","","https://doi.org/10.3204/DESY-THESIS-2012-038","","2012","2025-06-13 13:27:27","2025-06-13 13:27:27","","","","","","","","","","","","","Universität Hamburg","","en","","Doctoral thesis (Dr. rer. nat.)","","","","","fulltext-url: https://bib-pubdb1.desy.de/record/139966/files/desy-thesis-12-038.pdf?version=1 Citation Key: behrens__2012__characterization","","","","#author/gender/:male; #degree/title/:dr.rer.nat.; #degree/granted-by/:uni-hamburg","","","","","","","","","","","","","","","","","","","","","","","","","","","","","","","","","","","","","","","","","","","","","","",""
"Q55W8PNL","thesis","2013","Zander, Sven","Optische Strahldiagnose an der Elektronen-Stretcher-Anlage ELSA","","","","","https://doi.org/20.500.11811/5770","An der Elektronen-Stretcher-Anlage ELSA wird eine resonante Anregung der horizontalen Strahlschwingungen zur Extraktion der Elektronen aus dem Speicherring genutzt. Diese Extraktionsmethode ermöglicht an den beiden Experimentierplätzen einen konstanten Strom über einen Extraktionszeitraum von mehreren Sekunden zur Verfügung zu stellen. Diese Extraktionsmethode hat maßgeblichen Einfluss auf die Strahlqualität. Im Rahmen dieser Arbeit wurde die Emittanz als Maß für die Strahlqualität aus den Strahlbreiten des Elektronenstrahls bestimmt. Zur Messung der Strahlbreiten wurde die optische Strahldiagnose genutzt. Der Schwerpunkt lag hierbei auf der Diagnostik mittels Synchrotronlicht, da diese keine Beeinflussung des Elektronenstrahls zur Folge hat. Ein Ziel dieser Arbeit war die Untersuchung des Einflusses der Extraktionsmethode auf die Strahlqualität. Um diese Untersuchungen zu ermöglichen wurde ein System aus Synchrotronlichtmonitoren aufgebaut und erweitert. Dieses System wurde auf die simultane Messung der Strahlprofile im Speicherring und in der externen Strahlführung ausgelegt. Als Maß der Strahlqualität wurde die Emittanz in Abhängigkeit der Extraktionseinstellungen bestimmt. Um die Entwicklung der Emittanz über einen Beschleunigerzyklus untersuchen zu können, wurden erstmals zeitaufgelöste Emittanzmessungen durchgeführt. Zur Erweiterung und Verbesserung der optischen Strahldiagnose im Speicherring wurde als weiterer Schwerpunkt dieser Arbeit ein neuer Diagnoseplatz in einem an den Beschleuniger angrenzenden Labor geplant, aufgebaut und in Betrieb genommen. An diesem Diagnoseplatz wurde ein hochauflösender Synchrotronlichtmonitor, der im UV-Bereich sensitiv ist, aufgebaut und in das Diagnosesystem implementiert. Die Positionierung des Diagnoseplatzes außerhalb des Beschleunigertunnels ermöglicht den Einsatz von strahlungsempfindlicher Diagnostik. Zur Untersuchung der longitudinalen Ladungsverteilung in den Elektronenpaketen und ihren Schwingungen untereinander ist die optische Strahldiagnose um ein Streakkamerasystem erweitert worden. Der Diagnoseplatz und die dazugehörige Strahlführung wurden auf dessen Einsatz hin ausgelegt. Erste erfolgreiche Untersuchungen der longitudinalen Ladungsverteilung mit einem zeitlichen Auflösungsvermögen im Bereich von wenigen Picosekunden werden vorgestellt.  Optical beam diagnostics at the Electron Stretcher Accelerator ELSA: At the ELectron Stretcher Accelerator ELSA, a resonant excitation of the horizontal particle oscillations is used to extract the electrons to the experiments. This so-called resonance extraction influences the properties of the extracted beam. The emittance, as a number of the beam quality, was determined by using synchrotron light monitors. To enable broad investigations of the emittance a system of synchrotron light monitors was set up. This system was used to measure the influence of the extraction method on the emittance. Time resolved measurements were conducted to investigate the development of the emittance during an accelerator cycle. To improve the optical beam diagnostics a new beamline to an external laboratory was constructed. There, a new high resolution synchrotron light monitor was commissioned. In addition, a streak camera has been installed to enable longitudinal diagnostics of the beam profiles. First measurements of the longitudinal charge distribution with a time resolution in the range of a few picoseconds were conducted successfully.","2013","2025-06-13 13:27:27","2025-06-13 13:27:27","","","","","","","","","","","","","Universität Bonn","","de","","Doctoral thesis (Dr. rer. nat.)","","","","","fulltext-url: https://bonndoc.ulb.uni-bonn.de/xmlui/bitstream/handle/20.500.11811/5770/3365.pdf?sequence=1&isAllowed=y Citation Key: zander__2013__optische","","","","#author/gender/:male; #degree/granted-by/:uni-bonn; #degree/title/:dr.rer.nat.; #is-about/facility/:elsa","","","","","","","","","","","","","","","","","","","","","","","","","","","","","","","","","","","","","","","","","","","","","","",""
"ZCUR4YIY","thesis","2017","Schmidt, Jan Felix","Spindynamik in Elektronensynchrotronen","","","","","https://doi.org/20.500.11811/7256","Um unser Verständnis des Aufbaus der Materie voranzutreiben sind Experimente mit hochenergetischen Teilchen erforderlich, bei denen alle Eingangsparameter bekannt sind und variiert werden können. Zu diesen gehört auch die Spinausrichtung der Teilchen. Die Bereitstellung spinpolarisierter Teilchenstrahlen mit Kreisbeschleunigern erfordert die Berücksichtigung depolarisierender Resonanzen, die bei bestimmten Strahlenergien die Polarisation vollständig zunichtemachen können. Die Spindynamik unter dem Einfluss solcher Resonanzen wird aufgrund der Komplexität eines Beschleunigers und der Vielzahl an Teilchen vor allem numerisch behandelt. Auf kurzen Zeitskalen bis zu Sekunden, wie bei Energierampen in einem Synchrotron, werden dazu Spintracking-Verfahren eingesetzt. Für Elektronenstrahlen spielt dabei auch die Synchrotronstrahlung eine entscheidende Rolle. Im Rahmen dieser Arbeit wurde das Spintracking-Programm Polematrix für Elektronensynchrotrone entwickelt, welches ein ideales Werkzeug zur Untersuchung der Einflüsse der Synchrotronlichtabstrahlung auf die Spindynamik ist. Es ermöglicht insbesondere Studien mit verschiedenen Modellen der longitudinalen Strahldynamik. So wurden erstmals Spintracking-Simulationen auf Basis eines realistischen Teilchentrackings des etablierten Programms Elegant durchgeführt. Die numerischen Studien zeigen die Effekte, die zur Depolarisation eines Elektronenstrahls führen: Durch die verglichen mit Protonenstrahlen um Größenordnungen höhere Synchrotronfrequenz treten die Synchrotronseitenbänder depolarisierender Resonanzen als separate Resonanzen auf. Außerdem verschwindet Polarisation senkrecht zur stabilen Spinachse durch die Dekohärenz der einzelnen Spinpräzessionen, wobei die Geschwindigkeit der Depolarisation über die Optik des Beschleunigers verändert werden kann. Polematrix ist für beliebige Elektronenbeschleuniger nutzbar und leicht zugänglich, weil es die weitverbreiteten Lattice-Dateien von MAD-X und Elegant als Eingangsdateien nutzt, und wurde als Open-Source-Programm veröffentlicht. Die Beschleunigeranlage ELSA am Physikalischen Institut der Universität Bonn ist derzeit das weltweit einzige Elektronensynchrotron mit polarisiertem Strahl. Es werden verschiedene dedizierte Maßnahmen zur Kompensation depolarisierender Resonanzen eingesetzt, deren Optimierung entscheidend für das Erreichen eines hohen Polarisationsgrades ist. Unter dem Einfluss stetiger Weiterentwicklungen desBeschleunigers konnte im Rahmen dieser Arbeit der höchste bisher bei ELSA gemessene Polarisationsgrad erreicht werden. Außerdem wurde ein verbessertes Korrekturschema zur Kompensation von Imperfektionsresonanzen in Betrieb genommen und dessen Funktionalität mit Messungen und Spintracking-Simulationen nachgewiesen. Darüber hinaus wurden bei ELSA einzigartige Polarisationsmessungen durchgeführt, die die spezifische Spindynamik von Elektronenstrahlen zeigen und deren korrekte Modellierung durch das Spintracking-Programm Polematrix bestätigen.  Spin Dynamics in Electron Synchrotrons: Providing spin polarized particle beams with circular accelerators requires the consideration of depolarizing resonances which may significantly reduce the desired degree of polarization at specific beam energies. The corresponding spin dynamical effects are typically analyzed with numerical methods. In case of electron beams the influence of the emission of synchrotron radiation has to be taken into account. On short timescales, as in synchrotrons with a fast energy ramp or in damping rings, spin dynamics are investigated with spin tracking algorithms. This thesis presents the spin tracking code Polematrix as a versatile tool to study the impact of synchrotron radiation on spin dynamics. Spin tracking simulations have been performed based on the well established particle tracking code Elegant. The numerical studies demonstrate effects which are responsible for beam depolarization: Synchrotron side bands of depolarizing resonances and decoherence of spin precession. Polematrix can be utilized for any electron accelerator with minimal effort as it imports lattice files from the tracking programs MAD-X or Elegant. Polematrix has been published as open source software. Currently, the Electron Stretcher Accelerator ELSA at Bonn University is the only electron synchrotron worldwide providing a polarized beam. Integer and intrinsic depolarizing resonances are compensated with dedicated countermeasures during the fast energy ramp. Polarization measurements from ELSA demonstrate the particular spin dynamics of electrons and confirm the results of the spin tracking code Polematrix.","2017","2025-06-13 13:27:27","2025-06-13 13:27:27","","","150","","","","","","","","","","Universität Bonn","","de","","Doctoral thesis (Dr. rer. nat.)","","","","","fulltext-url: https://bonndoc.ulb.uni-bonn.de/xmlui/bitstream/handle/20.500.11811/7256/4831.pdf?sequence=1&isAllowed=y Citation Key: schmidt__2017__spindynamik","","","","#author/gender/:male; #degree/granted-by/:uni-bonn; #degree/title/:dr.rer.nat.","","","","","","","","","","","","","","","","","","","","","","","","","","","","","","","","","","","","","","","","","","","","","","",""
"NEV8SSI7","thesis","2015","Schedler, Manuel","Intensitäts- und Energieerhöhung an ELSA","","","","","https://doi.org/20.500.11811/6574","An der Elektronen-Stretcher-Anlage ELSA am Physikalischen Institut der Universität Bonn werden im Zuge des Sonderforschungsbereichs SFB/TR 16 “Elektromagnetische Anregung subnuklearer Systeme” Experimente zur Untersuchung der Hadronenstruktur durchgeführt. Dabei werden linear oder zirkular polarisierte Photonenstrahlen, erzeugt aus spinpolarisierten oder unpolarisierten Elektronenstrahlen durch Streuung an sogenannten Bremsstrahlungstargets, an spinpolarisierten Baryonen gestreut. Zur Detektion kleiner Wirkungsquerschnitte sind dabei große Streu- und Ereignisraten erforderlich. Daraus resultiert die Notwendigkeit einer Erhöhung der Intensität des Elektronenstrahls um etwa eine Größenordnung. Der durch die Beschleunigeranlage ELSA generierte Elektronenstrahl durchläuft zwei Vorbeschleunigerstufen in Form eines Linearbeschleunigers und des Booster-Synchrotrons und wird im ELSA-Stretcherring bei einer Endenergie von maximal 3,2GeV über mehrere Sekunden zu den Hadronenphysikexperimenten extrahiert. Die geplante Intensitätserhöhung erfordert zur Wahrung des makroskopischen Tastverhältnisses eine äquivalente Intensitätserhöhung des internen Strahls auf bis zu 200mA. Ziel dieser Arbeit ist die Umrüstung der drei Beschleunigerstufen zum Erreichen der gewünschten Strahlintensitäten an den Experimentierplätzen. Durch den Einsatz eines neuen Linearbeschleunigers LINAC 1 mit einer thermischen Hochstromelektronenquelle kann in Verbindung mit dem Einsatz eines mehrstufigen Bunchersystems ein intensiver Elektronenstrahl im Booster-Synchrotron vorbeschleunigt und im Stretcherring akkumuliert werden. Die durch den Elektronenstrahl erzeugten elektromagnetischen Felder wechselwirken mit der leitenden Vakuumkammer des Speicherrings und können damit auf nachfolgende Elektronenpakete wirken. Wechselwirkungen dieser Art können sogenannte Multi-Bunch-Instabilitäten auslösen, die zu einer Minderung der Strahlqualität bis hin zu partiellem oder vollständigem Strahlverlust führen. An ELSA werden diese Instabilitäten durch ein aktives Bunch-by-Bunch-Feedback-System kompensiert. Dieses FPGA-basierte System erlaubt darüber hinaus eine detaillierte Untersuchung der dreidimensionalen Strahldynamik im Stretcherring und auch im Booster-Synchrotron. Eine neue Hochfrequenzanlage mit zwei siebenzelligen Hochfrequenzresonatoren des Typs PE- TRA wird im Stretcherring aufgebaut, um den Energieverlust des Elektronenstrahls durch die Abstrahlung von Synchrotronlicht auch bei hohen Strahlintensitäten kompensieren zu können. Damit ist auch eine Erhöhung der Strahlenergie auf 3,5GeV möglich. Die bereits bestehende Hochfrequenzanlage wurde mit einer neuen FPGA-basierten Ansteuerung zur aktiven Regelung der Beschleunigungsspannung und -phase ausgestattet, die den stabilen Betrieb des Bunch-by- Bunch-Feedback-Systems unabhängig von Strahlenergie und -intensität ermöglicht. Mit diesen Maßnahmen ist es gelungen, die Beschleunigeranlage ELSA für den stabilen Betrieb mit Strahlintensitäten von bis zu 200mA zu optimieren.","2015","2025-06-13 13:27:27","2025-06-13 13:27:27","","","","","","","","","","","","","Universität Bonn","","de","","Doctoral thesis (Dr. rer. nat.)","","","","","fulltext-url: https://bonndoc.ulb.uni-bonn.de/xmlui/bitstream/handle/20.500.11811/6574/4207.pdf?sequence=1&isAllowed=y Citation Key: schedler__2015__intensitaets","","","","#author/gender/:male; #degree/granted-by/:uni-bonn; #degree/title/:dr.rer.nat.; #is-about/facility/:elsa","","","","","","","","","","","","","","","","","","","","","","","","","","","","","","","","","","","","","","","","","","","","","","",""
"AJNUZP2P","thesis","2012","Roth, André","Breitbandige Feedback-Systeme zur Dämpfung kohärenter Strahlinstabilitäten am Stretcherring ELSA","","","","","https://doi.org/20.500.11811/5603","Für zukünftige Hadronenphysik-Experimente an der Bonner Elektronen-Stretcher-Anlage ELSA wird eine Erhöhung der Intensität des extrahierten Elektronenstrahls angestrebt. Die dazu im ELSA Stretcherring erforderliche Speicherung und Beschleunigung interner Strahlströme von bis zu 200 mA wird insbesondere durch Strahlinstabilitäten begrenzt, bei denen es sich um angeregte, kohärente Schwingungen der Strahlelektronen handelt, die zu einer Verschlechterung der Qualität des Strahls führen und deren Schwingungsamplituden resonanzartig bis zum Strahlverlust anwachsen können. Als Gegenmaßnahme wurden Multi-Bunch Feedback-Systeme am ELSA Stretcherring zur aktiven Dämpfung der Strahlinstabilitäten aufgebaut. Diese Regelsysteme bestimmen nach Detektion der Auslenkung der Ladungsschwerpunkte der 274 im Stretcherring gespeicherten Bunche mittels digitaler Signalprozessoren für jeden einzelnen Bunch ein unabhängiges Korrektursignal. Die Signale steuern breitbandige Kickerstrukturen an, die durch phasenrichtige, elektromagnetische Korrekturimpulse die kohärenten Schwingungen der Elektronen dämpfen. Die für alle drei Schwingungsebenen realisierten Systeme sind durch eine analoge Bandbreite von 250 MHz und eine Datenverarbeitungsrate von 500 MHz gekennzeichnet; sie können daher bei ausreichender Dämpfungsleistung die Anregung aller möglichen Schwingungsmoden der gespeicherten Bunchen unterbinden. Neben der Auslegung und dem Aufbau der Multi-Bunch Feedback-Systeme sowie der Entwicklung longitudinaler und transversaler Kickerstrukturen wird die erfolgreiche Inbetriebnahme der Systeme für alle drei Ebenen am Stretcherring in dieser Arbeit behandelt. Die während der Inbetriebnahme durchgeführten Messungen zeigen außerdem die zusätzlichen Einsatzmöglichkeiten der Systeme für zukünftige Instabilitätsstudien, strahldiagnostische Untersuchungen und für die Einzel-Bunch-Erzeugung am Stretcherring auf. Ferner bestätigen die im Nachbeschleunigungsmodus aufgenommenen Messungen den erfolgreichen Betrieb des longitudinalen Feedback-Systems auch während der schnellen Energierampe von 1,2 GeV auf 3,2 GeV bei einer Rampgeschwindigkeit von 4 GeV/s.","2012","2025-06-13 13:27:27","2025-06-13 13:27:27","","","119","","","","","","","","","","Universität Bonn","","de","","Doctoral thesis (Dr. rer. nat.)","","","","","fulltext-url: https://bonndoc.ulb.uni-bonn.de/xmlui/bitstream/handle/20.500.11811/5603/3090.pdf?sequence=1&isAllowed=y Citation Key: roth__2012__breitbandige","","","","#author/gender/:male; #degree/granted-by/:uni-bonn; #degree/title/:dr.rer.nat.; #is-about/facility/:elsa","","","","","","","","","","","","","","","","","","","","","","","","","","","","","","","","","","","","","","","","","","","","","","",""
"UB5HEQM5","thesis","2012","Pusch, Thorsten R.","Bestimmung von Intensität und Position des extrahierten Elektronenstrahls an ELSA mittels Hochfrequenzresonatoren","","","","","https://doi.org/20.500.11811/5301","Am Physikalischen Institut der Universität Bonn werden Experimente zur Untersuchung der Nukleonenstruktur betrieben. Aus dem Speicherring der Beschleunigeranlage ELSA wird zu diesem Zweck ein Elektronenstrahl von einigen hundert Picoampère extrahiert und auf ein Radiatortarget zur Erzeugung von Bremsstrahlungsphotonen gelenkt. Zur korrekten Interpretation der untersuchten Ereignisse im Experimentaufbau ist die Aufrechterhaltung der eingestellten Strahlposition erforderlich, weswegen ein System zu deren permanenter Kontrolle eingerichtet wurde. Um die Strahlqualität im Messbetrieb nicht zu beeinträchtigen, wurde auf Hohlraumresonatoren zurückgegriffen. Die Überhöhung der Feldstärken bei resonanter Anregung durch die Teilchenpakete des Strahls ermöglicht die Extraktion messbarer Signale bei einer Frequenz von 1,5 Gigahertz und Leistungen unter einem Attowatt. Nach Verstärkung und Umsetzung der Signale auf eine Frequenz von wenigen Kilohertz erfolgt eine schmalbandige Gleichrichtung durch Lock-In-Verstärker. Über einen PC werden die Messspannungen mit einer Rate von 9 Hertz ausgelesen, mit einem C++-Programm in die gesuchten Strahlparameter umgerechnet und dann zur Anzeige im Beschleuniger-Kontrollsystem aufbereitet. Im Regelbetrieb kann so die Strahlposition am Radiatortarget auf Millimeterbruchteile genau erfasst werden. Die Lagesignale müssen auf die Stromstärke normiert werden, deren Messung ebenfalls über einen Resonator erfolgt. Die auf wenige Picoampère genauen Messwerte ermöglichen die unmittelbare Steuerung des Extraktionsmechanismus zur Einstellung des erwünschten Strahlstroms.","2012","2025-06-13 13:27:27","2025-06-13 13:27:27","","","111","","","","","","","","","","Universität Bonn","","de","","Doctoral thesis (Dr. rer. nat.)","","","","","fulltext-url: https://bonndoc.ulb.uni-bonn.de/xmlui/bitstream/handle/20.500.11811/5301/2824.pdf?sequence=1&isAllowed=y Citation Key: pusch__2012__bestimmung","","","","#author/gender/:male; #degree/granted-by/:uni-bonn; #degree/title/:dr.rer.nat.; #is-about/facility/:elsa","","","","","","","","","","","","","","","","","","","","","","","","","","","","","","","","","","","","","","","","","","","","","","",""
"P99G5R4K","thesis","2018","Proft, Dennis","Optimierung des Beschleunigerbetriebs für Experimente zur Hadronen- und Detektorphysik an der Elektronen-Stretcher-Anlage ELSA","","","","","https://doi.org/20.500.11811/8054","An der Elektronen-Stretcher-Anlage ELSA des Physikalischen Instituts der Universität Bonn werden an den beiden Experimentierplätzen Crystal Barrel/TAPS und BGO-OD Experimente zur Untersuchung der inneren Struktur von Nukleonen durchgeführt. Das Areal wurde in den vergangenen Jahren durch einen weiteren Messplatz für Detektortests ergänzt, an dem die Möglichkeit besteht, mit einem primären Elektronenstrahl die Funktionalität und Leistungsfähigkeit neuartiger Detektoren zu evaluieren. Die Erfordernisse der Hadronenphysikexperimente an die Qualität und Intensität des Elektronenstrahls sind in den vergangenen Jahren stetig gestiegen. Auch durch den neuen Messplatz und die damit verbundenen neuen Betriebsmodi des Beschleunigers wurden Anforderungen gestellt, die eine grundlegende Weiterentwicklung der Anlage erforderten. Im Rahmen dieser Arbeit wurde daher die Beschleunigeranlage hinsichtlich des geplanten Experimentierbetriebs der nächsten Jahre optimiert. Dazu wurde das Kontrollsystem des Beschleunigers weiterentwickelt und für den Betrieb auf einem modernen und leistungsfähigeren Computersystem angepasst. Sowohl die Stabilität als auch die Leistungsfähigkeit des Systems konnten erheblich verbessert werden. Es wurde eine neue Datenbank zur Langzeitarchivierung von allen Mess- und Steuerwerten in das Kontrollsystem integriert sowie eine grafische Benutzeroberfläche dafür entwickelt. Das alte Timing-System der Beschleunigeranlage wurde durch ein, im Rahmen dieser Arbeit konzipiertes, entwickeltes und in Betrieb genommenes System ersetzt. Das neue System basiert auf einem FPGA und ist mit der zentralen Hochfrequenzanlage synchronisiert. Dadurch ist es möglich, Einzel-Bunche zwischen den Beschleunigerstufen zu transferieren und im Speicherring zu akkumulieren. Ebendieses Akkumulationssystem findet auch im regulären Beschleunigerbetrieb zur Erzeugung einer homogenen Füllstruktur im Speicherring durch mehrfache und zeitversetzte Injektionen aus den Vorbeschleunigern Verwendung. Durch das neue Timing-System wurde der starre Zyklus des Nachbeschleunigungsmodus durch einen dynamischen, stets an die aktuellen Begebenheiten angepassten, ersetzt. Damit wird sowohl eine gleichbleibende Intensität des gespeicherten Elektronenstrahls als auch eine Vergrößerung der effektiven Messzeit der Experimente erreicht. Für die Haupt- und Korrektormagnete im Speicherring wurde eine neue Ansteuerelektronik entwickelt, die die dynamische Zyklusdauer unterstützt. Gleichzeitig konnte so die Auflösung der Energie- und Arbeitspunkteinstellung um den Faktor vier erhöht werden. Im Speicherring treten optische Resonanzen auf, die durch nicht-lineare Magnetfeldkomponenten verursacht werden und zu einer Reduzierung der Strahlqualität oder zum Strahlverlust führen können. Die Resonanzen treten bei bestimmten, theoretisch berechenbaren, Einstellungen der Magnetoptik auf. Ihre Stärke und damit der Einfluss auf den Elektronenstrahl lässt sich aber ohne detaillierte Kenntnis der Magnetfeldverteilung nicht vorhersagen. In dieser Arbeit wird ein Messverfahren vorgestellt, mit dem optische Resonanzen, in der Umgebung der üblicherweise an ELSA verwendeten Arbeitspunkte, identifiziert und charakterisiert werden können. Durch Messungen bei unterschiedlichen Parametern der Resonanzextraktion konnte ebenfalls die Auswirkung der zusätzlichen Anregung durch Sextupolfelder untersucht werden. Es wurde ein Arbeitspunktdiagramm erstellt, das alle identifizierten Resonanzen beinhaltet, und in der Zukunft bei der Wahl der Extraktionsparameter genutzt werden kann, um Strahlverlust während des regulären Beschleunigerbetriebs zu vermeiden.","2018","2025-06-13 13:27:27","2025-06-13 13:27:27","","","201","","","","","","","","","","Universität Bonn","","de","","Doctoral thesis (Dr. rer. nat.)","","","","","fulltext-url: https://bonndoc.ulb.uni-bonn.de/xmlui/bitstream/handle/20.500.11811/8054/5534.pdf?sequence=1&isAllowed=y Citation Key: proft__2018__optimierung","","","","#author/gender/:male; #degree/granted-by/:uni-bonn; #degree/title/:dr.rer.nat.; #is-about/facility/:elsa","","","","","","","","","","","","","","","","","","","","","","","","","","","","","","","","","","","","","","","","","","","","","","",""
"M27CMEWN","thesis","2011","Klarner, Fabian","Konzeption, Aufbau und Inbetriebnahme eines neuen Vorbeschleunigersystems an ELSA","","","","","https://doi.org/20.500.11811/5077","An der Elektronen-Stretcher-Anlage ELSA des Physikalischen Instituts der Universität Bonn werden Doppelpolarisationsexperimente zur Untersuchung der Struktur der Baryonen im Rahmen des transregionalen Sonderforschungsbereichs SFB/TR 16 durchgeführt. Zukünftig sollen für diese Experimente höhere extrahierte Strahlströme bei einem gleichbleibenden Tastverhältnis zur Verfügung gestellt werden. Zu diesem Zweck soll der Strom der zu beschleunigenden Elektronen im Stretcherring von ELSA auf bis zu 200 mA erhöht werden. Zur Stromerhöhung sind jedoch Studien zu den Strahlinstabilitäten im Stretcherring notwendig. Um diese Studien möglich zu machen, wurde ein neuer Injektor konzipiert, welcher die Betriebsmöglichkeiten der Beschleunigeranlage um einen Single Bunch–Modus erweitert.Weiterhin sieht das Konzept einen Langpuls–Modus mit hohen Strömen unpolarisierter Elektronen vor, um einen hohen Injektionsstrom in den Stretcherring zu gewährleisten. Es wurde ein Injektor entwickelt, der auf Basis einer Kathode mit einer kleinen Emissionsfl äche und einem effizienten Bunching eine weitestgehend verlustfreie Beschleunigung der Elektronen im Linearbeschleuniger ermöglicht. Das in der Strahlführung folgende Energie-Kompressor-System soll die Energiebreite des Elektronenstrahls von circa 5% auf die maximal zulässige Energiebreite von 0,5% bei der Injektion ins nachfolgende Booster-Synchrotron reduzieren. Danach wird der Elektronenstrahl zur Injektion ins Synchrotron durch die Optik des Transferweges an die Akzeptanz des Synchrotrons angepasst.Wahlweise kann auch der Strahl zu einem Bestrahlungsplatz geführt werden, an dem mit einer hohen Flexibilität hinsichtlich der Eigenschaften des Elektronenstrahls Bestrahlungen durchgeführt werden können. Die prinzipielle Funktionsfähigkeit konnte im Jahre 2010 während der ersten Inbetriebnahme des neuen Vorbeschleunigersystems bis hin zum Bestrahlungsplatz gezeigt werden. Darüber hinaus gelangen erfolgreich erste Bestrahlungen von Ammoniak als Targetmaterial für das COMPASS-Experiment und von Detektorkomponenten für das MPI Halbleiterlabor München und die SILAB DEPFET-Gruppe des physikalischen Instituts der Universität Bonn. In dieser Arbeit werden der Entwurf, die Weiterentwicklung, der Aufbau und die Inbetriebnahme sowie erste Nutzerbetriebe vorgestellt.","2011","2025-06-13 13:27:27","2025-06-13 13:27:27","","","","","","","","","","","","","Universität Bonn","","de","","Doctoral thesis (Dr. rer. nat.)","","","","","fulltext-url: https://bonndoc.ulb.uni-bonn.de/xmlui/bitstream/handle/20.500.11811/5077/2721.pdf?sequence=1&isAllowed=y Citation Key: klarner__2011__konzeption","","","","#author/gender/:male; #degree/granted-by/:uni-bonn; #degree/title/:dr.rer.nat.; #is-about/facility/:elsa","","","","","","","","","","","","","","","","","","","","","","","","","","","","","","","","","","","","","","","","","","","","","","",""
"CEW6CHD5","thesis","2017","Heurich, Nikolas","Die externe Strahlführung für Detektortests X3ed an der Elektronen-Stretcher-Anlage ELSA","","","","","https://doi.org/20.500.11811/7310","Um das Verständnis des Aufbaus der Materie zu erweitern sind Experimente mit hochenergetischen Teilchen erforderlich. Diese Teilchenstrahlen werden beispielsweise durch Kreisbeschleuniger bereitgestellt. Aufseiten der Experimente registrieren dann Detektoren möglichst alle bei den Wechselwirkungsprozessen entstandenen Teilchen. Somit lässt sich auf die Struktur der Bausteine der Materie schließen. Zukünftig sollen zum Beispiel die derzeit kleinsten bekannten Bausteine der Materie auf eine etwaige Substruktur hin untersucht werden. Um diese Experimente durchführen zu können, steigen die Anforderungen an die Detektoren. Daher wird eine stetige Entwicklung von Detektoren mit einer besseren Orts-, Zeit- als auch Energieauflösung in weltweiten Kollaborationen vorangetrieben. Für die Entwicklung dieser Detektoren sind Tests unter kontrollierten Bedingungen – direkte Teilchenstrahlen aus Beschleunigern – ein wichtiges Mittel, um die Funktionalität und Leistungsfähigkeit der Detektoren zu verifizieren. Im Rahmen dieser Arbeit wurde eine weltweit einzigartige Strahlführung für Detektortests (X3ED) errichtet. Es wird ein primärer Teilchenstrahl im Gegensatz zu den sonst von Beschleunigeranlagen zur Verfügung gestellten tertiären Teststrahlen angeboten. Bei einer Energie zwischen 0,8 GeV und 3,2 GeV können Elektronen mit Raten im Bereich von 300 Hz bis 400 MHz an die Experimente geliefert werden. Es sind vier Quadrupolmagnete in der Strahlführung installiert, um eine variable Strahlform am Testplatz zu ermöglichen. Mithilfe von Simulationen wurde untersucht, welche Strahleigenschaften am Testplatz einstellbar sind. Demnach kann der Strahl in beiden Ebenen Breiten im Bereich von ungefähr 1 mm bis 10 mm annehmen. Zur Diagnose sind in den Strahl fahrbare Schirmmonitore zur Bestimmung der Lage des Strahlschwerpunkts und der Strahlbreiten sowie ein Hochfrequenzresonator zur Messung des Strahlstroms installiert. Es wurde ein Strahlenschutzkonzept erarbeitet, was den Anforderungen der Strahlenschutzverordnung gerecht wird, ohne durch die baulichen Maßnahmen den zukünftigen Testbetrieb einzuschränken oder zu behindern, um die Strahlführung in Betrieb nehmen zu können. Die erforderlichen baulichen Maßnahmen wurden im Rahmen dieser Arbeit mithilfe eines Programms zur Simulation des Teilchentransports in Materie berechnet und umgesetzt. Nach der erfolgreichen Abnahme des neuen Experimentierbereichs folgte die Inbetriebnahme und Untersuchungen der Strahleigenschaften. Die Flexibilität des Strahls – sowohl der Teilchenrate als auch der Strahlbreite am Testplatz – konnte unter Beweis gestellt werden. Im Dezember des Jahres 2016 wurde der Teststrahl erstmalig von im Haus ansässigen Arbeitsgruppen im Bereich der Detektorentwicklung genutzt. Seit der Inbetriebnahme konnten schon mehrere Experimente von internen und externen Gruppen erfolgreich durchgeführt werden. Zukünftig wird die Beschleunigeranlage ELSA verstärkt für Detektortests zur Verfügung stehen und als wertvolle Infrastruktur für das in Bonn entstehende Forschungs- und Technologiezentrum Detektorphysik zum Einsatz kommen. Damit wird die Universität Bonn ein Zentrum für Forschergruppen im Bereich der Detektorentwicklung, die einen weltweit einzigartigen Teststrahl vor Ort nutzen können. The External Beamline for Detector Tests X3ED at the Electron Accelerator ELSA Detectors for high energy particle physics research are constantly developed in worldwide collaborations, aiming to improve both spatial and energy resolution. Detector testing is an important process during the development phase. A new beamline for detector tests (X3ED) has been commissioned in Bonn. X3ED supplies a primary particle beam which contrasts to the tertiary test beams provided by most accelerator facilities. At ELSA electrons can be extracted to the test area within an energy range of 0.8 GeV to 3.2 GeV and at particle rates from 300 Hz to 400 MHz. The beam width at the test area in both planes can be altered from 1 mm to 10 mm. A radiation protection concept was designed to meet the requirements of radiation protection ordinance in the new experimental area. The concept has been succesfully validated using the simulation program FLUKA. In operation the beamline's requirements concerning particle rates as well as beam widths met the specifications. In the future the particle accelerator facility ELSA will be increasingly used for detector tests as part of the infrastructure of the Forschungs- und Technologiezentrum Detektorphysik Bonn, providing a worldwide unique test beam on-site.","2017","2025-06-13 13:27:27","2025-06-13 13:27:27","","","179","","","","","","","","","","Universität Bonn","","de","","Doctoral thesis (Dr. rer. nat.)","","","","","fulltext-url: https://bonndoc.ulb.uni-bonn.de/xmlui/bitstream/handle/20.500.11811/7310/4919.pdf?sequence=1&isAllowed=y Citation Key: heurich__2017__externe","","","","#author/gender/:male; #degree/granted-by/:uni-bonn; #degree/title/:dr.rer.nat.; #is-about/facility/:elsa","","","","","","","","","","","","","","","","","","","","","","","","","","","","","","","","","","","","","","","","","","","","","","",""
"33TAZ9AQ","thesis","2014","Heiliger, Dominik","Erzeugung intensiver spinpolarisierter Elektronenstrahlen an der Beschleunigeranlage ELSA","","","","","https://doi.org/20.500.11811/6159","An der Elektronen-Stretcher-Anlage ELSA des Physikalischen Instituts der Universität Bonn werden derzeit hadronenphysikalische Doppelpolarisationsexperimente im Rahmen des transregionalen Sonderforschungsbereichs SFB/TR 16 ""Elektromagnetische Anregung subnuklearer Systeme"" durchgeführt. Der für diese Untersuchungen benötigte spinpolarisierte Elektronenstrahl wird in der Quelle für polarisierte Elektronen durch Bestrahlung einer Strained-Layer-Superlattice-GaAs-Photokathode mit polarisiertem Laserlicht geeigneter Wellenlänge erzeugt und anschließend nach Durchlaufen mehrerer Beschleunigungsstufen zu den Experimenten geleitet. Damit die spinpolarisierten Elektronen die GaAs-Photokathode verlassen können, muss die Austrittsarbeit durch Aufdampfen einer monoatomaren Lage aus Cäsium und Sauerstoff auf die Oberfläche der Kathode verringert werden. Bestimmte Restgasmoleküle lagern sich bevorzugt an dieser Cäsium/Sauerstoff-Schicht an, wodurch die Austrittsarbeit wieder ansteigt, bis keine Emission mehr möglich ist. Danach muss die Kathode gereinigt und wieder erneut bedampft werden. Um eine lange Einsatzzeit der Kathode zu gewährleisten, muss sich diese während des Betriebes ständig innerhalb eines Systems unter extremen Hochvakuum befinden, so dass die Anzahl der oben genannten Moleküle möglichst gering gehalten wird. Dies kann nur mit Hilfe eines Schleusensystems erreicht werden, welches das Einbringen, das Bedampfen und die Lagerung von Photokathoden ohne Belüften der Betriebskammer ermöglicht. Im Rahmen der vorliegenden Arbeit wurde das einstufige Schleusensystem der Quelle für polarisierte Elektronen durch ein neues, aus drei Kammern bestehendes System ersetzt. Die Aktivierungskammer dient zur Reinigung mit einer Strahlungsheizung und zum Bedampfen mit Cäsium und Sauerstoff, die Vorratskammer zur Lagerung und die Ladekammer zum Einbringen neuer Photokathoden. Zusätzlich kann durch den Beschuss der Photokathode mit atomarem Wasserstoff in der Ladekammer ein besseres Reinigungsergebnis bezüglich der Reinheit und Qualität der Oberfläche als durch die Reinigung mit Hitze alleine erzielt werden. Durch den Aufbau und die erfolgreiche Inbetriebnahme aller Elemente des neuen Schleusensystems ist es nun möglich bis zu drei Kathoden gleichzeitig unter extremen Hochvakuumbedingungen aufzubewahren, diese während des Betriebs zu reinigen und zu bedampfen. Dadurch wurde die Verfügbarkeit und die Zuverlässigkeit der Quelle für polarisierte Elektronen erhöht. Weiterhin konnte die Einheit für die Reinigung mit atomarem Wasserstoff in Betrieb genommen und erfolgreich an den Photokathoden getestet werden. Dieses neue Reinigungsverfahren führt zu einer deutlich längeren Verwendungsdauer der im System befindlichen Kathoden bevor diese ausgetauscht werden müssen. Parallel zur Konzeption, dem Aufbau und der Inbetriebnahme des neuen Schleusensystems wurden im Rahmen dieser Arbeit sowohl theoretische als auch praktische Untersuchungen zu einer Intensitätserhöhung des Elektronenstrahls durchgeführt. Eine Stromerhöhung an der Quelle wirkt sich direkt auf den, den Experimenten zur Verfügung gestellten, Strahlstrom aus. Dies ist für den zukünftigen Beschleunigerbetrieb sowie die Durchführung geplanter hadronenphysikalischer Experimente gewünscht und erforderlich. Es konnte nachgewiesen werden, dass die Erzeugung eines Strahls mit 200,mA Strom und dessen Transport zur ersten Beschleunigungsstufe möglich ist.  Generation of spin-polarized electron beams at the electron accelerator ELSA: The inverted source of polarized electrons at the electron accelerator ELSA in Bonn routinely provides a pulsed and low energetic beam of polarized electrons (100 mA, 48 keV) by irradiating a GaAs strained-layer superlattice photocathode with laser light. Due to the beam energy of 48 keV the beam transport to the linear accelerator is strongly space charge dominated and the actual beam current has an impact on the beam dynamics. Thus, the optics of the transfer line to the linear accelerator must be optimized with respect to the chosen beam intensity. An intensity upgrade including numerical simulations of the beam transport as well as a generation and a transport of a beam current of nearly 200 mA was successfully operated. In order to enhance the reliability and uptime of the source, a new extreme high vacuum load lock system was installed and commissioned. It consists of an activation chamber for heat cleaning of the photocathodes and activation with cesium and oxygen, a storage in which different types of photocathodes can be stored and a loading chamber in which an atomic hydrogen source is used to remove nearly any remaining surface oxidation. The new cleaning procedure with atomic hydrogen was investigated regarding its potential to restore the initial quantum efficiency of the photocathode after many activations.","2014","2025-06-13 13:27:27","2025-06-13 13:27:27","","","","","","","","","","","","","Universität Bonn","","de","","Doctoral thesis (Dr. rer. nat.)","","","","","fulltext-url: https://bonndoc.ulb.uni-bonn.de/xmlui/bitstream/handle/20.500.11811/6159/3725.pdf?sequence=1&isAllowed=y Citation Key: heiliger__2014__erzeugung","","","","#author/gender/:male; #degree/granted-by/:uni-bonn; #degree/title/:dr.rer.nat.; #is-about/facility/:elsa","","","","","","","","","","","","","","","","","","","","","","","","","","","","","","","","","","","","","","","","","","","","","","",""
"XHQUAASF","thesis","2010","Eberhardt, Maren","Messung und Korrektur der Arbeitspunkte während der Energierampe am Stretcherring von ELSA","","","","","https://doi.org/20.500.11811/4701","An der Elektronen-Stretcher-Anlage ELSA des Physikalischen Instituts der Universität Bonn werden Doppelpolarisationsexperimente zur Untersuchung der Struktur der Baryonen im Rahmen des transregionalen Sonderforschungsbereichs SFB/TR 16 durchgeführt. Bei der Beschleunigung der für diese Experimente benötigten spinpolarisierten Elektronen treten bei bestimmten Strahlenergien depolarisierende Resonanzen auf, die unter anderem mit den vertikalen Strahlschwingungen der Elektronen im Beschleuniger zusammenhängen. Um den Polarisationsverlust zu reduzieren, wird während der Energieerhöhung der vertikale Arbeitspunkt, der die Anzahl der Strahlschwingungen pro Umlauf im Beschleuniger angibt, sprungartig verändert, um die Resonanzkreuzungsgeschwindigkeit zu erhöhen. Dafür ist sowohl eine Kenntnis des vertikalen als auch des horizontalen Arbeitspunktes essentiell. Während der schnellen Energieerhöhung treten dynamische Effekte auf, die die Arbeitspunkte und somit auch die Energien, bei denen depolarisierende Resonanzen auftreten, verändern. Eine Messung und Korrektur der Arbeitspunktverschiebungen während des Beschleunigungsvorgangs ist erforderlich. Im Rahmen der vorliegenden Arbeit wurde am Stretcherring von ELSA ein System zur Arbeitspunktmessung und -korrektur entwickelt und in Betrieb genommen, das neben der Messung des vertikalen und horizontalen auch die des longitudinalen Arbeitspunktes ermöglicht. Insbesondere sind zur Kompensation der Abweichungen des Arbeitspunktes während der schnellen Energieerhöhung präzise Messungen in Abständen von Millisekunden erforderlich. Die zur Bestimmung des horizontalen und vertikalen Arbeitspunktes benötigte Anregung kohärenter Strahlschwingungen wird durch schnell gepulste Kickermagnete bewerkstelligt. Für die horizontale Schwingungsebene wird einer der Injektionskickermagnete verwendet, während für Anregungen in der vertikalen Ebene im Rahmen dieser Arbeit ein neuer Kickermagnet gebaut und in Betrieb genommen wurde. Dieser ist in der Lage, das strahlablenkende Feld innerhalb von maximal 548 ns auf- und abzubauen und einen ausreichend großen Kickwinkel zu erzeugen, um die durch ihn kohärent angeregten, vertikalen Strahlschwingungen mit Hilfe eines Strahlpositionsmonitors detektieren zu können. Zur Anregung kohärenter, longitudinaler Strahlschwingungen wird ein Phasensprung der zur Beschleunigung der Elektronen verwendeten Hochfrequenz durchgeführt, um eine Bestimmung und gezielte Verschiebung des longitudinalen Arbeitspunktes vorzunehmen zu können. Dieses neue System zur Arbeitspunktmessung und -korrektur wird seit Ende 2009 erfolgreich während des Strahlbetriebs an ELSA eingesetzt.","2010","2025-06-13 13:27:27","2025-06-13 13:27:27","","","108","","","","","","","","","","Universität Bonn","","de","","Doctoral thesis (Dr. rer. nat.)","","","","","fulltext-url: https://bonndoc.ulb.uni-bonn.de/xmlui/bitstream/handle/20.500.11811/4701/2378.pdf?sequence=1&isAllowed=y Citation Key: eberhardt__2010__messung","","","","#degree/granted-by/:uni-bonn; #degree/title/:dr.rer.nat.; #author/gender/:female; #is-about/facility/:elsa","","","","","","","","","","","","","","","","","","","","","","","","","","","","","","","","","","","","","","","","","","","","","","",""
"7A8MXJWY","thesis","2014","Boldt, Oliver","Spindynamik von Elektronenstrahlen in Kreisbeschleunigern","","","","","https://doi.org/20.500.11811/6110","Spinpolarisierte Teilchenstrahlen bereichern seit den Experimenten von Stern und Gerlach physikalische Experimente in einer Vielzahl von Anwendungen. Gerade in der Hochenergiephysik kamen in der jüngeren Vergangenheit häufig polarisierte Teilchenstrahlen als elektromagnetische Sonde zum Einsatz. Teilchenbeschleuniger erwiesen sich hierbei als unverzichtbares Instrument zur Bereitstellung hochenergetischer Strahlen, mit deren Hilfe der Aufbau der Materie untersucht werden kann. Die in diesem Feld erzielten Fortschritte sind nicht zuletzt mit der Weiterentwicklungen von Beschleunigertechnologien verbunden. Im Vordergrund dabei steht das Erreichen hoher Strahlenergien und -intensitäten, brillanter Strahlen und hoher Polarisationsgrade. Insbesondere bei Kreisbeschleunigern gilt es Resonanzen zu vermeiden, da sie zu Strahlverlust oder, im Falle eines polarisierten Strahls, zur Depolarisation führen können. Die Untersuchung der Depolarisation von Elektronenstrahlen ist Gegenstand dieser Arbeit.  Spindynamics of Electron Beams in Circular Accelerators: Experiments using high energy beams of spin polarized, charged particles still prove to be very helpful in disclosing a deeper understanding of the fundamental structure of matter. An important aspect is to control the beam properties, such as brilliance, intensity, energy, and degree of spin polarization. In this context, the present studies show various numerical calculations of the spin dynamics of high energy electron beams in circular accelerators. Special attention has to be paid to the emission of synchrotron radiation, that occurs when deflecting charged particles on circular orbits. In the presence of the fluctuation of the kinetic energy due to the photon emission, each electron spin moves non-deterministically. This stochastic effect commonly slows down the speed of all numeric estimations. However, the shown simulations cover --- using appropriate approximations --- trackings for the motion of thousands of electron spins for up to thousands of turns. Those calculations are validated and complemented by empirical investigations at the electron stretcher facility ELSA of the University of Bonn. They can largely be extended to other boundary conditions and thus, can be consulted for new accelerator layouts.","2014","2025-06-13 13:27:27","2025-06-13 13:27:27","","","","","","","","","","","","","Universität Bonn","","de","","Doctoral thesis (Dr. rer. nat.)","","","","","fulltext-url: https://bonndoc.ulb.uni-bonn.de/xmlui/bitstream/handle/20.500.11811/6110/3645.pdf?sequence=1&isAllowed=y Citation Key: boldt__2014__spindynamik","","","","#author/gender/:male; #degree/granted-by/:uni-bonn; #degree/title/:dr.rer.nat.","","","","","","","","","","","","","","","","","","","","","","","","","","","","","","","","","","","","","","","","","","","","","","",""
"RFJRHVJ3","thesis","2017","Vennekate, Hannes","Emittance compensation for SRF photoinjectors","","","","","https://nbn-resolving.org/urn:nbn:de:bsz:14-qucosa-229164","The advantages of contemporary particle injectors are high bunch charges and good beam quality in the case of normal conducting RF guns and increased repetition rates in the one of DC injectors. The technological edge of the concept of superconducting radio frequency injectors is to combine the strengths of both these sides. As many future accelerator concepts, such as energy recovery linacs, high power free electron lasers and certain collider designs, demand particle sources with high bunch charges and high repetition rates combined, applying the superconductivity of the accelerator modules to the injector itself is the next logical step. However, emittance compensation — the cornerstone for high beam quality — in case of a superconducting injector is much more challenging than in the normal conducting one. The use of simple electromagnets generating a solenoid field around the gun’s resonator interferes with its superconducting state. Hence, it requires novel and sophisticated techniques to maintain the high energy gain inside the gun cavity, while at the same time alleviating the detrimental fast transverse emittance growth of the bunch. In the case of the ELBE accelerator at the Helmholtz-Zentrum Dresden-Rossendorf, a superconducting electron accelerator provides beam for several independent beamlines in continuous wave mode. The applications include IR to THz free electron lasers, neutron and positron generation, to Thompson backscattering with an inhouse TW laser, and hence, call for a flexible CW injector. Therefore, the development of a 3.5 cell superconducting electron gun was initiated in 1997. The focus of this thesis lies on three approaches of transverse emittance compensation for this photoinjector: RF focusing, the installation of a superconducting solenoid close to the cavity’s exit, and the introduction of a transverse electrical mode of the RF field in the resonator. All three methods are described in theory, examined by numerical simulation, and experimentally reviewed in the particular case of the ELBE SRF Gun II at HZDR and a copy of its niobium resonator at Thomas Jefferson National Laboratory, Newport News, VA, USA.","2017","2025-06-13 13:27:27","2025-06-13 13:27:27","","","227","","","","","","","","","","Technische Universität Dresden","","en","","Doctoral thesis (Dr. rer. nat.)","","","","","fulltext-url: https://tud.qucosa.de/api/qucosa%3A30555/attachment/ATT-0/ Citation Key: vennekate__2017__emittance","","","","#author/gender/:male; #degree/title/:dr.rer.nat.; #degree/granted-by/:tu-dresden; #is-about/accelerator-type/erl","","","","","","","","","","","","","","","","","","","","","","","","","","","","","","","","","","","","","","","","","","","","","","",""
"YDX6DX3E","thesis","2017","Lu, Pengnan","Optimization of an SRF gun for high bunch charge applications at ELBE","","","","","https://nbn-resolving.org/urn:nbn:de:bsz:14-qucosa-223386","As a cutting-edge technology for photoinjectors, SRF guns are expected to provide CW electron beams with high bunch charge and low emittance, which is critical to the development of future FELs, ERLs and 4th/5th generation light sources. However, existing research has not explored the full potential of SRF guns as predicted by theory. Currently, the research activities at ELBE focus on solving technological challenges of a 3.5 cell SRF gun as well as applying it to high-bunch-charge experiments. This thesis aims to optimize the ELBE SRF gun and the relevant beam transport for future high-bunch-charge applications at pELBE, nELBE, TELBE and CBS experimental stations. Chapter 1 describes the demands of these applications on the SRF gun in detail. Chapter 2 outlines the development of a simulation tool based on ASTRA and Elegant, followed by the optimized gun parameters and the beam transport for the four experimental stations. Chapter 3 introduces beam diagnostic methods and data processing applied in this thesis. Chapter 4 presents results of experiments, including the pulse length measurement of the UV laser for generating electrons from the photcathode, the commissioning of ELBE SRF Gun II, a verification experiment on the LSC effect conducted at PITZ and a beam transport experiment with the bunch charge of 200 pC. Simulation results have determined the effect of each SRF gun parameter on the beam quality and have provided optimized settings according to the requirements in Chapter 1. Experimentally, the LSC effect was confirmed at PITZ, in agreement with simulations which indicated that LSC significantly influences beam quality. The performance of ELBE SRF Gun II was improved and a beam with a bunch charge of 200 pC and an emittance of 7.7 μm from ELBE SRF Gun II has been transported through ELBE without visible beam loss. The development of the simulation tool and beam diagnostics will serve further research at ELBE. Results of both simulations and experiments enrich the understanding of the existing SRF gun as well as the ELBE beamline and will guide continuing improvements. Already, ELBE SRF Gun II can deliver twice the bunch charge and lower emittance compared to the thermionic injector routinely used for ELBE. Ongoing modifications and development of the gun-cavity and photocathodes are expected to provide still further improvements. Progress on high-bunch-charge experiments at ELBE can be expected by applying the SRF gun.","2017","2025-06-13 13:27:27","2025-06-13 13:27:27","","","","","","","","","","","","","Technische Universität Dresden","","en","","Doctoral thesis (Dr. rer. nat.)","","","","","fulltext-url: https://tud.qucosa.de/api/qucosa%3A30272/attachment/ATT-0/ Citation Key: lu__2017__optimization","","","","#author/gender/:male; #degree/title/:dr.rer.nat.; #degree/granted-by/:tu-dresden","","","","","","","","","","","","","","","","","","","","","","","","","","","","","","","","","","","","","","","","","","","","","","",""
"2G6IAA6E","thesis","2015","Ungelenk, Peter","Generation and Detection Schemes for Laser-Induced Coherent Terahertz Radiation at the Electron Storage Ring Delta","","","","","https://doi.org/10.17877/DE290R-17221","Im periodischen Fokussiersystem eines Speicherrings wird der Teilchenstrahl auf einen geschlossenen Orbit, d.h. eine sich wiederholende Teilchenbahn durch den Beschleuniger, abgebildet. Störungen dieses geschlossenen Orbits werden durch fehlerhafte Beschleunigerelemente erzeugt und durch spezielle Magnetstrukturen (Korrektoren) kompensiert. Die zur Kompensation erforderliche Diagnose über Strahlpositionsmonitore (BPMs) sowie die ebenfalls notwendige Charakterisierung der Korrektoren über Messung der sog. Responsematrix wird routinemäßig an vielen Speicherringen weltweit durchgeführt. Weiterhin ist die Bewegung der Einzelteilchen um den geschlossenen Orbit (Strahloptik) aus Stabilitätsgründen interessant, konnte jedoch bisher nur mittels zusätzlicher Spezialhardware beobachtet oder näherungsweise durch Simulation mithilfe eines vollständigen magnetischen Modells des Beschleunigers abgeschätzt werden. Es ist bekannt, dass in Responsematrizen ebenfalls aufschlussreiche Informationen über die Einzelteilchenbewegung um die Sollbahn (Strahloptik), wenn auch in verschlüsselter Form, enthalten sind. Da Responsematrizen routinemäßig an vielen Speicherringen aufgenommen werden und keine zusätzliche Hardware erfordern, ist ihre ""Entschlüsselung"" von besonderem Interesse. In der vorliegenden Arbeit wird ein Algorithmus mit dem Namen COBEA (Closed-Orbit Bilinear-Exponential Analysis) entwickelt, mit dessen Hilfe Responsematrizen in strahloptische Informationen zerlegt werden können. Grundlage dafür ist eine reduzierte und zugleich verallgemeinerte Darstellung der Störungen des geschlossenen Orbits (Bilinear-Exponentielles Modell) in Abhängigkeit von Strahlparametern an Monitor- und Korrektorpositionen. Abschliessend wird COBEA an drei Speicherringen (DELTA, MLS, BESSY II) mit existierenden Methoden, welche alle entweder zusätzliche Hardware oder zusätzliche Annahmen erfordern, verglichen und erfolgreich validiert. COBEA kann somit an vielen Speicherringen weltweit eingesetzt werden.  In periodic focusing systems of accelerators, the particle beam is mapped onto its own closed trajectory (respectively closed orbit). Perturbations of this closed orbit are induced by imperfect accelerator parts and can be compensated by special magnetic devices (correctors). The beam diagnostics using beam position monitors (BPMs), as well as the characterization of corrector magnets by measurement of a so-called response matrix, which are both needed for orbit correction, are routinely performed at many storage rings around the world. Furthermore, the single-particle motion (beam optics) around the closed orbit is of interest due to its implication on beam stability and performance, but could hitherto only be observed by use of additional special hardware or, in approximation, by simulations using the complete magnetic setup of the respective storage ring. It is known that response matrices hold significant information about beam optics, although in an encrypted form. As response matrices are routinely measured at many storage rings without additional hardware, their decomposition is of particular interest. In the present work, an algorithm called Closed-Orbit Bilinear-Exponential Analysis (COBEA) is being developed, with which it is possible to decompose response matrices into beam-optical information with a minimal set of assumptions. The analysis is based on a reduced and simulataneously generalized description of closed-orbit perturbations in dependence of beam parameters at monitor and corrector positions. In closing, COBEA is compared against existing measurement methods, which either need more hardware or more assumptions, and is succesfully validated against them. COBEA can therefore be used at many storage rings around the world.","2015","2025-06-13 13:27:27","2025-09-03 03:57:03","","","","","","","","","","","","","Technische Universität Dortmund","","de","","Doctoral thesis (Dr. rer. nat.)","","","","","fulltext-url: https://eldorado.tu-dortmund.de/bitstreams/053b7447-893f-40fe-a3c9-53da088763e6/download Citation Key: ungelenk__2015__generation","","","","#author/gender/:male; #degree/title/:dr.rer.nat.; #degree/granted-by/:tu-dortmund; #is-about/facility/:bessy-2; #has-affiliation/:hzb","","","","","","","","","","","","","","","","","","","","","","","","","","","","","","","","","","","","","","","","","","","","","","",""
"I3GYZBIC","thesis","2017","Schünemann, Gerrit","Development and application of a universal distributed data acquisition systemfor orbit feedback applicationson electron and hadron synchrotrons","","","","","https://doi.org/10.17877/DE290R-17797","To improve beam quality, the DELTA storage ring (TU Dortmund) conducted a number of orbit-feedback developments in the past, including a successful fast local orbit feedback project. To enable hadron accelerators to benefit from this knowledge, a collaboration was formed between DELTA, the storage ring COSY (Forschungszentrum Jülich) and the SIS18 accelerator (GSI Helmholtzzentrum für Schwerionenforschung GmbH, Darmstadt). The goals were the development of a global fast orbit feedback system for the DELTA storage ring, the development of a local feedback for the COSY electron beam cooler section and a global feedback for the SIS18 accelerator. This thesis describes the development and application of a universal position measurement system, usable for electron and hadron accelerators and targeted to fast orbit feedback applications, in the framework of this collaboration. The developed distributed system has input capabilities for electron or hadron beam position monitors and output options for feedback tasks and different control system connections. It is connected by a versatile communication structure. The developed common hardware platform is re-programmable and therefore usable as an input device as well as for feedback- or other measurement tasks. It delivers data at a constant data rate of 10 kHz, resulting in a target feedback-rate of up to 1 kHz. It was used to evaluate beam position data globally at DELTA, locally at SIS18 and locally at the COSY beam cooler section. At DELTA, the system forms the basis for a future fast orbit feedback system, which is expected to significantly increase the beam quality for synchrotron radiation based research as well as ongoing electron-beam/laser interaction experiments. The system can also be used as a high precision data source for the slow orbit feedback system in operation. The COSY measurements show the possibility of a local fast orbit feedback system at the storage ring's electron cooler. The data analysis of the SIS18 accelerator suggests the utilization of a feedback system to improve beam quality during ramping. The system's structure is expected to be utilized in a future SIS100 accelerator feedback.","2017","2025-06-13 13:27:27","2025-06-13 13:27:27","","","141","","","","","","","","","","Technische Universität Dortmund","","en","","Doctoral thesis (Dr. rer. nat.)","","","","","fulltext-url: https://eldorado.tu-dortmund.de/bitstreams/dd1a49c2-fc8f-492f-9b03-f8bb0455298e/download Citation Key: schunemann__2017__development","","","","#author/gender/:male; #degree/title/:dr.rer.nat.; #degree/granted-by/:tu-dortmund","","","","","","","","","","","","","","","","","","","","","","","","","","","","","","","","","","","","","","","","","","","","","","",""
"DEFQQKT9","thesis","2015","Huck, Maryam","Characterization of VUV pulses from the short-pulse facility at DELTA and steps towards pump-probe experiments","","","","","https://doi.org/10.17877/DE290R-7053","The short-pulse facility at the 1.5-GeV synchrotron light source DELTA, operated by the TU Dortmund University, generates coherent VUV radiation by Coherent Harmonic Generation (CHG) as well as coherent THz pulses. The goal is to provide femtosecond coherent VUVradiation pulses for time-resolved pump-probe experiments. CHG is based on the interaction of ultrashort laser pulses with electrons in an undulator to generate synchrotron radiation pulses of similar length, but at coherent harmonics of the laser wavelength. The goals of this PhD thesis were the characterization of the CHG pulses and the preparation of the first pump-probe experiments with the new light source. The CHG pulses were characterized using different methods which are applied either at a diagnostics beamline in air (for long wavelengths of 200 nm and above) or at an evacuated VUV beamline (for 200 nm and below). The characterization includes studying the transverse and longitudinal coherence properties of the CHG pulses, the intensity of the radiation, its angular and spectral distribution, estimate of the energy modulation, and the dependence of these properties on different parameters. In order to perform pump-probe experiments, an evacuated laser beamline of 53 m length was constructed and commissioned to guide some part of the laser pulses to the experimental station at the VUV beamline. This included optimizing and focusing the laser beam, realizing the temporal and transverse overlap between pump and probe pulses, controlling and monitoring the beam position with motorized in-vacuum mirrors and diagnostics screens, and stabilizing the angle and position of the beam using an optical feedback system.","2015","2025-06-13 13:27:27","2025-06-13 13:27:27","","","","","","","","","","","","","Technische Universität Dortmund","","en","","Doctoral thesis (Dr. rer. nat.)","","","","","fulltext-url: https://eldorado.tu-dortmund.de/bitstream/2003/33920/1/Dissertation.pdf Citation Key: huck__2015__characterization","","","","#degree/title/:dr.rer.nat.; #author/gender/:female; #degree/granted-by/:tu-dortmund","","","","","","","","","","","","","","","","","","","","","","","","","","","","","","","","","","","","","","","","","","","","","","",""
"XQUDC8KR","thesis","2015","Höner, Markus","Investigation of transient processes at the DELTA electron storage ring using a digital bunch-by-bunch feedback system","","","","","https://doi.org/10.17877/DE290R-7517","An der 1.5-GeV Synchrotronstrahlungsquelle DELTA, betrieben von der Technischen Universität Dortmund, wird intensive Synchrotronstrahlung im Spektralbereich von harter Röntgenstrahlung bis zur THz-Strahlung durch die Kreisbeschleunigung hochrelativistischer Elektronenpakete erzeugt. Die Elektronenpakete erzeugen durch die Wechselwirkung mit der Vakuumkammerwand elektromagnetische Felder, die auf nachfolgende Pakete zurückwirken können. Mit wachsendem Strahlstrom verstärkt sich diese Wechselwirkung, sodass der Elektronenstrahl instabil wird, d.h., dass alle Elektronenpakete anfangen um ihre Sollposition longitudinal oder transversal zu schwingen. Diese Oszillationen reduzieren zum Einen die Qualität der emittierten Synchrotronstrahlung und zum Anderen wird durch die Schwingungen der Maximalstrom begrenzt. Im Rahmen dieser Arbeit wurden die Strahlinstabilitäten am Elektronenspeicherring DELTA systematisch untersucht. Es wurde ein digitales Regelsystem installiert und in Betrieb genommen, welches in der Lage ist, die Position jedes Elektronenpakets bei jedem Umlauf zu detektieren und zu digitalisieren. Auf Grundlage des Eingangssignals kann ein Korrektursignal berechnet werden, um sowohl transversale als auch longitudinale Schwingungen jedes Paketes zu unterdrücken. Darüber hinaus ist es möglich, gezielt einzelne Pakete zu Schwingungen anzuregen. Die systematische Anregung aller Schwingungsmoden des Elektronenstrahls erlaubte es im Rahmen dieser Arbeit erstmalig, die Dämpfungszeiten aller 192 Eigenmoden des Elektronenstrahls zu bestimmen. Die Stromabhängigkeit der Dämpfungsraten wurde untersucht, und eine Instabilitätsschwelle für die longitudinale Oszillation gefunden. Neben der Untersuchung von Strahlinstabilitäten mit mehreren Elektronenpaketen wurde das Verhalten eines einzelnen Elektronenpakets im Speicherring untersucht. Die Datennahme des digitalen Regelsystems kann auf externe Ereignisse getriggert werden, was dazu verwendet wurde, den Injektionsprozess und das Auftreten von Strahlverlusten zu untersuchen. Dabei konnte gezeigt werden, dass eine transversale Dämpfung des Strahls mit Hilfe des Regelsystems eine Vergrößerung der Injektionseffizienz bewirkt. Ein weiterer Aspekt dieser Arbeit ist die Verbesserung der Signalqualität kohärenter Synchrotronstrahlung, die im Rahmen der DELTA Kurzpulsquelle erzeugt wird. Die Kurzpulsquelle basiert auf dem Coherent Harmonic Generation Prinzip (CHG), bei dem durch die Wechselwirkung von Femtosekunden-Laserpulsen mit den Elektronenpaketen kohärente Synchrotronstrahlung im VUV-Spektralbereich erzeugt wird. Es konnte gezeigt werden, dass sich im Hybrid-modus die Signalintensität durch das longitudinale Regelsystem vergrößern lässt.  At the 1.5-GeV synchrotron radiation source DELTA, operated by the TU Dortmund University, intensive synchrotron radiation in the spectral range from hard X-rays to THz radiation is generated by the circular deflection of highly relativistic electron bunches. Interacting with the vacuum chamber wall, the electron bunches create electric fields, which can act back on subsequent bunches. With increasing beam current, the excitation is enhanced so that the electron beam is unstable, which means that the electron bunches oscillate longitudinally or transversely relative to their reference position. The oscillations reduce the quality of the synchrotron radiation and limit the maximum storable beam current. Within the scope of this thesis, the beam instabilities at the storage ring were systematically investigated. A digital bunch-by-bunch feedback system was installed and commissioned, which allows to detect and digitize the position of each electron bunch at each turn. Based on the input signal, a correction signal is calculated in order to suppress transverse and longitudinal oscillation of the bunches. In addition, it is possible to excite dedicated bunches. The systematic excitation of all coupled-bunch modes allowed for the first time to determine the damping rates of all 192 eigenmodes of the electron beam. The current dependence of the damping rates was investigated and an instability threshold was found. Besides the investigation of multibunch instabilities, single-bunch instabilities are discussed. In addition, the acquisition unit of the digital feedback system can be triggered on external events. This was used to investigate the injection process and beam losses. It was shown that the transverse feedback system increases the injection efficiency. Another aspect of this thesis is the improvement of the signal quality of ultrashort coherent synchrotron radiation pulses, which are generated by the short-pulse facility at DELTA. The short-pulse facility is based on coherent harmonic generation (CHG), in which an interaction of femtosecond laser pulses with electron bunches creates coherent synchrotron radiation in the VUV regime. It was shown that in hybrid mode the signal intensity can be increased by the use of the longitudinal feedback system.","2015","2025-06-13 13:27:27","2025-06-13 13:27:27","","","","","","","","","","","","","Technische Universität Dortmund","","en","","Doctoral thesis (Dr. rer. nat.)","","","","","fulltext-url: https://eldorado.tu-dortmund.de/bitstreams/7f9e3b5a-c9bb-44e7-8188-58c5e320d5d8/download Citation Key: honer__2015__investigation","","","","#author/gender/:male; #degree/title/:dr.rer.nat.; #degree/granted-by/:tu-dortmund","","","","","","","","","","","","","","","","","","","","","","","","","","","","","","","","","","","","","","","","","","","","","","",""
"L94RP6AV","thesis","2014","Fürsch, Jonathan","Lebensdauerverbesserung und Strahlstabilisierung durch longitudinale Phasenmodulation am Elektronenspeicherring DELTA","","","","","https://doi.org/10.17877/DE290R-6524","Im Rahmen der vorliegenden Arbeit wurde ein System zur longitudinalen Phasenmodulation der Nachbeschleunigungsspannung im Hohlraumresonator des Speicherrings Delta konzipiert, entwickelt, aufgebaut, in Betrieb genommen und erprobt. Mit geeignet gewählten Betriebsparametern ermöglicht es jederzeit, die Anregung der longitudinalen Multibunchmoden unter die Nachweisschwelle zu senken. Dies gilt insbesondere auch für die bei hohen Strahlströmen in Delta besonders häufig stark angeregte longitudinale Multibunchmode CBM 54 (Coupled-Bunch-Mode 54). Erstmals existiert hiermit eine Lösung für das Problem der Anregung von Multibunchmoden bei hohen Strahlströmen im Speicherring Delta. Die Phasenmodulation beeinflusst die longitudinale Elektronenverteilung innerhalb der Bunche. Optimale Ergebnisse konnten mit einer Modulationsfrequenz erzielt werden, die doppelt so groß ist, wie die Synchrotronfrequenz. Es wird ein sinusförmiges Modulationssignal verwendet, wodurch Dispersionseﬀekte in der Modulationssignalleitung entfallen. Die longitudinale Phasenlage der Nachbeschleunigungsspannung wird so moduliert, dass sich die Bunche synchron zu Modulations- und Synchrotronfrequenz periodisch aufweiten, was im Rahmen der vorliegenden Arbeit sowohl durch Simulationsrechnungen, als auch durch Messungen nachgewiesen wurde. Die maximale Aufweitung und maximale Strahllebensdauer stellt sich bei einem Phasenhub von etwa 3° ein. Bei gr ößerem Phasenhub tritt eine Aufteilung der Bunche in zwei Teilbunche auf, die longitudinal mit der Synchrotronfrequenz gegenphasig zueinander schwingen. Um möglichst wenig Elektronen durch Verlassen der Separatrix bei zu starker Aufteilung zu verlieren, wird der Phasenhub nicht höher als 25° gew ählt. Der ohne Phasenmodulation nur geringfügig variierende Abstand zwischen den Elektronen benachbarter Bunche unterliegt nun einer deutlich verbreiterten Verteilung, die sich darüber hinaus stetig zeitlich ändert. Dadurch wird die, für die Anregung longitudinaler Multibunchmoden erforderliche, resonante Wechselwirkung zwischen den Schwingungen verschiedener Bunche entscheidend reduziert. Ab einem Phasenhub von etwa 2°–3° führt die Phasenmodulation zu einer Unterdrückung der longitudinalen Multibunchmoden. Als Ursache der CBM 54-Anregung wurde bisher eine schmalbandige störende Resonanz im Speicherring außerhalb des zur Nachbeschleunigung verwendeten Hohlraumresonators angenommen. Im Rahmen der vorliegenden Arbeit wurde gezeigt, dass die CBM 54 durch die T E111-Mode des Hohlraumresonators angeregt wird. 97 8 Zusammenfassung Neben der longitudinalen Strahlstabilisierung konnten mit der Phasenmodulation auch unerw ünschte transversale Schwingungen unterdrückt werden, mit zusätzlichen positiven Nebeneﬀekten, insbesondere geringere Vakuumkammertemperatur und Vakuumdruckverbesserung. Bei Tests für ein Feedbacksystem, das die longitudinale Strahlstabilität regelungstechnisch verbessern soll, konnte gezeigt werden, dass das im Rahmen der vorliegenden Arbeit aufgebaute Phasenmodulationssystem geeignet ist, einen bereits injizierten Strahl soweit zu stabilisieren, dass das Feedbacksystem ohne vorherige Strahlstromreduzierung (neu) gestartet werden kann. Der für den Standardnutzerbetrieb bedeutendste Eﬀekt der Phasenmodulation ist die erzielte Verbesserung der Lebensdauer, wodurch gespeicherte Elektronen länger für die Erzeugung von Synchrotronstrahlung zur Verfügung stehen. Im Standardnutzerbetrieb mit SAW steigt die Lebensdauer mindestens um etwa eine Stunde, ohne SAW um etwa zwei bis drei Stunden an. Maßgeblich hierfür ist die Verringerung des Touschek-Eﬀektes (Kapitel 3.3.1) durch die (aufgrund der im zeitlichen Mittel erhöhten Bunchlänge) verringerte eﬀektive Elektronendichte innerhalb der Bunche. Untersuchungen im Rahmen der vorliegenden Arbeit zeigen eine Erhöhung der Touschek-Lebensdauer von 60 % während dem Einsatz der Phasenmodulation. Ein Phasenmodulationssystem ist im Gegensatz zu einem Landau-Cavity-System mit ebenfalls bunchverlängernder Wirkung (an Delta bereits untersucht [20]) ohne Eingriﬀ in das Vakuumsystem nachrüst- und abschaltbar, wohingegen Landau-Cavitys zur Außerbetriebnahme gezielt verstimmt werden müssten, was möglicherweise Auswirkungen auf andere Eﬀekte hätte (z. B. höhere Moden der Landau-Cavitys selbst), und dadurch entsprechende Temperaturstabilisierung und Dämpfung erforderlich machen würde. Der im Rahmen der vorliegenden Arbeit entwickelte und realisierte Aufbau ermöglicht seit 2009 erfolgreich den zuverlässigen Einsatz der Phasenmodulation im Standardnutzerbetrieb unter Vermeidung unerwünschter Auswirkungen auf Messsysteme und Injektionskette und lässt sich für Sonderbetriebsformen wie FEL-Betrieb (Hier ist ein kurzer Bunch mit hoher Elektronendichte erforderlich, jede Bunchverlängerung also zu vermeiden.) jederzeit nachwirkungsfrei ausschalten. Die Lebensdauerverbesserung erhöht die Nutzbarkeit von Delta als Synchrotronstrahlungsquelle erheblich, da der Strahlstrom nach der Injektion langsamer sinkt und dadurch mehr Synchrotronstrahlung für Experimente verfügbar ist.","2014","2025-06-13 13:27:27","2025-06-13 13:27:27","","","","","","","","","","","","","Technische Universität Dortmund","","de","","Doctoral thesis (Dr. rer. nat.)","","","","","fulltext-url: https://eldorado.tu-dortmund.de/bitstreams/102166de-d7d3-4c9b-83e7-39c616c9a348/download Citation Key: fuersch__2014__lebensdauerverbesserung","","","","#author/gender/:male; #degree/title/:dr.rer.nat.; #degree/granted-by/:tu-dortmund","","","","","","","","","","","","","","","","","","","","","","","","","","","","","","","","","","","","","","","","","","","","","","",""
"WZC2JZTZ","thesis","2015","Ferrarotto, Alessandro","Entwicklung eines TM110-HF-Deflektors zur longitudinal aufgelösten transversalen Strahldiagnose von Pikosekunden-Elektronenbunchen im MeV-Bereich","","","","","https://doi.org/10.17877/DE290R-16520","Die vorliegende Arbeit beschreibt die Entwicklung einer neuartigen Hochfrequenzkomponente für Teilchenbeschleuniger zur longitudinal aufgelösten Bestimmung der transversalen Eigenschaften des Phasenraums von Teilchenpaketen. Die Motivation dieser Arbeit liegt in der Notwendigkeit der Entwicklung von Diagnosemöglichkeiten für neuartige Hochstrom-Kurzpuls- und Hochbrillanzteilchenquellen wie sie in den aktuellen und kommenden Teilchenbeschleunigergenerationen verwendet werden sollen. Hierzu gibt die vorliegende Arbeit zunächst einen kurzen Überblick über den Formalismus zur Beschreibung von Teilchenpaketen in Phasenräumen und erläutert darauf aufbauend Verfahren um diese Phasenräume zu vermessen. Um diese Verfahren longitudinal aufgelöst durchführen zu können ist es erforderlich die Teilchenpakete in elektromagentischen Hochfrequenzfeldern transversal abzulenken. Die Erzeugung der hier für nötigen Hochfrequenzfelder findet in Hohlraumresonatoren statt. Die vorliegende Arbeit beschreibt ausführlich die Entwicklung eines neuartigen Hohlraumresonators welcher es ermöglicht die Verfahren zur longitudinal aufgelösten Bestimmung der transversalen Eigenschaften des Phasenraums von Teilchenpaketen zu vereinfachen und zu verbessern.","2015","2025-06-13 13:27:27","2025-06-13 13:27:27","","","","","","","","","","","","","Technische Universität Dortmund","","de","","Doctoral thesis (Dr. rer. nat.)","","","","","fulltext-url: https://eldorado.tu-dortmund.de/bitstreams/9af29498-9cc8-4ddc-9de8-0882989d6396/download Citation Key: ferrarotto__2015__entwicklung","","","","#author/gender/:male; #degree/title/:dr.rer.nat.; #degree/granted-by/:tu-dortmund","","","","","","","","","","","","","","","","","","","","","","","","","","","","","","","","","","","","","","","","","","","","","","",""
"9JXIS8NA","thesis","2016","Riemann, Bernard","The Bilinear-Exponential Closed-Orbit Model and its Application to Storage Ring Beam Diagnostics","","","","","https://doi.org/10.17877/DE290R-17221","Im periodischen Fokussiersystem eines Speicherrings wird der Teilchenstrahl auf einen geschlossenen Orbit, d.h. eine sich wiederholende Teilchenbahn durch den Beschleuniger, abgebildet. Störungen dieses geschlossenen Orbits werden durch fehlerhafte Beschleunigerelemente erzeugt und durch spezielle Magnetstrukturen (Korrektoren) kompensiert. Die zur Kompensation erforderliche Diagnose über Strahlpositionsmonitore (BPMs) sowie die ebenfalls notwendige Charakterisierung der Korrektoren über Messung der sog. Responsematrix wird routinemäßig an vielen Speicherringen weltweit durchgeführt. Weiterhin ist die Bewegung der Einzelteilchen um den geschlossenen Orbit (Strahloptik) aus Stabilitätsgründen interessant, konnte jedoch bisher nur mittels zusätzlicher Spezialhardware beobachtet oder näherungsweise durch Simulation mithilfe eines vollständigen magnetischen Modells des Beschleunigers abgeschätzt werden. Es ist bekannt, dass in Responsematrizen ebenfalls aufschlussreiche Informationen über die Einzelteilchenbewegung um die Sollbahn (Strahloptik), wenn auch in verschlüsselter Form, enthalten sind. Da Responsematrizen routinemäßig an vielen Speicherringen aufgenommen werden und keine zusätzliche Hardware erfordern, ist ihre ""Entschlüsselung"" von besonderem Interesse. In der vorliegenden Arbeit wird ein Algorithmus mit dem Namen COBEA (Closed-Orbit Bilinear-Exponential Analysis) entwickelt, mit dessen Hilfe Responsematrizen in strahloptische Informationen zerlegt werden können. Grundlage dafür ist eine reduzierte und zugleich verallgemeinerte Darstellung der Störungen des geschlossenen Orbits (Bilinear-Exponentielles Modell) in Abhängigkeit von Strahlparametern an Monitor- und Korrektorpositionen. Abschliessend wird COBEA an drei Speicherringen (DELTA, MLS, BESSY II) mit existierenden Methoden, welche alle entweder zusätzliche Hardware oder zusätzliche Annahmen erfordern, verglichen und erfolgreich validiert. COBEA kann somit an vielen Speicherringen weltweit eingesetzt werden.  In periodic focusing systems of accelerators, the particle beam is mapped onto its own closed trajectory (respectively closed orbit). Perturbations of this closed orbit are induced by imperfect accelerator parts and can be compensated by special magnetic devices (correctors). The beam diagnostics using beam position monitors (BPMs), as well as the characterization of corrector magnets by measurement of a so-called response matrix, which are both needed for orbit correction, are routinely performed at many storage rings around the world. Furthermore, the single-particle motion (beam optics) around the closed orbit is of interest due to its implication on beam stability and performance, but could hitherto only be observed by use of additional special hardware or, in approximation, by simulations using the complete magnetic setup of the respective storage ring. It is known that response matrices hold significant information about beam optics, although in an encrypted form. As response matrices are routinely measured at many storage rings without additional hardware, their decomposition is of particular interest. In the present work, an algorithm called Closed-Orbit Bilinear-Exponential Analysis (COBEA) is being developed, with which it is possible to decompose response matrices into beam-optical information with a minimal set of assumptions. The analysis is based on a reduced and simulataneously generalized description of closed-orbit perturbations in dependence of beam parameters at monitor and corrector positions. In closing, COBEA is compared against existing measurement methods, which either need more hardware or more assumptions, and is succesfully validated against them. COBEA can therefore be used at many storage rings around the world.","2016","2025-06-13 13:27:27","2025-09-03 03:57:03","","","","","","","","","","","","","Technische Universität Dortmund","","en","","Doctoral thesis (Dr. rer. nat.)","","","","","fulltext-url: https://eldorado.tu-dortmund.de/bitstreams/053b7447-893f-40fe-a3c9-53da088763e6/download Citation Key: riemann__2016__bilinearexponential","","","","#author/gender/:male; #degree/title/:dr.rer.nat.; #degree/granted-by/:tu-dortmund; #is-about/facility/:bessy-2; #has-affiliation/:hzb","","","","","","","","","","","","","","","","","","","","","","","","","","","","","","","","","","","","","","","","","","","","","","",""
"LZCIC5TK","thesis","2011","Böhme, Christian","Untersuchungen zur Profilmessung von Hadronenstrahlen mittels Restgaslumineszenz und -ionisation","","","","","https://doi.org/10.17877/DE290R-13409","Seit den zwanziger Jahren des vergangenen Jahrhunderts stellen Teilchenbeschleuniger eines der wichtigsten Hilfsmittel der Experimentalphysik dar. Bis zu diesem Zeitpunkt war man auf Teilchen aus radioaktiven Zerfällen mit begrenzten Energien im Bereich MeV oder auf seltene hochenergetische Teilchen der Höhenstrahlung angewiesen. Die Entwicklung der Beschleuniger, die Erhöhung der Endenergie auf heute TeV, sowie der Teilchenstrahlintensität und -qualität verlief zunächst initiiert und stark verschränkt mit der Grundlagenforschung und der Entwicklung im Bereich der Kern- und Teilchenphysik. Mit zunehmender Teilchenenergie stand damit eine immer bessere Sonde zur Aufklärung des Aufbaus der Materie bis hin zu sehr kleinen Dimensionen zur Verfügung. Auch auf anderen Gebieten von Forschung und Entwicklung, aber auch in der reinen Anwendung, kommen heute Beschleunigeranlagen in groÿer Typenvielfalt und in immer gröÿer werdender Stückzahl zum Einsatz. Hierzu zählen etwa die Synchrotronstrahlungsquellen, die mit höchster Qualität elektromagnetische Strahlung bis in den harten Röntgenbereich erzeugen und so weltweit auf dem Gebiet der Forschung an und mit kondensierter Materie ohne Alternative sind. Dazu zählen auch die Anwendungen im Bereich der Medizin, etwa bei der Erzeugung von Radionukliden, bei der Tumortherapie und als Unterstützung bei bildgebenden Verfahren in der Diagnostik. Im Bereich der Energieversorgung werden beschleunigergestützte Konzepte zur Nutzung von Kernspaltung und Kernfusion bis hin zur Konditionierung von radioaktivem Abfall diskutiert. Hochintensive Neutronenquellen sind bereits installiert und in Betrieb. Parallel zu den Beschleunigeranlagen sind auch die Anforderungen an die Teilchenstrahldiagnostik kontinuierlich gestiegen. Mit möglichst hoher Zeitauösung müssen heute sowohl der Ort des Strahls entlang des Beschleunigers (Strahllage) als auch die räumlichen Dimensionen bekannt sein. Insbesondere das transversale Strahlprol muss kontinuierlich bestimmt und überwacht werden. Bei Elektronenbeschleunigern hinreichend hoher Energie und Höchstenergie-Beschleunigern von Protonen bzw. Ionen wie dem TEVATRON am Fermi National Laboratory oder dem LHC am CERN ist es möglich, das Strahlprol mit Hilfe von Synchrotronstrahlung zu bestimmen. Aber schon bei Hadronen-Beschleunigern mit mittlerer Energie ist dies nicht mehr möglich, da die abgestrahlte Leistung zu gering wird. Das Strahlprol kann nur über Wechselwirkungsprozesse des Strahls mit der direkten Umgebung gewonnen werden. Bei einer Vielzahl von Diagnosetechniken kann jedoch die Rückwirkung auf den Strahl nicht vernachlässigt werden. Dies führt im besten Fall zu einer Verminderung der Strahlqualität, im schlechtesten Fall zum Strahlverlust. Moderne Diagnosemethoden nutzen deshalb vermehrt die Wechselwirkung des Strahls mit dem Restgas der Umgebung zu Zwecken der Diagnose. Die vorliegende Arbeit beschäftigt sich mit Diagnoseeinrichtungen auf der Basis der Restgas-Lumineszenz und der Restgas-Ionisation. Im ersten Fall führt die Wechselwirkung zu angeregten Atom- bzw. Ionenzuständen mit anschlieÿender isotroper Abstrahlung von Photonen, die im sichtbaren Spektralbereich detektiert werden können. Im zweiten Fall entstehen durch Ionisation des Restgases Ionen und Elektronen, die direkt nachgewiesen werden können. Über geeignete optische Verfahren und mit geeigneten Strahlungs- bzw. Teilchendetektoren können die Lage und das Prol des Strahls so nahezu rückwirkungsfrei bestimmt werden. Der Typ des Lumineszensmonitors wird erst seit wenigen Jahren ernsthaft betrachtet. Im Rahmen der vorliegenden Arbeit wurde daher dieser Typus aus einer einfachen ersten Anordnung heraus weiterentwickelt und insbesondere hinsichtlich der Datennahme optimiert. Zu Vergleichszwecken stand ein Ionisationsmonitor zur Verfügung, der in Zusammenarbeit mit der Gesellschaft für Schwerionenforschung (GSI) weiterentwickelt und getestet wurde. Im Rahmen dieser Arbeit wird zunächst in Kapitel 2 ein Überblick über ausgewählte Methoden zur Vermessung von Strahlprolen gegeben und deren Vor- und Nachteile diskutiert. Danach folgt in Kapitel 3 eine theoretische Einführung in die der Lumineszenz und der Ionisation zu Grunde liegenden physikalischen Prinzipien. Die hier bestimmten Wechselwirkungsquerschnitte als Funktion der Teilchenenergie legen die Ezienz der Strahlmonitore fest. Die Monitore wurden an verschiedenen Beschleunigeranlagen unterschiedlicher Energie am Forschungszentrum Jülich und an den iThemba LABS, Südafrika eingesetzt (Kapitel 4). Der experimentelle Aufbau der Apparaturen sowie die Datenaufnahme und -verarbeitung werden ausführlich in Kapitel 5 behandelt. Kapitel 6 dokumentiert die Messungen und Ergebnisse der durchgeführten Experimente mit beiden Prolmonitoren. Die Arbeit schlieÿt mit einer Bewertung der Ergebnisse und einem Vergleich der beiden Monitortypen.","2011","2025-06-13 13:27:27","2025-09-03 03:53:40","","","111","","","","","","","","","","Technische Universität Dortmund","","de","","Doctoral thesis (Dr. rer. nat.)","","","","","fulltext-url: https://eldorado.tu-dortmund.de/bitstreams/b6ad8999-84f3-42c1-9e59-044d19b9f9b2/download             isbn: 978-3-8423-4783-0 Citation Key: boehme__2011__untersuchungen","","","","#author/gender/:male; #degree/title/:dr.rer.nat.; #is-about/facility/:cac/lhc; #degree/granted-by/:tu-dortmund; #has-affiliation/:cern","","","","","","","","","","","","","","","","","","","","","","","","","","","","","","","","","","","","","","","","","","","","","","",""
"ZRKH2BIE","thesis","2018","Yuan, Yaoshuo","Space-charge driven transverse beam instabilities in synchrotrons","","","","","https://nbn-resolving.de/urn:nbn:de:tuda-tuprints-82155","","2018","2025-06-13 13:27:27","2025-06-13 13:27:27","","","","","","","","","","","","","Technische Universität Darmstadt","","en","","Doctoral thesis (Dr.-Ing.)","","","","","fulltext-url: https://tuprints.ulb.tu-darmstadt.de/8215/1/2018-11-06_Yuan_Yaoshuo.pdf Citation Key: yuan__2018__spacecharge","","","","#author/gender/:male; #degree/title/:dr.-ing.; #degree/granted-by/:tu-darmstadt","","","","","","","","","","","","","","","","","","","","","","","","","","","","","","","","","","","","","","","","","","","","","","",""
"QT4XFZUA","thesis","2013","Wagner, Markus","Erzeugung und Untersuchung gepulster polarisierter Elektronenstrahlen am S-DALINAC","","","","","https://nbn-resolving.de/urn:nbn:de:tuda-tuprints-35851","","2013","2025-06-13 13:27:27","2025-06-13 13:27:27","","","","","","","","","","","","","Technische Universität Darmstadt","","de","","Doctoral thesis (Dr. rer. nat.)","","","","","fulltext-url: https://tuprints.ulb.tu-darmstadt.de/3585/1/Meine%20Dissertation2.pdf Citation Key: wagner__2013__erzeugung","","","","#author/gender/:male; #degree/title/:dr.rer.nat.; #degree/granted-by/:tu-darmstadt; #is-about/facility/:s-dalinac","","","","","","","","","","","","","","","","","","","","","","","","","","","","","","","","","","","","","","","","","","","","","","",""
"LH62CWBH","thesis","2017","Szwangruber, Piotr","Quench study for FAIR magnets","","","","","https://nbn-resolving.de/urn:nbn:de:tuda-tuprints-72079","","2017","2025-06-13 13:27:27","2025-09-03 03:55:34","","","","","","","","","","","","","Technische Universität Darmstadt","","en","","Doctoral thesis (Dr.-Ing.)","","","","","fulltext-url: https://tuprints.ulb.tu-darmstadt.de/7207/1/PhD_Piotr_Szwangruber_Quench_Study_for_FAIR_Magnets.pdf Citation Key: szwangruber__2017__quench","","","","#author/gender/:male; #degree/title/:dr.-ing.; #degree/granted-by/:tu-darmstadt; #has-affiliation/:fair","","","","","","","","","","","","","","","","","","","","","","","","","","","","","","","","","","","","","","","","","","","","","","",""
"UF7DC4AL","thesis","2013","Sievers, Sven Thorsten","Untersuchung von Piezoaktoren zur Verbesserung der Frequenzabstimmung und Aufbau eines Quenchortungssytems für die Beschleunigungsstrukturen des S-DALINAC","","","","","https://nbn-resolving.de/urn:nbn:de:tuda-tuprints-35373","","2013","2025-06-13 13:27:27","2025-06-13 13:27:27","","","","","","","","","","","","","Technische Universität Darmstadt","","de","","Doctoral thesis (Dr. rer. nat.)","","","","","fulltext-url: https://tuprints.ulb.tu-darmstadt.de/3537/1/Dissertation%20Sven%20Sievers%20Onlineversion.pdf Citation Key: sievers__2013__untersuchung","","","","#author/gender/:male; #degree/title/:dr.rer.nat.; #degree/granted-by/:tu-darmstadt; #is-about/facility/:s-dalinac","","","","","","","","","","","","","","","","","","","","","","","","","","","","","","","","","","","","","","","","","","","","","","",""
"8HB2T3ST","thesis","2017","Schösser, Thomas","Entwicklung und Implementierung einer EPICS-basierten Beschleuniger-Steuerungsschnittstelle und automatisierten Strahloptimierung am S-DALINAC","","","","","https://nbn-resolving.de/urn:nbn:de:tuda-tuprints-65181","","2017","2025-06-13 13:27:27","2025-06-13 13:27:27","","","","","","","","","","","","","Technische Universität Darmstadt","","de","","Doctoral thesis (Dr. rer. nat.)","","","","","fulltext-url: https://tuprints.ulb.tu-darmstadt.de/6518/1/Dissertation_Thomas_Schösser.pdf Citation Key: schoesser__2017__entwicklung","","","","#author/gender/:male; #degree/title/:dr.rer.nat.; #degree/granted-by/:tu-darmstadt; #is-about/facility/:s-dalinac","","","","","","","","","","","","","","","","","","","","","","","","","","","","","","","","","","","","","","","","","","","","","","",""
"G7JT6GG5","thesis","2016","Schmidt, Peter","Radiation pressure acceleration and laser induced focusing","","","","","https://nbn-resolving.de/urn:nbn:de:tuda-tuprints-56659","","2016","2025-06-13 13:27:27","2025-06-13 13:27:27","","","","","","","","","","","","","Technische Universität Darmstadt","","en","","Doctoral thesis (Dr.-Ing.)","","","","","fulltext-url: https://tuprints.ulb.tu-darmstadt.de/5665/1/final_PhD_Thesis.pdf Citation Key: schmidt__2016__radiation","","","","#author/gender/:male; #degree/title/:dr.-ing.; #degree/granted-by/:tu-darmstadt","","","","","","","","","","","","","","","","","","","","","","","","","","","","","","","","","","","","","","","","","","","","","","",""
"UBA856WI","thesis","2018","Romano, Annalisa","Electron cloud formation in CERN particle accelerators and its impact on the beam dynamics","","","","","https://nbn-resolving.de/urn:nbn:de:tuda-tuprints-80716","","2018","2025-06-13 13:27:27","2025-06-13 13:27:27","","","","","","","","","","","","","Technische Universität Darmstadt","","en","","Doctoral thesis (Dr.-Ing.)","","","","","fulltext-url: https://tuprints.ulb.tu-darmstadt.de/8071/1/2018-08-20_Romano_Annalisa.pdf Citation Key: romano__2018__electron","","","","#degree/title/:dr.-ing.; #author/gender/:female; #degree/granted-by/:tu-darmstadt","","","","","","","","","","","","","","","","","","","","","","","","","","","","","","","","","","","","","","","","","","","","","","",""
"PT6KNN62","thesis","2013","Petrov, Fedor","Electron clouds in high energy hadron accelerators.","","","","","https://nbn-resolving.de/urn:nbn:de:tuda-tuprints-35893","","2013","2025-06-13 13:27:27","2025-06-13 13:27:27","","","","","","","","","","","","","Technische Universität Darmstadt","","en","","Doctoral thesis (Dr.-Ing.)","","","","","fulltext-url: https://tuprints.ulb.tu-darmstadt.de/3589/7/TUDthesis_Petrov.pdf Citation Key: petrov__2013__electron","","","","#author/gender/:male; #degree/title/:dr.-ing.; #degree/granted-by/:tu-darmstadt","","","","","","","","","","","","","","","","","","","","","","","","","","","","","","","","","","","","","","","","","","","","","","",""
"REVXXL58","thesis","2019","Passarelli, Andrea","Characterization of impedance and wakefields of accelerator devices in the short bunch limit and beam dynamics effects for the CLIC Damping Rings","","","","","https://nbn-resolving.de/urn:nbn:de:tuda-tuprints-86441","","2019","2025-06-13 13:27:27","2025-06-13 13:27:27","","","","","","","","","","","","","Technische Universität Darmstadt","","en","","Doctoral thesis (Dr.-Ing.)","","","","","fulltext-url: https://tuprints.ulb.tu-darmstadt.de/8644/1/2019-04-23_Passarelli_Andrea.pdf Citation Key: passarelli__2019__characterization","","","","#degree/title/:dr.-ing.; #author/gender/:female; #degree/granted-by/:tu-darmstadt","","","","","","","","","","","","","","","","","","","","","","","","","","","","","","","","","","","","","","","","","","","","","","",""
"LLSGNESN","thesis","2010","Paret, Stefan","Transverse Schottky spectra and beam transfer functions of coasting ion beams with space charge","","","","","https://nbn-resolving.de/urn:nbn:de:tuda-tuprints-21347","","2010","2025-06-13 13:27:27","2025-06-13 13:27:27","","","","","","","","","","","","","Technische Universität Darmstadt","","en","","Doctoral thesis (Dr. rer. nat.)","","","","","fulltext-url: https://tuprints.ulb.tu-darmstadt.de/2134/1/thesisStefanParet.pdf Citation Key: paret__2010__transverse","","","","#author/gender/:male; #degree/title/:dr.rer.nat.; #degree/granted-by/:tu-darmstadt","","","","","","","","","","","","","","","","","","","","","","","","","","","","","","","","","","","","","","","","","","","","","","",""
"F7KFWPBP","thesis","2016","Niedermayer, Uwe","Determination of beam coupling impedance in the frequency domain","","","","","https://nbn-resolving.de/urn:nbn:de:tuda-tuprints-51573","","2016","2025-06-13 13:27:27","2025-06-13 13:27:27","","","","","","","","","","","","","Technische Universität Darmstadt","","en","","Doctoral thesis (Dr.-Ing.)","","","","","fulltext-url: https://tuprints.ulb.tu-darmstadt.de/5157/1/main%20-%20Kopie.pdf Citation Key: niedermayer__2016__determination","","","","#author/gender/:male; #degree/title/:dr.-ing.; #degree/granted-by/:tu-darmstadt","","","","","","","","","","","","","","","","","","","","","","","","","","","","","","","","","","","","","","","","","","","","","","",""
"SBKZBML2","thesis","2013","Lécz, Zsolt","Laser ion acceleration from a double-layer metal foil.","","","","","https://nbn-resolving.de/urn:nbn:de:tuda-tuprints-33359","","2013","2025-06-13 13:27:27","2025-06-13 13:27:27","","","","","","","","","","","","","Technische Universität Darmstadt","","en","","Doctoral thesis (Dr.-Ing.)","","","","","fulltext-url: https://tuprints.ulb.tu-darmstadt.de/3335/1/PHD_final.pdf Citation Key: lecz__2013__laser","","","","#author/gender/:male; #degree/title/:dr.-ing.; #degree/granted-by/:tu-darmstadt","","","","","","","","","","","","","","","","","","","","","","","","","","","","","","","","","","","","","","","","","","","","","","",""
"T4L2NW5A","thesis","2013","Kürzeder, Thorsten","Entwicklung, Aufbau und Test eines neuen Kryostatmoduls für den S-DALINAC","","","","","https://nbn-resolving.de/urn:nbn:de:tuda-tuprints-33533","","2013","2025-06-13 13:27:27","2025-06-13 13:27:27","","","","","","","","","","","","","Technische Universität Darmstadt","","de","","Doctoral thesis (Dr. rer. nat.)","","","","","fulltext-url: https://tuprints.ulb.tu-darmstadt.de/3353/1/kuerzederdissonline.pdf Citation Key: kuerzeder__2013__entwicklung","","","","#author/gender/:male; #degree/title/:dr.rer.nat.; #degree/granted-by/:tu-darmstadt; #is-about/facility/:s-dalinac","","","","","","","","","","","","","","","","","","","","","","","","","","","","","","","","","","","","","","","","","","","","","","",""
"K3LRM4FP","thesis","2016","Köster, Oliver","Combining rotating-coil measurements of large-aperture accelerator magnets.","","","","","https://nbn-resolving.de/urn:nbn:de:tuda-tuprints-56970","","2016","2025-06-13 13:27:27","2025-06-13 13:27:27","","","","","","","","","","","","","Technische Universität Darmstadt","","en","","Doctoral thesis (Dr.-Ing.)","","","","","fulltext-url: https://tuprints.ulb.tu-darmstadt.de/5697/1/PhD_final.pdf Citation Key: koster__2016__combining","","","","#author/gender/:male; #degree/title/:dr.-ing.; #degree/granted-by/:tu-darmstadt","","","","","","","","","","","","","","","","","","","","","","","","","","","","","","","","","","","","","","","","","","","","","","",""
"9GTX2SRU","thesis","2017","Karpov, Ivan","Damping of coherent oscillations in intense ion beams","","","","","https://nbn-resolving.de/urn:nbn:de:tuda-tuprints-58717","","2017","2025-06-13 13:27:27","2025-06-13 13:27:27","","","","","","","","","","","","","Technische Universität Darmstadt","","en","","Doctoral thesis (Dr.-Ing.)","","","","","fulltext-url: https://tuprints.ulb.tu-darmstadt.de/5871/1/V02--Einreichen_Online_21-02-2017.pdf Citation Key: karpov__2017__damping","","","","#author/gender/:male; #degree/title/:dr.-ing.; #degree/granted-by/:tu-darmstadt","","","","","","","","","","","","","","","","","","","","","","","","","","","","","","","","","","","","","","","","","","","","","","",""
"L7SNGH3M","thesis","2017","Hackl, Yves","Effiziente Simulation magnetischer Bauteile","","","","","https://nbn-resolving.de/urn:nbn:de:tuda-tuprints-58717","","2017","2025-06-13 13:27:27","2025-06-13 13:27:27","","","","","","","","","","","","","Technische Universität Darmstadt","","de","","Doctoral thesis (Dr.-Ing.)","","","","","fulltext-url: https://tuprints.ulb.tu-darmstadt.de/5871/1/V02--Einreichen_Online_21-02-2017.pdf Citation Key: hackl__2017__effiziente","","","","#author/gender/:male; #degree/title/:dr.-ing.; #degree/granted-by/:tu-darmstadt","","","","","","","","","","","","","","","","","","","","","","","","","","","","","","","","","","","","","","","","","","","","","","",""
"SM49SJRI","thesis","2015","Görgen, Paul A.","Transverse beam transfer functions of relativistic ion bunches","","","","","https://nbn-resolving.de/urn:nbn:de:tuda-tuprints-50230","","2015","2025-06-13 13:27:27","2025-06-13 13:27:27","","","","","","","","","","","","","Technische Universität Darmstadt","","en","","Doctoral thesis (Dr. rer. nat.)","","","","","fulltext-url: https://tuprints.ulb.tu-darmstadt.de/5023/2/Thesis.pdf Citation Key: gorgen__2015__transverse","","","","#author/gender/:male; #degree/title/:dr.rer.nat.; #degree/granted-by/:tu-darmstadt","","","","","","","","","","","","","","","","","","","","","","","","","","","","","","","","","","","","","","","","","","","","","","",""
"JFVRTRZC","thesis","2011","Fritzsche, Yuliya","Aufbau und Inbetriebnahme einer Quelle polarisierter Elektronen am supraleitenden Darmstädter Elektronenlinearbeschleuniger S-DALINAC","","","","","https://nbn-resolving.de/urn:nbn:de:tuda-tuprints-28015","","2011","2025-06-13 13:27:27","2025-06-13 13:27:27","","","","","","","","","","","","","Technische Universität Darmstadt","","de","","Doctoral thesis (Dr. rer. nat.)","","","","","fulltext-url: https://tuprints.ulb.tu-darmstadt.de/2801/1/Fritzsche-Dissertation.pdf Citation Key: fritzsche__2011__aufbau","","","","#degree/title/:dr.rer.nat.; #author/gender/:female; #degree/granted-by/:tu-darmstadt; #is-about/facility/:s-dalinac","","","","","","","","","","","","","","","","","","","","","","","","","","","","","","","","","","","","","","","","","","","","","","",""
"FBQS7EAC","thesis","2016","Espig, Martin","Entwicklung, Aufbau und Charakterisierung einer variabel repetierenden, spinpolarisierten Elektronenkanone mit invertierter Isolatorgeometrie","","","","","https://tuprints.ulb.tu-darmstadt.de/5328/","","2016","2025-06-13 13:27:27","2025-06-13 13:27:27","","","","","","","","","","","","","Technische Universität Darmstadt","","de","","Doctoral thesis (Dr. rer. nat.)","","","","","fulltext-url: https://tuprints.ulb.tu-darmstadt.de/5328/1/Dissertation_Espig_Martin.pdf Citation Key: espig__2016__entwicklung","","","","#author/gender/:male; #degree/title/:dr.rer.nat.; #degree/granted-by/:tu-darmstadt","","","","","","","","","","","","","","","","","","","","","","","","","","","","","","","","","","","","","","","","","","","","","","",""
"J9P2XN2Z","thesis","2018","Eidam, Lewin","Laser cooling of intense relativistic ion beams","","","","","https://nbn-resolving.de/urn:nbn:de:tuda-tuprints-71523","","2018","2025-06-13 13:27:27","2025-06-13 13:27:27","","","","","","","","","","","","","Technische Universität Darmstadt","","en","","Doctoral thesis (Dr.-Ing.)","","","","","fulltext-url: https://tuprints.ulb.tu-darmstadt.de/7152/1/Thesis_eidam.pdf Citation Key: eidam__2018__laser","","","","#author/gender/:male; #degree/title/:dr.-ing.; #degree/granted-by/:tu-darmstadt","","","","","","","","","","","","","","","","","","","","","","","","","","","","","","","","","","","","","","","","","","","","","","",""
"FP5ZN3QE","thesis","2017","Corno, Jacopo","Numerical methods for the estimation of the impact of geometric uncertainties on the performance of electromagnetic devices","","","","","https://nbn-resolving.de/urn:nbn:de:tuda-tuprints-70389","","2017","2025-06-13 13:27:27","2025-06-13 13:27:27","","","","","","","","","","","","","Technische Universität Darmstadt","","en","","Doctoral thesis (Dr.-Ing.)","","","","","fulltext-url: https://tuprints.ulb.tu-darmstadt.de/7038/7/thesis.pdf Citation Key: corno__2017__numerical","","","","#author/gender/:male; #degree/title/:dr.-ing.; #degree/granted-by/:tu-darmstadt","","","","","","","","","","","","","","","","","","","","","","","","","","","","","","","","","","","","","","","","","","","","","","",""
"9TTU4334","thesis","2019","Bazyl, Dmitry","Development of an SRF reduced-beta cavity for the injector of the s-dalinac","","","","","https://nbn-resolving.de/urn:nbn:de:tuda-tuprints-87910","","2019","2025-06-13 13:27:27","2025-06-13 13:27:27","","","","","","","","","","","","","Technische Universität Darmstadt","","en","","Doctoral thesis (Dr.-Ing.)","","","","","fulltext-url: https://tuprints.ulb.tu-darmstadt.de/8791/1/2019-05-20_Bazyl_Dmitry.pdf Citation Key: bazyl__2019__development","","","","#author/gender/:male; #degree/title/:dr.-ing.; #degree/granted-by/:tu-darmstadt; #is-about/facility/:s-dalinac","","","","","","","","","","","","","","","","","","","","","","","","","","","","","","","","","","","","","","","","","","","","","","",""
"FE5JWUK4","thesis","2017","Bahlo, Thore","Entwurf eines Møllerpolarimeters und Entwicklung einer aktiven Phasenstabilisierung für den Injektor des S-DALINAC","","","","","https://tuprints.ulb.tu-darmstadt.de/6849/","","2017","2025-06-13 13:27:27","2025-06-13 13:27:27","","","","","","","","","","","","","Technische Universität Darmstadt","","de","","Doctoral thesis (Dr. rer. nat.)","","","","","fulltext-url: https://tuprints.ulb.tu-darmstadt.de/6849/7/dissertation_veroeffentlicht.pdf Citation Key: bahlo__2017__entwurf","","","","#author/gender/:male; #degree/title/:dr.rer.nat.; #degree/granted-by/:tu-darmstadt; #is-about/facility/:s-dalinac","","","","","","","","","","","","","","","","","","","","","","","","","","","","","","","","","","","","","","","","","","","","","","",""
"SUL3ZAIY","thesis","2017","Arnold, Michaela","Auslegung, Planung und Aufbau einer dritten Rezirkulation mit ERL-Modus für den S-DALINAC","","","","","https://nbn-resolving.de/urn:nbn:de:tuda-tuprints-61940","","2017","2025-06-13 13:27:27","2025-06-13 13:27:27","","","","","","","","","","","","","Technische Universität Darmstadt","","de","","Doctoral thesis (Dr. rer. nat.)","","","","","fulltext-url: https://tuprints.ulb.tu-darmstadt.de/6194/1/Dissertation_Michaela_Arnold_oL_ULB.pdf Citation Key: arnold__2017__auslegung","","","","#degree/title/:dr.rer.nat.; #author/gender/:female; #degree/granted-by/:tu-darmstadt; #is-about/facility/:s-dalinac","","","","","","","","","","","","","","","","","","","","","","","","","","","","","","","","","","","","","","","","","","","","","","",""
"EBFSHPDP","thesis","2011","Appel, Sabrina","Simulation und Messung longitudinaler Raumladungseffekte in intensiven Ionenstrahlen im SIS18 Synchrotron.","","","","","https://tuprints.ulb.TU-Darmstadt.de/2594/","","2011","2025-06-13 13:27:27","2025-09-03 03:56:03","","","","","","","","","","","","","Technische Universität Darmstadt","","de","","Doctoral thesis (Dr. rer. nat.)","","","","","fulltext-url: none Citation Key: appel__2011__simulation","","","","#degree/title/:dr.rer.nat.; #author/gender/:female; #degree/granted-by/:tu-darmstadt; #is-about/facility/:fair/sis18; #has-affiliation/:fair","","","","","","","","","","","","","","","","","","","","","","","","","","","","","","","","","","","","","","","","","","","","","","",""
"YEV5GUFU","thesis","2017","Trinkel, Fabian","Development of a Rogowski coil beam position monitor for electric dipole moment measurements at storage rings","","","","","https://doi.org/10.18154/RWTH-2018-00258","Eines der ungelösten Phänomene in der Physik ist die Materie-über-Antimaterie-Dominanz in unserem Universum. Die bekannten CP-verletzenden Prozesse des Standardmodells der Teilchenphysik reichen nicht aus, um diese Asymmetrie zu erklären. Daher sind zusätzliche CP-verletzende Quellen erforderlich, die über das Standardmodell hinausgehen. Eine dieser Quellen kann sich in permanenten elektrischen Dipolmomenten (EDMs) von Elementarteilchen manifestieren. Für neutrale Teilchen begannen Untersuchungen vor 60 Jahren. Bis jetzt sind alle Ergebnisse der EDM-Messungen mit einem verschwindenden EDM-Wert kompatibel. Komplementäre EDM-Messungen für geladene Teilchen wie Protonen und Deuteronen in speziellen elektrischen Speicherringen werden in verschiedenen Kollaborationen weltweit vorgeschlagen. Als ersten Schritt für einen dedizierten Speicherring werden Machbarkeitsstudien durch die JEDI (Jülich Electric Dipole Moment Investigations) Kollaboration am magnetischen Speicherring COSY (COoler SYnchotron) am Forschungszentrum Jülich durchgeführt. Eine erste direkte Deuteron-EDM-Messung ist in den Jahren 2017 bis 2019 geplant. Um einen vertikalen Polarisationsaufbau proportional zum EDM zu erzeugen, wird ein Radiofrequenz-Wien-Filter verwendet. Dieser Polarisationsaufbau kann jedoch auch durch Wechselwirkungen des magnetischen Dipolmoments mit Magnetfeldern für einen nicht zentrierten Strahl im Beschleuniger verursacht werden. Daher muss die Bahn des Teilchenstrahls in allen Beschleunigerelementen zentriert sein. Ein wichtiges Gerät für diese Umlaufbahnerkennung ist ein Strahlpositionsmonitor mit hoher Genauigkeit und hoher Auflösung. Das bestehende Strahlpositionsmonitor-System von COSY hat eine Auflösung von 1 μm (für 4096 Datenpunkte) bei einem Strahlstrom von 〖10〗^9 Partikeln und einer Genauigkeit von 0,1 mm. Dieser Genauigkeitswert ist die Hauptquelle für systematische Unsicherheiten und begrenzt diese Deuteron-EDM-Messung auf 5⋅〖10〗^(-20) e cm. Aufgrund dieser hohen Anforderungen an die Strahlpositionsmessung wurde mit der Entwicklung eines ultrapräzisen SQUID (Superconducting QUantum Interference Device) basierenden Rogowski Spulen Strahlpositionsmonitor begonnen. In einem ersten Schritt sind normalleitende Rogowski Spulen untersucht worden mit der Option, die Empfindlichkeit durch Kühlung des Systems und Anwendung von SQUIDs zu erhöhen. Die theoretische und experimentelle Basis für einen normalleitenden Rogowski Spulen Strahlpositionsmonitor wird in dieser Arbeit untersucht. Ein Modell für die induzierte Spannung eines Segments für verschiedene Rogowski Spulenkonfigurationen wurde entwickelt. Es wurde auch ein modellbasierter Kalibrierungsalgorithmus entwickelt, der einen Versatz zwischen dem elektrischen und geometrischen Zentrum, eine Rotation der Spule selbst und unterschiedliche Segmentgewichte berücksichtigt. Ein Vergleich zwischen dem berechneten Modell und einer numerischen Simulation eines bidirektionalen Rogowski Spule Strahlpositionsmonitor wurde durchgeführt. Der Kalibrierungsalgorithmus wird an einer numerischen Simulation für einen bidirektionalen Rogowski Spulen Strahlpositionsmonitor getestet, welche rotiert und versetzt ist und unterschiedliche Segmentgewichte aufweist. Mit diesem modellbasierten Kalibrierungsalgorithmus wurde eine Genauigkeit von 15 μm für die Positionsrekonstruktion bei der Simulation erreicht. Ein dedizierter Teststand wurde konstruiert und eine Gittermessungskalibrierung für einen bidirektionalen Rogowski Spulen Strahlpositionsmonitor wurde in Bezug auf einen beliebigen Referenzpunkt durchgeführt. Als Ausleseelektronik für die induzierten Spannungen wurden Lock-In-Verstärker verwendet. Eine Auflösung von 1,25 μm für eine Einzelmessung wurde erreicht, welche die theoretische Grenze des Messaufbaus bestehend aus Rogowski Spulen Strahlpositionsmonitor und Lock-in-Verstärker bei Raumtemperatur ist. Die Genauigkeit für die modellbasierte Positionsrekonstruktion beträgt 150 μm. Strahlpositionsmessungen mit einem unkalibrierten unidirektionalen Rogowski Spulen Strahlpositionsmonitor und zwei unkalibrierten bidirektionalen Rogowski Spulen Strahlpositionsmonitoren wurden in COSY durchgeführt und die Daten analysiert. Die Auflösung für beide Experimente beträgt etwa 4,4 μm für eine einzelne Positionsmessung. Eine strahlbasierte Kalibrierung wurde mit einem bidirektionalen Rogowski Spulen Strahlpositionsmonitor durchgeführt und eine Genauigkeit von 150 μm wurde in Bezug auf einen beliebigen Referenzpunkt erreicht. In beiden Experimenten wurden Orbit-Bump-Messungen durchgeführt, um die Reaktion der Rogowski Spulen Strahlpositionsmonitore zu messen.  One of the unsolved phenomena in physics is the matter-over-antimatter dominance in our universe. The known CP violating processes of the Standard Model of particle physics are not sufficient to explain this asymmetry. Therefore, additional CP violating sources beyond the Standard Model are required. One of these sources can be manifest themselves in permanent electric dipole moments (EDMs) of elementary particles. For neutral particles investigations for EDMs started already 60 years ago. Up to now all results of the EDM measurements are compatible with a vanishing EDM value. Complementary EDM measurements for charged particles like protons and deuterons in dedicated electrical storage rings are suggested of different collaborations worldwide. As a first step towards dedicated storage ring, feasibility studies are performed by the JEDI (Jülich Electric Dipole moment Investigations) collaboration at the magnetic storage ring COSY (COoler SYnchotron) at Forschungszentrum Jülich in Germany. A first direct deuteron EDM measurement is planned in the years 2017 to 2019. To create a vertical polarization build-up proportional to the EDM, a radio frequency Wien filter is used. However, this polarization build-up can also be caused by interactions of the magnetic dipole moment with magnetic fields for a not centred beam in the accelerator. Therefore, the orbit of the particle beam has to be centred in all accelerator elements. An important device for this orbit detection is a beam position monitor (BPM) with high accuracy and high resolution.The existing BPM system at COSY has a resolution of 1 μm (for 4096 data points) by a beam current of 〖10〗^9 particles and an accuracy of 0.1 mm. This accuracy value is the main source for systematic uncertainties and limits this deuteron EDM measurement to 5⋅〖10〗^(-20) e cm. Due to these demanding requirements for the beam position detection a development started towards an ultra precise SQUID (Superconducting QUantum Interference Device) based Rogowski coil BPM. As a first step we investigated normal conducting Rogowski coils with the option to increase sensitivity by cooling the system and applying SQUIDs. The theoretical and experimental basis for a normal conducting Rogowski coil BPM is investigated in this thesis. A model for the induced voltage of a segment for different Rogowski coil configurations has been developed. Also a model-based calibration algorithm has been developed, which takes into account an offset between the electrical and geometrical centre, a rotation of the coil itself and different segment weights. A comparison between the calculated model and a numerical simulation of a bidirectional Rogowski coil has been performed. The calibration algorithm is also tested on a numerical simulation of bidirectional Rogowski coil, which is rotated, offset and has different segment weights. With this model-based calibration algorithm an accuracy of 15 μm has been achieved. A dedicated testbench has been constructed and a grid measurement calibration of a bidirectional Rogowski coil BPM has been performed with respect to an arbitrary reference point. As readout electronics for the induced voltages lock-in amplifiers were used. The resolution of 1.25 μm for a single measurement setup is the theoretical limit of the measurement setup of the Rogowski coil BPM and lock-in amplifier for room temperature. The accuracy for the model-based position reconstruction is 150 μm.Beam position measurements in COSY with an uncalibrated unidirectional and two uncalibrated bidirectional Rogowski coil BPMs were performed and the data were analysed. The resolution for both experiments is about 4.4 μm for a single position measurement. A beam-based calibration has been performed with one bidirectional Rogowski coil BPM and an accuracy of 150 μm is achieved with respect to an arbitrary reference point. In both experiments orbit bump measurements were performed to measure the response of the Rogowski coil BPMs.","2017","2025-06-13 13:27:27","2025-06-13 13:27:27","","","","","","","","","","","","","Rheinisch-Westfälische Technische Hochschule Aachen","","en","","Doctoral thesis (Dr. rer. nat.)","","","","","fulltext-url: https://publications.rwth-aachen.de/record/712121/files/712121.pdf Citation Key: trinkel__2017__development","","","","#author/gender/:male; #degree/title/:dr.rer.nat.; #degree/granted-by/:rwth-aachen","","","","","","","","","","","","","","","","","","","","","","","","","","","","","","","","","","","","","","","","","","","","","","",""
"MYZJ7L8R","thesis","2018","Slim, Jamal S.","A novel waveguide RF Wien filter for electric dipole moment measurements of deuterons and protons at the COoler SYnchrotron (COSY)/Jülich","","","","","https://doi.org/10.18154/RWTH-2018-223914","Die Arbeit handelt von Strahldynamiksimulationen und Magnetfeldmessungen für den Hochenergie-Speicherring HESR, einem Synchrotron, welches für Antiprotonen ausgelegt ist. Der HESR ist Teil der zukünftigen Einrichtung für Antiprotonen- und Ionenforschung (Facility for Antiproton and Ion Research) FAIR in Darmstadt. Da sich die Einrichtung im Aufbau befindet, werden momentan die ersten Magneten gebaut und vermessen. Diese Arbeit umfasst sowohl die Vermessung der Magnete, als auch Strahldynamiksimulationen. Verschiedenartige Magnete werden zur Strahlführung und Strahlfokussierung verwendet. Die magnetische Flussdichte der magnetischen Quadrupolelemente wird durch den Hersteller mit rotierenden Spulen gemessen. Als Teil dieser Arbeit werden die Messungen analysiert und so aufbereitet, dass sie als Basis für die Strahldynamiksimulationen dienen können. Dafür wird die magnetische Flussdichte in Form von harmonischen Koeffizienten ausgedrückt. Im Gegensatz dazu eignen sich die Dipolmessungen des Herstellers nicht für eine Extraktion der harmonischen Koeffizienten. Um dennoch eine Beschreibung der Dipole für die Simulationen zu haben, wird ein neuartiger Messaufbau, basierend auf Hall-Sonden, entwickelt. Im Rahmen einer Machbarkeitsstudie werden Messungen mit einer existierenden Hall-Messeinrichtung durchgeführt. Die Messergebnisse der Machbarkeitsstudie sowie die gemessenen harmonischen Komponenten des Quadrupols sind Grundlage für die Strahldynamiksimulationen. Hierbei werden die harmonischen Komponenten der individuellen Elemente auf Basis der gemessenen Werte und Standartabweichungen randomisiert. Die Elemente werden dann in der Simulation zur Beschreibung des gesamten Beschleunigers zusammengefügt. Um die Messergebnisse zu randomisieren und sie dann in einer Simultionssoftware nutzten zu können, wird ein eigenes C++ Programm geschrieben. Die Stabilität des Antiprotonenstrahls im HESR wird im Rahmen dieser Arbeit mit sogenannten Tracking-Simulationen bestimmt. In diesen Einzelteilchen-Trackings wird ein Teilchen durch seine Phasenraumkoordinate beschrieben. Die Bewegung des Teilchens ist hierbei die zeitliche Entwicklung der Phasenraumkoordinate. Die Simulationen werden ausgehend von verschiedenen Punkten im Phasenraum transversal zur Bewegungsrichtung des Teilchenstrahls durchgeführt. Für jeden Startpunkt wird bestimmt, ob dieser zu stabiler oder chaotischer Teilchenbewegung führt. Dies wird mit einem Kriterium basierend auf dem Lyapunov-Exponenten bestimmt. Der Übergang von stabiler zu chaotischer Bewegung definiert die dynamische Apertur. Um die Stabilität der Simulationsergebnisse und somit der daraus abgeleiteten dynamischen Apertur zu quantifizieren, werden die Simulationen mit einem geänderten Satz der zufälligen harmonischen Koeffzienten in den Di- und Quadrupolen wiederholt. Die Zuverlässigkeit der Simulationsergebnisse wird anhand eines Arbeitspunktscans demonstriert. Dafür wird die dynamische Apertur bei verschiedenen Beschleunigereinstellungen bestimmt. Die Ergebnisse zeigen die zu erwartende Resonanzstruktur. Mit Hilfe der Tracking-Simulationen wird dann untersucht, ob ein stabiler Betrieb des HESR möglich ist. Dafür wird ein Arbeitspunkt (Betatrontunekombination) gewählt und die Einflüsse von Impulsabweichungen der Teilchen sowie eine Phasenraum-koppelnde Quadrupolkomponente der Dipolmagnete untersucht. Die Einflüsse scheinen keine negative Auswirkung auf die Stabilität der gespeicherten Antiprotonen zu haben.  This thesis deals with beam-dynamics simulations and magnetic measurements for the High-Energy Storage Ring (HESR), a synchrotron designed for antiprotons. The HESR is part of the future Facility for Antiproton and Ion Research (FAIR) near Darmstadt. As the facility is under construction at the moment, the first magnets are built and measured. This work comprises magnetic measurements and beam-dynamics simulations. Different types of magnets are used to guide and focus the beam. The magnetic quadrupole elements are measured at the manufacturer’s site. These measurements are conducted with rotating coils. As part of this thesis these measurements are analysed in order to to describe the elements in the beamdynamics simulations. Therefore the measurements of the magnetic flux density is expressed in harmonic coefficients. In contrast the measurements of the dipole that are performed by the manufacturer are not suited to extract harmonic coefficients. Thus a new measurement device - based on Hall effect probes - is developed to measure the desired quantities. As a proof of concept, measurements with the existing Hall-probe mapper are performed. The measurement results from the proof-of-concept measurements along with the measured harmonic content from the quadrupoles are used as basis for the beam-dynamics simulations. The measured values are randomised within limits as expected from the measurements to characterise the individual magnets. These individual magnets are used to describe the entire accelerator in the simulations. To randomise the measurement and transfer it to the simulation software an own C++ code is written. To estimate the stability of the particle beam in the HESR, tracking simulations are performed. In these single-particle trackings a particle is described by its phase-space coordinate. The track of this particle is then the evolution of its phase-space coordinate. The trackings are performed starting at several points in the phase space transverse to the particle’s motion. For each of this initial points it is estimated if it leads to stable or chaotic motion. To distinguish between both kinds of motion a criterion based on the Lyapunov exponent is used. The border between stable and chaotic motion is called the dynamic aperture. To estimate the stability of the tracking results and thus the estimated dynamic aperture, the trackings are repeated with different sets of randomised harmonic content of the magnets. The reliability of the tracking results is demonstrated by a tune scan. For this the dynamic aperture calculation is performed with different settings of the simulated accelerator. The results show the expected resonance structure in the tune diagram. The tracking is then used to investigate if a stable operation of the HESR with particles at injection energy is possible. Therefore a point in tune space is chosen and influences to the dynamic aperture are studied. Both investigated influences, a possible momentum deviation of the particles, as well as a possible skew quadrupole component in the accelerators dipole magnets, seem to have no critical influence to the stability of the stored antiprotons.","2018","2025-06-13 13:27:27","2025-09-03 03:56:03","","","","","","","","","","","","","Rheinisch-Westfälische Technische Hochschule Aachen","","en","","Doctoral thesis (Dr. rer. nat.)","","","","","fulltext-url: https://publications.rwth-aachen.de/record/723015/files/723015.pdf Citation Key: slim__2018__novel","","","","#author/gender/:male; #degree/title/:dr.rer.nat.; #degree/granted-by/:rwth-aachen; #is-about/facility/:cosy; #has-affiliation/:fair","","","","","","","","","","","","","","","","","","","","","","","","","","","","","","","","","","","","","","","","","","","","","","",""
"G79EZEIV","thesis","2015","Schaumann, Michaela","Heavy-Ion Performance of the LHC and Future Colliders","","","","","http://cds.cern.ch/record/2065692?ln=en","In 2008 the Large Hadron Collider (LHC) and its experiments started operation at the European Centre of Nuclear Research (CERN) in Geneva with the main aim of finding or excluding the Higgs boson. Only four years later, on the 4th of July 2012, the discovery of a Higgs-like particle was proven and first published by the two main experiments ATLAS and CMS. Even though proton–proton collisions are the main operation mode of the LHC, it also acts as an heavy-ion collider. Here, the term “heavy-ion collisions” refers to the collision between fully stripped nuclei. While the major hardware system of the LHC is compatible with heavy-ion operation, the beam dynamics and performance limits of ion beams are quite different from those of protons. Because of the higher mass and charge of the ions, beam dynamic effects like intra-beam scattering and radiation damping are stronger. Also the electromagnetic cross-sections in the collisions are larger, leading to significantly faster intensity decay and thus shorter luminosity lifetimes. As the production cross-sections for various physics processes under study of the experiments are still small at energies reachable with the LHC and because the heavy-ion run time is limited to a few days per year, it is essential to obtain the highest possible collision rate, i.e. maximise the instantaneous luminosity, in order to obtain enough events and therefore low statistical errors. Within this thesis, the past performance of the LHC in lead-lead (Pb-Pb) collisions, at a centre-of-mass energy of 2.76 TeV per colliding nucleon pair, is analysed and potential luminosity limitations are identified. Tools are developed to predict future performance and techniques are presented to further increase the luminosity. Finally, a perspective on the future of high energy heavy-ion colliders is given.","2015","2025-06-13 13:27:27","2025-09-03 03:58:41","","","251","","","","","","","","","","Rheinisch-Westfälische Technische Hochschule Aachen","","en","","Doctoral thesis (Dr. rer. nat.)","","","","","fulltext-url: https://cds.cern.ch/record/2065692/files/CERN-THESIS-2015-195.pdf?version=1 Citation Key: schaumann__2015__heavyion","","","","#degree/title/:dr.rer.nat.; #author/gender/:female; #is-about/facility/:cac/lhc; #degree/granted-by/:rwth-aachen; #has-affiliation/:cern","","","","","","","","","","","","","","","","","","","","","","","","","","","","","","","","","","","","","","","","","","","","","","",""
"Q4G3UI4Y","thesis","2016","Rosenthal, Marcel","Experimental benchmarking of spin tracking algorithms for electric dipole moment searches at the cooler synchrotron COSY","","","","","https://publications.rwth-aachen.de/record/671012","Bekannte Quellen von CP Verletzung im Standardmodell der Teilchenphysik reichen nicht aus, um den Materieüberschuss im bekannten Teil des Universums zu erklären, sodass weitere Quellen jenseits des Standardmodells nötig werden. Diese Quellen können zu messbaren elektrischen Dipolmomenten (EDMs) beitragen. In den seit mehreren Dekaden durchgeführten Messungen mit neutralen Teilchen konnte bisher kein von Null verschiedenes EDM beobachtet werden. Die derzeit präziseste Messung für das Neutron EDM lieferte ein oberes Limit von 2,9 · 10^-26 e cm (90% C. L.). Die Nutzung von dedizierten elektrischen Speicherringen für Messungen mit Protonen, Deuteronen und leichten Kernen wurde vorgeschlagen. Die Voraussetzungen und Limitierungen werden derzeit von der JEDI (Jülich Electric Dipole moments Investigations) Kollaboration am bestehenden magnetischen Speicherring, dem Kühlersynchrotron COSY, untersucht. Ebenfalls ist eine erste direkte Messung des Deuteron EDMs unter Verwendung eines hochfrequenten (HF) Wien Filters geplant, die ein EDM bezogenes Spin-Polarisationssignal erzeugt. Im Rahmen dieser Arbeit wurde ein neues Framework entwickelt, welches eine komfortable Umgebung zur Simulation und Analyse bereitstellt, um diese Messmethode zu überprüfen. Dieses Framework ist mit dem bestehenden Simulationscode COSY INFINITY verknüpft, der es ermöglicht Transferabbildungen für die Koordinaten der Teilchen und deren Spins zu berechnen. Die iterative Anwendung dieser Abbildungen ermöglicht die zeitliche Entwicklung der Koordinaten zu simulieren (Tracking). Eine Hauptvoraussetzung für die EDM Experimente in Speicherringen ist eine lange Spinkohärenzzeit, da diese die verfügbare Messzeit limitiert. Wichtige Beiträge zur Spindekohärenz, die einerseits aus einer Weglängenänderung von einzelnen Teilchen resultieren und andererseits durch intrinsische Spinresonanzen hervorgerufen werden, wurden diskutiert und in Simulationen überprüft. Um diese Beiträge zu minimieren, müssen Parameter des Speicherrings, u. a. Arbeitspunkte, Chromatizitäten und „momentum compaction”-Faktor präzise eingestellt werden. Die Modellvorhersagen zur Maximierung der Spinkohärenzzeit wurden durch Messungen bei verschiedenen Arbeitspunkten bestätigt. Unter Verwendung einer konservativen Definition wurden Spinkohärenzzeiten von etwa 750 s erreicht. Dies ermöglichte eine Validierung der neuen Algorithmen die zur Simulation von HF Feldern implementiert wurden. Ein existierender HF Solenoid wurde verwendet, um Oszillationen der vertikalen Polarisation hervorzurufen und zu untersuchen. Theoretische Berechnungen, die eine Abhängigkeit der Oszillationsamplitude von der Solenoidfrequenz vorhersagen, wurden erfolgreich in Simulationen und Messungen reproduziert. Ebenfalls wurden analytische Schätzungen des EDM-abhängigen Polarisationsaufbaus durch auf den neuen Algorithmen basierenden Simulationsrechnungen bestätigt. Systematische Beiträge, die einen ähnlichen Polarisationsaufbau produzieren, entstehen durch Fehlaufstellungen und Feldfehler des HF Wien Filters bzw. der Elemente des Speicherrings. Hier haben Berechnungen gezeigt, dass eine Rotation des HF Wien Filters von 0,1 mrad um die longitudinale Achse einen ähnlichen Aufbau wie ein Deuteron EDM von 5 · 10^−19 e cm ergeben. Die gleiche Größenordnung wurde auch durch zufällige, vertikale Verschiebungen der Quadrupole unter Annahme einer Normalverteilung mit einer Breite von 0,1mm erreicht. Zur Unterdrückung dieser systematischen Beiträge wurden Orbitkorrekturmethoden untersucht. Mit diesen war eine anteilige Kompensation des nicht EDM bezogenen Polarisationsaufbaus, der durch Fehlaufstellungen der Speicherringelemente hervorgerufen wird, möglich.  Known CP violating sources in the Standard Model of Particle Physics are not sufficient to explain the predominance of the observed matter in the Universe. Additional sources beyond the Standard Model are required. These sources can manifest in permanent electric dipole moments (EDMs) of elementary particles. Searches for neutral particles already started decades ago, but no value significantly different from zero has been observed. The current upper limit for the neutron amounts to 2.9 · 10^−26 e cm (90% C. L.). New measurement methods for protons and deuterons in dedicated electrostatic storage rings are proposed. As an intermediate step, essential requirements and limitations are studied by the JEDI (Jülich Electric Dipole moments Investigations) collaboration at the existing magnetic storage ring, the Cooler Synchrotron COSY. A first direct measurement of the deuteron EDM is planned, which employs a radiofrequency (RF) Wien filter to create an EDM related spin polarization signal. In the scope of this thesis a new framework providing a convenient environment for simulation and analysis was created to model this new method. It interfaces with the existing simulation code COSY INFINITY to calculate transfer maps for the particle beam and spin coordinates. These maps are used to perform repetitive tracking. New transfer map based algorithms have been implemented to extend the functionality for time-varying electromagnetic fields. One of the major requirements for storage ring based EDM searches is a long spin coherence time, which limits the available time to conduct the measurement. Important contributions to spin decoherence arising from path-lengthening of individual particles and from intrinsic spin resonances have been discussed and verified by simulation studies. To cancel those contributions, storage ring parameters like betatron tunes, chromaticities and momentum compaction factors require precise adjustment. The measured locations of longest spin coherence times confirmed the model predictions for different betatron tunes. Based on a conservative definition, spin coherence times of about 750 s have been achieved during these studies at COSY. The long spin coherence time allowed for the benchmarking of the new algorithms for time-varying fields. An existing RF solenoid running on an artificial spin resonance was used to introduce vertical polarization oscillations. Theoretical calculations predict a dependence of the oscillation amplitude on the solenoid frequency. These calculations were successfully verified by simulations and measurements. Also analytical estimates of the EDM related polarization could be confirmed by the new algorithms. Systematic contributions mimicking this signal arise from misalignments and field imperfections of the RF Wien filter or the storage ring magnets. Calculations predicted that an RF Wien filter rotation about the longitudinal axis by 0.1 mrad produces a similar signal as an EDM 5 · 10^−19 e cm. The same order of magnitude was obtained by randomly shifting the quadrupole magnets in vertical direction assuming a Gaussian distribution with a width of 0.1 mm. Finally, orbit correction methods to suppress these systematic contributions were applied in simulations. These partially compensated the false EDM signal contributions from misalignments of the static storage ring elements.","2016","2025-06-13 13:27:27","2025-06-13 13:27:27","","","","","","","","","","","","","Rheinisch-Westfälische Technische Hochschule Aachen","","en","","Doctoral thesis (Dr. rer. nat.)","","","","","fulltext-url: https://publications.rwth-aachen.de/record/671012/files/671012.pdf Citation Key: rosenthal__2016__experimental","","","","#author/gender/:male; #degree/title/:dr.rer.nat.; #degree/granted-by/:rwth-aachen; #is-about/facility/:cosy","","","","","","","","","","","","","","","","","","","","","","","","","","","","","","","","","","","","","","","","","","","","","","",""
"CK6X6MPL","thesis","2017","Hinder, Fabian","Development of beam diagnostic systems for electric dipole moment measurements at particle accelerators","","","","","https://doi.org/10.18154/RWTH-2018-222658","Ein Rätsel der modernen Physik ist der beobachtete Überschuss von Materie über Antimaterie im Universum. Eine häufige Erklärung für diesen Überschuss basiert auf CP-verletzenden Quellen. Im Allgemeinen ist die CP-Verletzung im Standardmodell (SM) der Teilchenphysik enthalten, aber die Menge an CP-Verletzung ist nicht ausreichend, um die gemessene Materie-Antimaterie-Asymmetrie zu erklären. Daher werden zusätzliche Quellen außerhalb des SM gesucht. Eine Möglichkeit, diese Quellen zu finden, ist die Suche nach permanenten elektrischen Dipolmomenten (EDMs) fundamentaler Teilchen, da diese die CP-Symmetrie verletzen. Die Suche nach EDMs begann vor Jahrzehnten im Bereich der elektrisch neutralen Teilchen. Bis jetzt sind alle Messungen von EDMs mit Null kompatibel. Zusätzlich zu Messungen an neutralen Teilchen sind die EDMs geladener Teilchen, wie das Proton oder Deuteron, von Interesse, um mögliche CP-verletzende Quellen zu identifizieren. Für die geladenen Teilchen werden neue experimentelle Methoden benötigt. Diese Methoden basieren auf der Verwendung von dedizierten Speicherringen. Um einen dedizierten Speicherring zu entwickeln, startete die JEDI (Jülich Electric Dipole Moment Investigations) Kollaboration mit Experimenten am bestehenden Magnetspeicherring COSY (Cooler Synchrotron) am Forschungszentrum Jülich. In den Jahren 2017 bis 2019 ist eine erste direkte EDM-Messung des Deuterons unter Verwendung eines RF-Wien-Filters geplant. In diesem Versuchsaufbau würde ein nichtverschwindendes EDM zu einem Polarisationsaufbau aus der Speicherringebene in die vertikale Richtung führen. Dieser Aufbau kann auch durch Wechselwirkungen des magnetischen Dipolmoments mit Magnetfeldern erzeugt werden, wenn der Teilchenstrahl nicht zentrisch durch die magnetischen Elementen des Beschleunigers zirkuliert. Um diesen systematischen Fehlerquellen entgegenzuwirken, wird ein Orbitkorrektursystem benötigt, welches Strahlpositionsmonitore (BPMs) und Korrekturmagnete umfasst. Das bestehende BPM-System von COSY, einschließlich der Ausleseelektronik, ermöglicht eine Positionsmessung mit einer statistischen Auflösung von 1 μm für einen zentrierten Strahl. Neben der statistischen Auflösung ist die systematische Genauigkeit ein wichtiges Merkmal für eine Strahlpositionsmessung. Diese Genauigkeit liegt in der Größenordnung von 0,1 mm für die bestehende Elektronik und ist eine Hauptquelle für systematische Unsicherheiten für EDM-Experimente. Um die Unsicherheit auf die EDM-Messung zu reduzieren wird die Ausleseelektronik ersetzt, mit dem Ziel eine systematische Genauigkeit und statistische Auflösung von 4 μm zu erreichen. Um die gemessene Strahlposition auf Null zu korrigieren, wird im Rahmen dieser Arbeit ein Korrekturalgorithmus entwickelt und geprüft. Dieser Korrekturalgorithmus beinhaltet die Softwareentwicklung einer automatisierten Messung der Orbit Response Matrix (ORM) und eine detaillierte Analyse der Invertierung dieser Matrix. Die invertierte Matrix wird verwendet, um Ablenkwinkel für die Korrekturmagnete zu berechnen, welche die Strahlposition in allen Elementen korrigieren. Die Anwendung des Korrekturalgorithmus führt zu einem Orbit-RMS (Root Mean Square) von 2 mm, was für EDM-Messungen nicht ausreichend ist und deutlich schlechter ist als die theoretische Grenze, die aufgrund der BPM-Auflösung und -Genauigkeit erwartet wird. Um diese Diskrepanz zu erklären, wurden Simulationen durchgeführt. Diese Simulationen zeigen, dass eine angenommene Positionsgenauigkeit der Magnete von 0,5mm einen Orbit-RMS von 2 mm erklären kann. In einer Vermessung der Position aller Magnete wurde diese Vorhersage bestätigt. Basierend auf diesen Ergebnissen wurde eine Neuausrichtung der Magnete gestartet. Neben der Neuausrichtung der Magnete können zusätzliche Korrekturmagnete und zusätzliche BPMs innerhalb der Simulationen platziert werden. Diese zusätzlichen Elemente verbessern die Strahlpositionierung. Die Ausstattung von COSY mit zusätzlichen Elementen und die Neuausrichtung der Magnete sollte zu einem Orbit-RMS von 10 μm führen, der im selben Bereich liegt wie die Auflösung und Genauigkeit der verbesserten BPM-Elektronik. Neben dem Korrekturalgorithmus, der Ausgangspunkt eines Live-Orbit-Feedback Systems ist, wird die Verbindung von Spin-Tune-Änderungen und ORM-Messungen analysiert. Als Ergebnis dieser Analyse wird eine neue Methode zur Messung der Dispersionsfunktion an Korrektormagneten in dieser Arbeit entwickelt und vorgestellt.  One puzzle of modern physics is the observed matter over antimatter dominance in the universe. A common explanation for this dominance is based on CP violating sources. In general CP violation is included in the Standard Model (SM) of particle physics, but the amount of CP violation is not sufficient to explain the measured matter-antimatter-asymmetry. Therefore, additional sources beyond the SM are searched for. One way of finding these sources is the search for permanent Electric Dipole Moments (EDMs) of fundamental particles, since they violate CP symmetry. The search for EDMs started decades ago in the sector of neutral particles. Up to now all measurements of EDMs are compatible with zero. Complementary to the neutral particles, the EDMs of charged particles, like the proton or deuteron, are of interest to disentangle possible sources of CP violation. For the charged particles, new experimental methods are needed. These methods are based on the usage of dedicated particle storage rings. In order to develop a dedicated storage ring, the JEDI (Jülich Electric Dipole moment Investigations) collaboration started experiments at the existing magnetic storage ring COSY(Cooler Synchrotron), at Forschungszentrum Jülich in Germany. Within the years 2017 to 2019, a first direct EDM measurement of the deuteron by using a radio frequency Wien filter is planned. In this experimental setup, a non zero EDM would lead to a polarization buildup out of the storage ring plane into the vertical direction. This buildup can also be created by interactions of the magnetic dipole moment with magnetic fields, if the trajectory of the particle beam is not centered in the magnetic elements of the accelerator. In order to counteract this systematic error sources, an orbit correction scheme, including Beam Position Monitors (BPMs) and corrector magnets is needed. The existing BPM system at COSY, including the readout electronics, allows a position measurement with a statistical resolution of 1 μm for a centered beam. In addition to the statistical resolution, the accuracy is one important characteristic for a beam position measurement. This accuracy is in the order of 0.1mm for the existing electronics and one major source of systematic uncertainties for EDM experiments. As a conclusion of this result, an upgrade program of the BPM readout has started with the goal to reach an accuracy and resolution of 4 μm. In order to correct the measured beam position to zero, a correction algorithm is developed and benchmarked. This correction algorithm includes the soft-ware development of an automated measurement of the Orbit Response Matrix (ORM) and a detailed analysis of the inversion of this matrix. The inverted matrix is used to calculate deflection angles for the corrector magnets in order to correct the beam position in all elements. Applying the correction algorithm results in an orbit RMS (Root Mean Square) of 2mm, which is not sufficient for EDM measurements and much worse than the theoretical limit derived from the BPM resolution and accuracy. Simulations have been performed to explain this discrepancy. The simulations indicate, that the magnets positions are known to a precision of 0.5mm. In a survey of all magnets this prediction was confirmed. Based on these results an alignment campaign started and is ongoing. Besides the realignment of the magnets, additional corrector magnets and additional BPMs can be placed within the simulations to improve the orbit quality. Upgrading COSY with additional elements and realigning the magnets should lead to an orbit RMS of 10 μm, which is in the same range as the resolution and accuracy of the upgraded BPM electronics. Besides the correction algorithm, which is a starting point of a live orbit feedback, the connection of spin tune changes and ORM measurements was analyzed. As a result of this analysis, a new method to measure the dispersion function at corrector magnets is developed and presented in this thesis.","2017","2025-06-13 13:27:27","2025-06-13 13:27:27","","","","","","","","","","","","","Rheinisch-Westfälische Technische Hochschule Aachen","","en","","Doctoral thesis (Dr. rer. nat.)","","","","","fulltext-url: https://publications.rwth-aachen.de/record/720190/files/720190.pdf Citation Key: hinder__2017__development","","","","#author/gender/:male; #degree/title/:dr.rer.nat.; #degree/granted-by/:rwth-aachen","","","","","","","","","","","","","","","","","","","","","","","","","","","","","","","","","","","","","","","","","","","","","","",""
"A8XALIZN","thesis","2018","Hetzel, Jan Henry","Beam-dynamics calculations including magnetic field measurements for the high-energy storage ring (HESR) at FAIR","","","","","https://doi.org/10.18154/RWTH-2018-223914","Die Arbeit handelt von Strahldynamiksimulationen und Magnetfeldmessungen für den Hochenergie-Speicherring HESR, einem Synchrotron, welches für Antiprotonen ausgelegt ist. Der HESR ist Teil der zukünftigen Einrichtung für Antiprotonen- und Ionenforschung (Facility for Antiproton and Ion Research) FAIR in Darmstadt. Da sich die Einrichtung im Aufbau befindet, werden momentan die ersten Magneten gebaut und vermessen. Diese Arbeit umfasst sowohl die Vermessung der Magnete, als auch Strahldynamiksimulationen. Verschiedenartige Magnete werden zur Strahlführung und Strahlfokussierung verwendet. Die magnetische Flussdichte der magnetischen Quadrupolelemente wird durch den Hersteller mit rotierenden Spulen gemessen. Als Teil dieser Arbeit werden die Messungen analysiert und so aufbereitet, dass sie als Basis für die Strahldynamiksimulationen dienen können. Dafür wird die magnetische Flussdichte in Form von harmonischen Koeffizienten ausgedrückt. Im Gegensatz dazu eignen sich die Dipolmessungen des Herstellers nicht für eine Extraktion der harmonischen Koeffizienten. Um dennoch eine Beschreibung der Dipole für die Simulationen zu haben, wird ein neuartiger Messaufbau, basierend auf Hall-Sonden, entwickelt. Im Rahmen einer Machbarkeitsstudie werden Messungen mit einer existierenden Hall-Messeinrichtung durchgeführt. Die Messergebnisse der Machbarkeitsstudie sowie die gemessenen harmonischen Komponenten des Quadrupols sind Grundlage für die Strahldynamiksimulationen. Hierbei werden die harmonischen Komponenten der individuellen Elemente auf Basis der gemessenen Werte und Standartabweichungen randomisiert. Die Elemente werden dann in der Simulation zur Beschreibung des gesamten Beschleunigers zusammengefügt. Um die Messergebnisse zu randomisieren und sie dann in einer Simultionssoftware nutzten zu können, wird ein eigenes C++ Programm geschrieben. Die Stabilität des Antiprotonenstrahls im HESR wird im Rahmen dieser Arbeit mit sogenannten Tracking-Simulationen bestimmt. In diesen Einzelteilchen-Trackings wird ein Teilchen durch seine Phasenraumkoordinate beschrieben. Die Bewegung des Teilchens ist hierbei die zeitliche Entwicklung der Phasenraumkoordinate. Die Simulationen werden ausgehend von verschiedenen Punkten im Phasenraum transversal zur Bewegungsrichtung des Teilchenstrahls durchgeführt. Für jeden Startpunkt wird bestimmt, ob dieser zu stabiler oder chaotischer Teilchenbewegung führt. Dies wird mit einem Kriterium basierend auf dem Lyapunov-Exponenten bestimmt. Der Übergang von stabiler zu chaotischer Bewegung definiert die dynamische Apertur. Um die Stabilität der Simulationsergebnisse und somit der daraus abgeleiteten dynamischen Apertur zu quantifizieren, werden die Simulationen mit einem geänderten Satz der zufälligen harmonischen Koeffzienten in den Di- und Quadrupolen wiederholt. Die Zuverlässigkeit der Simulationsergebnisse wird anhand eines Arbeitspunktscans demonstriert. Dafür wird die dynamische Apertur bei verschiedenen Beschleunigereinstellungen bestimmt. Die Ergebnisse zeigen die zu erwartende Resonanzstruktur. Mit Hilfe der Tracking-Simulationen wird dann untersucht, ob ein stabiler Betrieb des HESR möglich ist. Dafür wird ein Arbeitspunkt (Betatrontunekombination) gewählt und die Einflüsse von Impulsabweichungen der Teilchen sowie eine Phasenraum-koppelnde Quadrupolkomponente der Dipolmagnete untersucht. Die Einflüsse scheinen keine negative Auswirkung auf die Stabilität der gespeicherten Antiprotonen zu haben.  This thesis deals with beam-dynamics simulations and magnetic measurements for the High-Energy Storage Ring (HESR), a synchrotron designed for antiprotons. The HESR is part of the future Facility for Antiproton and Ion Research (FAIR) near Darmstadt. As the facility is under construction at the moment, the first magnets are built and measured. This work comprises magnetic measurements and beam-dynamics simulations. Different types of magnets are used to guide and focus the beam. The magnetic quadrupole elements are measured at the manufacturer’s site. These measurements are conducted with rotating coils. As part of this thesis these measurements are analysed in order to to describe the elements in the beamdynamics simulations. Therefore the measurements of the magnetic flux density is expressed in harmonic coefficients. In contrast the measurements of the dipole that are performed by the manufacturer are not suited to extract harmonic coefficients. Thus a new measurement device - based on Hall effect probes - is developed to measure the desired quantities. As a proof of concept, measurements with the existing Hall-probe mapper are performed. The measurement results from the proof-of-concept measurements along with the measured harmonic content from the quadrupoles are used as basis for the beam-dynamics simulations. The measured values are randomised within limits as expected from the measurements to characterise the individual magnets. These individual magnets are used to describe the entire accelerator in the simulations. To randomise the measurement and transfer it to the simulation software an own C++ code is written. To estimate the stability of the particle beam in the HESR, tracking simulations are performed. In these single-particle trackings a particle is described by its phase-space coordinate. The track of this particle is then the evolution of its phase-space coordinate. The trackings are performed starting at several points in the phase space transverse to the particle’s motion. For each of this initial points it is estimated if it leads to stable or chaotic motion. To distinguish between both kinds of motion a criterion based on the Lyapunov exponent is used. The border between stable and chaotic motion is called the dynamic aperture. To estimate the stability of the tracking results and thus the estimated dynamic aperture, the trackings are repeated with different sets of randomised harmonic content of the magnets. The reliability of the tracking results is demonstrated by a tune scan. For this the dynamic aperture calculation is performed with different settings of the simulated accelerator. The results show the expected resonance structure in the tune diagram. The tracking is then used to investigate if a stable operation of the HESR with particles at injection energy is possible. Therefore a point in tune space is chosen and influences to the dynamic aperture are studied. Both investigated influences, a possible momentum deviation of the particles, as well as a possible skew quadrupole component in the accelerators dipole magnets, seem to have no critical influence to the stability of the stored antiprotons.","2018","2025-06-13 13:27:27","2025-09-03 03:56:03","","","","","","","","","","","","","Rheinisch-Westfälische Technische Hochschule Aachen","","en","","Doctoral thesis (Dr. rer. nat.)","","","","","fulltext-url: https://publications.rwth-aachen.de/record/723015/files/723015.pdf Citation Key: hetzel__2018__beamdynamics","","","","#author/gender/:male; #degree/title/:dr.rer.nat.; #degree/granted-by/:rwth-aachen; #has-affiliation/:fair","","","","","","","","","","","","","","","","","","","","","","","","","","","","","","","","","","","","","","","","","","","","","","",""
"697EQNRV","thesis","2018","Hempelmann, Nils","Polarization measurement and manipulation for electric dipole moment measurements in storage rings","","","","","https://doi.org/10.18154/RWTH-2018-221496","Elektrische Dipolmomente (EDM) bei Elementarteilchen verletzen die CP-Symmetrie. Eine Entdeckung von EDMs oberhalb der extrem kleinen Standarmodellvorhersage wäre ein Zeichen für neue Physik, die möglicherweise mit der noch nicht erklärten Dominanz der Materie über Antimaterie im Universum zusammenhängt. Die meiste Forschung über EDMs konzentriert sich auf neutrale Teilchen, wie Neutronen oder Atome. Das EDM geladener Teilchen, wie Protonen oder Deuteronen, könnte in einem Speicherring gemessen werden. Dazu wird die Präzession des Spinvektors im elektrischen Feld im Ruhesystem der Teilchen betrachtet. EDM-Messungen in Speicherringen sind einer der Forschungsschwerpunkte des Cooler Synchrotron (COSY) am Forschungszentrum Jülich. In dieser Arbeit werden zwei Beiträge dazu behandelt: die vollständige Ersetzung der usleseelektronik des Niederenergiepolarimeters bei COSY und die Analyse von Daten, die mit dem neuen Spinfeedbacksystem aufgenommen wurden. Das Niederenergiepolarimeter (Low Energy Polarimeter, LEP) is ein Polarimeter in der Injektionsbeamline von COSY. Die Polarisation wird mittels elastischer Streuung an einem Kohlenstofftarget bei einer Energie von 75 MeV bei Deuteronen bzw. 45 MeV bei Protonen gemessen. Die auslaufenden Teilchen werden mit zwölf Plastikszintillatoren nachgewiesen, die in Dreiergruppen oberhalb, unterhalb, links und rechts vom Target angebracht sind.Die alte, analoge Elektronik wurde durch ein neues System auf Grundlage von FPGAs ersetzt. Das neue System kann die Amplitude, die Flugzeit sowie die Pulsform der Detektorsignale messen. Alle Daten werden für Offlineanalysen gespeichert, was vorher nicht möglich war. Die Rate bei Spektrummessungen konnte, abhängig vom Struewinkel, von etwa 10 kHz bei der alten Elektronik auf Werte von 30 kHz bis über 150 kHz verbessert werden. Das Spinfeedbacksystem kann die schnelle (~ 121 kHz) Präzession der horizontalen Polarisation an ein externes rf Signal anpassen. Es wird ein gebunchter Strahl verwendet. Die Umlauffrequenz wird laufend angepasst, um den Phasenunterschied zwischen der horizontal Polarisation und dem externen rf Signal konstant zu halten. Das Feedbacksystem wurde durch direkte Messungen der relativen Phase getestet. Zusätzlich wurde die Polarisation mit einem rf Solenoiden aus der horizontalen Ebene herausgedreht, während das Feedbacksystem lief. Der Effekt des Solenoiden zeigt eine sinusförmige Abhängigkeit von der fürs Feedback eingestellten relativen Phase, was ein weiterer Beleg dafür ist, dass das System funktioniert. Das Feedbacksystem erfüllt die Anforderungen eines EDM-Experiments. Zusätzlich wurden durch den Solenoiden erzeugte getriebene Oszillationen der Polarisation untersucht, bei denen das Feedbacksystem verwendet wurde, um die Anfangsbedingungen einzustellen. Die beobachteten Oszillationen der vertikalen und horizontalen Polarisation konnten mit einem analytischen Modell beschrieben werden. Electric dipole moments (EDM) in elementary particles violate CP-symmetry. A discovery of EDMs above the extremely small Standard Model predictions would indicate new physics, possibly related to the unexplained dominance of matter over antimatter in the universe. Most research on EDMs has focused on neutral particles such as neutrons or atoms. The EDM of charged particles, like protons or deuterons, could be measured in storage rings using the precession of the spin vector in the electric field in the rest frame of the particles. Storage ring EDM measurements are one of the main research goals for the Cooler Synchrotron (COSY) at Forschungszentrum Jülich. This thesis makes two contributions to this goal: the complete replacement of the read-out electronics of the Low Energy Polarimeter at COSY and the analysis of data taken using the new spin feedback system. The Low Energy Polarimeter (LEP) is a polarimeter in the injection beam line of COSY. The polarization is measured at an injection energy of 75 MeV for deuterons and 45 MeV for protons using elastic scattering off a carbon target. Outgoing particles are measured using twelve plastic scintillator detectors mounted in groups of three above, below, left and right of the target. The old, analog electronics was replaced with a new system based on field programmable gate arrays (FPGA).The new system can measure amplitude and time of flight spectra as well as the pulse shape of the detector signals. All data is saved for offline analysis, which was not previously possible. The rate of spectrum measurements could be improved from about 10 kHz for the old electronics to values from 30 kHz to over 150 kHz, depending on the scattering angle. The spin feedback system is able to adjust the rapid (~ 121 kHz) in-plane spin precession to the frequency of a radio frequency (rf) solenoid. The feedback system uses a bunched polarized beam. The revolution frequency is adjusted constantly to keep a fixed phase between the horizontal polarization and the external rf signal. The feedback system was tested using direct measurements of the relative phase. Additionally, the polarization was rotated out of the horizontal plane using the rf solenoid while the feedback was running. The effect of the solenoid shows a sinusoidal dependency on the relative phase set by the feedback, further proving that the system works. The feedback system meets the requirements for use in an EDM experiment. Driven oscillations of the polarization induced by the rf solenoid were also examined, using the feedback system to set the initial conditions. The observed oscillations in the vertical and horizontal polarizations could be described using an analytical model.","2018","2025-06-13 13:27:27","2025-06-13 13:27:27","","","","","","","","","","","","","Rheinisch-Westfälische Technische Hochschule Aachen","","en","","Doctoral thesis (Dr. rer. nat.)","","","","","fulltext-url: https://publications.rwth-aachen.de/record/718035/files/718035.pdf Citation Key: hempelmann__2018__polarization","","","","#author/gender/:male; #degree/title/:dr.rer.nat.; #degree/granted-by/:rwth-aachen","","","","","","","","","","","","","","","","","","","","","","","","","","","","","","","","","","","","","","","","","","","","","","",""
"FQRDRZBH","thesis","2017","Chekmenev, Stanislav","Investigation of possibilities to measure the deuteron electric dipole moment at storage rings","","","","","https://doi.org/10.18154/RWTH-2017-03791","Das Interesse an Experimenten zu elektrischen Dipolmomenten (EDMs) ist stark motiviert durch die Materie-Antimaterie Asymmetrie in unserem Universum. Neue Quellen der CP-Verletzung sind notwendig, um dieses Phänomen richtig zu erklären. Ein EDM eines Elementarteilchens ist ein idealer Kandidat um nach diesen Quellen zu suchen, weil die Existenz eines EDMs CP Verletzung jenseits des Standardmodells erfordert, um entdeckt zu werden. Neue Experimente EDMs geladener Hadronen zu messen wurden vorgeschlagen. Diese Experimente erfordern den Bau neuartiger Speicherringe. Da ein EDM eine Größenordnung von 10-29 e·cm haben kann, muss eine hohe Präzision erreicht werden. Die Empfindlichkeit zukünftiger Experimente ist durch systematische Effekte begrenzt. Diese Arbeit untersucht mögliche Wege zur Minimierung verschiedener systematischer Fehler für zwei Versionen eines Speicherrings und für ein Vorläufer-Experiment, das von der JEDI (Jülich Electric Dipole Moments Investigations) Kollaboration am bereits existierenden Cooler Synchrotron COSY durchgeführt wird. Um die Auswirkungen der systematischen Effekte zu untersuchen, wurde eine große Anzahl von Spin-Orbit-Tracking-Simulationen mit dem neu entwickelten Programmcode MODE durchgeführt. Modellrechnungen für zwei Ansätze mit einem neuartigen Speicherring wurden verfolgt: die sog. ""frozen spin"" und die ""quasi-frozen spin"" Methode. Ein weiteres Modell wurde für das Vorläufer-Experiment an COSY studiert. Die Ergebnisse einer im Jahr 2014 durchgeführten Strahlzeit ermöglichten das Benchmarking und Anpassung des Beschleunigermodells und eine Verbesserung der Simulationsrechnung. Einer der dominierenden Effekte, der die Empfindlichkeit limitiert, ist die Spin-Dekohärenz, die an jedem Speicherring auftritt. Die endliche Größe des Bunches in allen drei Richtungen, radial, vertikal und longitudinal verursacht dieses Dekohärenz. Die Verwendung einer Hochfrequenz-Kavität und eine Kombination von Sextupolmagneten führt zu einer Maximierung der Zeit in der die Spins in der horizontalen Ebene ausgerichtet bleiben. Eine Hauptquelle systematischer Effekte ist das ""Misalignment"" von Elementen im Speicherring. Um diesen Effekt zu minimieren, wurde vorgeschlagen Strahlen sowohl im Uhrzeigersinn als auch entgegengesetzt zirkulieren zu lassen. Für das Vorläufer-Experiment an COSY ist eine falsche Anpassung zwischen dem verwendeten Hochfrequenz-Wienfilter und der Spin-Präzession eine Fehlerquelle. Alle diese Fehlerquellen wurden im Detail untersucht und Sensitivitätsgrenzen wurden berechnet. Die erreichbare Sensitivität für zukünftige Experimente liegt in der Größenordnung von 10−25 ─ 10−26 e·cm. Für das Vorläufer-Experiment an COSY kann eine Sensitivität von ungefähr 10−19 e·cm erreicht werden.  The interest in electric dipole moment (EDM) experiments is highly motivated by the problem of matter-antimatter asymmetry in our universe. New sources of CP-violation are needed to explain that phenomenon properly. An EDM of an elementary particle is a perfect candidate to search for these sources because its existence requires CP-violation beyond the Standard Model to be detected. New experiments for the EDM of charged hadrons are proposed. These experiments require a new type of storage ring to be built. Since an EDM could be as small as 10-29 e·cm, a fantastic precision should be achieved. The main cause that limits a potential sensitivity of future experiments are systematic errors. This thesis investigates possible ways to minimize various systematic errors for two versions of a new storage ring and for the precursor experiment, which will be performed by the JEDI (Jülich Electric Dipole moments Investigations) collaboration at the existing Cooler Synchrotron COSY. To study the impact of the systematic errors a large number of spin-orbit tracking simulations were performed in the newly developed program MODE. Two approaches for using a new storage ring were studied: the frozen and the quasi-frozen spin method. In addition, the precursor experiment at COSY was studied. The results of a test run conducted in 2014 made possible to benchmark and adjust the accelerator model and improve the simulation environment. One of the main quantities that defines the sensitivity is the spin decoherence, which takes place at any storage ring. The finite size of the bunch in all three directions, radial, vertical and longitudinal causes the particles’ spins to decohere. Using an RF cavity and a combination of sextupoles allows one to maximize the time during which the spins stay parallel to each other in the horizontal plane. The main source of systematic error is the misalignment of the elements inside the ring. For a dedicated storage ring, it was proposed to launch two beams in opposite directions (clockwise and counter-clockwise) to average out its impact. For the precursor experiment, the frequency mismatch between an RF Wien filter device that will be used and the frequency of the spin rotation is harmful. All error sources were thoroughly studied and the sensitivity limits were calculated. The EDM limit, which can currently be reached on the future experiments, is of the order of 10−25 ─ 10−26 e·cm. With the present situation at COSY, the accuracy of the precursor experiment is expected to be of the order of 10−19 e·cm.","2017","2025-06-13 13:27:27","2025-06-13 13:27:27","","","137","","","","","","","","","","Rheinisch-Westfälische Technische Hochschule Aachen","","en","","Doctoral thesis (Dr. rer. nat.)","","","","","fulltext-url: https://publications.rwth-aachen.de/record/688413/files/688413.pdf Citation Key: chekmenev__2017__investigation","","","","#author/gender/:male; #degree/title/:dr.rer.nat.; #degree/granted-by/:rwth-aachen","","","","","","","","","","","","","","","","","","","","","","","","","","","","","","","","","","","","","","","","","","","","","","",""
"I8FWVDKQ","thesis","2016","Widmann, Christina","Simulation and First Experimental Tests of an Electron Beam Transport System for a Laser Wakefield Accelerator","","","","","https://doi.org/10.5445/IR/1000055008","","2016","2025-06-13 13:27:27","2025-06-13 13:27:27","","","","","","","","","","","","","Karlsruher Institut für Technologie","","en","","Doctoral thesis (Dr. rer. nat.)","","","","","fulltext-url: https://publikationen.bibliothek.kit.edu/1000055008/3849739 Citation Key: widmann__2016__simulation","","","","#degree/title/:dr.rer.nat.; #author/gender/:female; #degree/granted-by/:kit; #is-about/topic/:beam-dynamics","","","","","","","","","","","","","","","","","","","","","","","","","","","","","","","","","","","","","","","","","","","","","","",""
"8SE9UR9B","thesis","2016","Voutta, Robert","Beam heat load investigations with a cold vacuum chamber for diagnostics in a synchrotron light source","","","","","https://doi.org/10.5445/IR/1000054479","","2016","2025-06-13 13:27:27","2025-06-13 13:27:27","","","","","","","","","","","","","Karlsruher Institut für Technologie","","en","","Doctoral thesis (Dr. rer. nat.)","","","","","fulltext-url: https://publikationen.bibliothek.kit.edu/1000054479/3842103 Citation Key: voutta__2016__beam","","","","#author/gender/:male; #degree/title/:dr.rer.nat.; #degree/granted-by/:kit; #is-about/topic/:beam-dynamics","","","","","","","","","","","","","","","","","","","","","","","","","","","","","","","","","","","","","","","","","","","","","","",""
"4MXIH6UV","thesis","2019","Szalkai, Dora","Experimental investigations for development of an innovative SiC sensor for spectrometry of neutrons under harsh environmental conditions","","","","","https://doi.org/10.5445/IR/1000096850","","2019","2025-06-13 13:27:27","2025-06-13 13:27:27","","","","","","","","","","","","","Karlsruher Institut für Technologie","","en","","Doctoral thesis (Dr.-Ing.)","","","","","fulltext-url: https://publikationen.bibliothek.kit.edu/1000096850/35992424 Citation Key: szalkai__2019__experimental","","","","#degree/title/:dr.-ing.; #author/gender/:female; #degree/granted-by/:kit; #is-about/topic/:beam-dynamics","","","","","","","","","","","","","","","","","","","","","","","","","","","","","","","","","","","","","","","","","","","","","","",""
"PE34KGXB","thesis","2018","Steinmann, Johannes","Diagnostics of short electron bunches with THz detectors in particle accelerators","","","","","https://doi.org/10.5445/KSP/1000090017","","2018","2025-06-13 13:27:27","2025-06-13 13:27:27","","","","","","","","","","","","","Karlsruher Institut für Technologie","","en","","Doctoral thesis (Dr.-Ing.)","","","","","fulltext-url: https://publikationen.bibliothek.kit.edu/1000090017/32835641 Citation Key: steinmann__2018__diagnostics","","","","#author/gender/:male; #degree/title/:dr.-ing.; #degree/granted-by/:kit; #is-about/topic/:beam-dynamics","","","","","","","","","","","","","","","","","","","","","","","","","","","","","","","","","","","","","","","","","","","","","","",""
"I6HLTH3K","thesis","2018","Schönfeldt, Patrick","Simulation and measurement of the dynamics of ultra-short electron bunch profiles for the generation of coherent THz radiation","","","","","https://doi.org/10.5445/IR/1000084466","","2018","2025-06-13 13:27:27","2025-06-13 13:27:27","","","","","","","","","","","","","Karlsruher Institut für Technologie","","en","","Doctoral thesis (Dr. rer. nat.)","","","","","fulltext-url: https://publikationen.bibliothek.kit.edu/1000084466/15923627 Citation Key: schonfeldt__2018__simulation","","","","#author/gender/:male; #degree/title/:dr.rer.nat.; #degree/granted-by/:kit; #is-about/topic/:beam-dynamics","","","","","","","","","","","","","","","","","","","","","","","","","","","","","","","","","","","","","","","","","","","","","","",""
"MQZMWISR","thesis","2018","Rota, Lorenzo","KALYPSO, a novel detector system for high-repetition rate and real-time beam diagnostics","","","","","https://doi.org/10.5445/IR/1000071240","","2018","2025-06-13 13:27:27","2025-06-13 13:27:27","","","","","","","","","","","","","Karlsruher Institut für Technologie","","en","","Doctoral thesis (Dr.-Ing.)","","","","","fulltext-url: https://publikationen.bibliothek.kit.edu/1000071240/4215132 Citation Key: rota__2018__kalypso","","","","#author/gender/:male; #degree/title/:dr.-ing.; #degree/granted-by/:kit; #is-about/topic/:beam-dynamics","","","","","","","","","","","","","","","","","","","","","","","","","","","","","","","","","","","","","","","","","","","","","","",""
"W3BNYR2J","thesis","2019","Raj, Prasoon","Development and Testing of Self‒Powered Detectors for Nuclear Measurements in Fusion Reactors","","","","","https://doi.org/10.5445/IR/1000096884","","2019","2025-06-13 13:27:27","2025-06-13 13:27:27","","","","","","","","","","","","","Karlsruher Institut für Technologie","","en","","Doctoral thesis (Dr.-Ing.)","","","","","fulltext-url: https://publikationen.bibliothek.kit.edu/1000096884/38644300 Citation Key: raj__2019__development","","","","#author/gender/:male; #degree/title/:dr.-ing.; #degree/granted-by/:kit; #is-about/topic/:beam-dynamics","","","","","","","","","","","","","","","","","","","","","","","","","","","","","","","","","","","","","","","","","","","","","","",""
"E52FGQTP","thesis","2019","Raasch, Juliane","Electrical-Field Sensitive Yba2cu3o(7-X) Detectors for Real-Time Monitoring of Picosecond Thz Pulses","","","","","https://doi.org/10.5445/KSP/1000081476","","2019","2025-06-13 13:27:27","2025-06-13 13:27:27","","","","","","","","","","","","","Karlsruher Institut für Technologie","","en","","Doctoral thesis (Dr.-Ing.)","","","","","fulltext-url: https://publikationen.bibliothek.kit.edu/1000081476/25411195 ISBN: 978-3-7315-0786-4 Citation Key: raasch__2019__electricalfield","","","","#degree/title/:dr.-ing.; #author/gender/:female; #degree/granted-by/:kit; #is-about/topic/:beam-dynamics","","","","","","","","","","","","","","","","","","","","","","","","","","","","","","","","","","","","","","","","","","","","","","",""
"C8U8XHQR","thesis","2012","Klein, Marit","Optics calculations and simulations of longitudinal beam dynamics for the low-alpha mode at ANKA","","","","","https://publikationen.bibliothek.kit.edu/1000031410","","2012","2025-06-13 13:27:27","2025-06-13 13:27:27","","","","","","","","","","","","","Karlsruher Institut für Technologie","","en","","Doctoral thesis (Dr. rer. nat.)","","","","","fulltext-url: none Citation Key: klein__2012__optics","","","","#degree/title/:dr.rer.nat.; #author/gender/:female; #degree/granted-by/:kit; #is-about/topic/:beam-dynamics; #is-about/facility/:anka","","","","","","","","","","","","","","","","","","","","","","","","","","","","","","","","","","","","","","","","","","","","","","",""
"DUKKWTHG","thesis","2019","Kehrer, Benjamin","Time-resolved studies of the micro-bunching instability at KARA","","","","","https://doi.org/10.5445/IR/1000098584","","2019","2025-06-13 13:27:27","2025-06-13 13:27:27","","","","","","","","","","","","","Karlsruher Institut für Technologie","","en","","Doctoral thesis (Dr.-Ing.)","","","","","fulltext-url: https://publikationen.bibliothek.kit.edu/1000098584/42245503 Citation Key: kehrer__2019__timeresolved","","","","#author/gender/:male; #degree/title/:dr.-ing.; #degree/granted-by/:kit; #is-about/topic/:beam-dynamics; #is-about/facility/:elbe; #is-about/facility/:kit-atp/kara","","","","","","","","","","","","","","","","","","","","","","","","","","","","","","","","","","","","","","","","","","","","","","",""
"B4Z7L5AR","thesis","2013","Judin, Vitali","Untersuchung von Bunch-Bunch-Wechselwirkungen und des Einflusses der geometrischen Impedanz bei der Erzeugung kohärenter THz-Strahlung","","","","","https://doi.org/10.5445/IR/1000039528","","2013","2025-06-13 13:27:27","2025-06-13 13:27:27","","","","","","","","","","","","","Karlsruher Institut für Technologie","","de","","Doctoral thesis (Dr.-Ing.)","","","","","fulltext-url: https://publikationen.bibliothek.kit.edu/1000039528/3013281 Citation Key: judin__2013__untersuchung","","","","#author/gender/:male; #degree/title/:dr.-ing.; #degree/granted-by/:kit; #is-about/topic/:beam-dynamics","","","","","","","","","","","","","","","","","","","","","","","","","","","","","","","","","","","","","","","","","","","","","","",""
"PNYXP2NQ","thesis","2011","Hofmann, André","Erste Untersuchungen mit einzelnen Elektronenpulsen am ANKA-Speicherring","","","","","https://doi.org/10.5445/IR/1000025363","","2011","2025-06-13 13:27:27","2025-09-03 03:51:51","","","","","","","","","","","","","Karlsruher Institut für Technologie","","de","","Doctoral thesis (Dr. rer. nat.)","","","","","fulltext-url: https://publikationen.bibliothek.kit.edu/1000025363/1949834 Citation Key: hofmann__2011__erste","","","","#author/gender/:male; #degree/title/:dr.rer.nat.; #degree/granted-by/:kit; #is-about/topic/:beam-dynamics; #is-about/facility/:anka","","","","","","","","","","","","","","","","","","","","","","","","","","","","","","","","","","","","","","","","","","","","","","",""
"BH4UWNLD","thesis","2013","Hiller, Nicole","Electro-optical bunch length measurements at the ANKA storage ring","","","","","https://doi.org/10.5445/IR/1000041159","","2013","2025-06-13 13:27:27","2025-06-13 13:27:27","","","","","","","","","","","","","Karlsruher Institut für Technologie","","en","","Doctoral thesis (Dr. rer. nat.)","","","","","fulltext-url: https://publikationen.bibliothek.kit.edu/1000041159/3096634 Citation Key: hiller__2013__electrooptical","","","","#degree/title/:dr.rer.nat.; #author/gender/:female; #degree/granted-by/:kit; #is-about/topic/:beam-dynamics; #is-about/facility/:anka","","","","","","","","","","","","","","","","","","","","","","","","","","","","","","","","","","","","","","","","","","","","","","",""
"4LXJVYHK","thesis","2013","Hillenbrand, Steffen","Study of Plasma-Based Acceleration for High Energy Physics and Other Applications","","","","","https://doi.org/10.5445/IR/1000042020","","2013","2025-06-13 13:27:27","2025-06-13 13:27:27","","","","","","","","","","","","","Karlsruher Institut für Technologie","","en","","Doctoral thesis (Dr. rer. nat.)","","","","","fulltext-url: https://publikationen.bibliothek.kit.edu/1000042020/3152531 Citation Key: hillenbrand__2013__study","","","","#author/gender/:male; #degree/title/:dr.rer.nat.; #degree/granted-by/:kit; #is-about/topic/:beam-dynamics","","","","","","","","","","","","","","","","","","","","","","","","","","","","","","","","","","","","","","","","","","","","","","",""
"8V2AIGWJ","thesis","2017","Härer, Bastian","Lattice Design and Beam Optics Calculations for the New Large-Scale Electron-Positron Collider FCC-ee","","","","","https://doi.org/10.5445/IR/1000071240","","2017","2025-06-13 13:27:27","2025-06-13 13:27:27","","","168","","","","","","","","","","Karlsruher Institut für Technologie","","en","","Doctoral thesis (Dr. rer. nat.)","","","","","fulltext-url: https://publikationen.bibliothek.kit.edu/1000071240/4215132 Citation Key: harer__2017__lattice","","","","#author/gender/:male; #degree/title/:dr.rer.nat.; #degree/granted-by/:kit; #is-about/topic/:beam-dynamics; #is-about/facility/:fcc/fcc-ee","","","","","","","","","","","","","","","","","","","","","","","","","","","","","","","","","","","","","","","","","","","","","","",""
"56BDJUCE","thesis","2017","Green, Bert","Superradiant Terahertz Sources and Their Applications in Accelerator Diagnostics and Ultra-Fast Science","","","","","https://doi.org/10.5445/IR/1000070730","","2017","2025-06-13 13:27:27","2025-06-13 13:27:27","","","","","","","","","","","","","Karlsruher Institut für Technologie","","en","","Doctoral thesis (Dr. rer. nat.)","","","","","fulltext-url: https://publikationen.bibliothek.kit.edu/1000070730/4204814 Citation Key: green__2017__superradiant","","","","#author/gender/:male; #degree/title/:dr.rer.nat.; #degree/granted-by/:kit; #is-about/topic/:beam-dynamics","","","","","","","","","","","","","","","","","","","","","","","","","","","","","","","","","","","","","","","","","","","","","","",""
"AZ5UB2B3","thesis","2013","Gerstl, Stefan","A COLD vacuum chamber for beam heat load DIAGnostics (COLDDIAG)","","","","","https://doi.org/10.5445/IR/1000038354","","2013","2025-06-13 13:27:27","2025-06-13 13:27:27","","","","","","","","","","","","","Karlsruher Institut für Technologie","","en","","Doctoral thesis (Dr. rer. nat.)","","","","","fulltext-url: https://publikationen.bibliothek.kit.edu/1000038354/2969167 Citation Key: gerstl__2013__cold","","","","#author/gender/:male; #degree/title/:dr.rer.nat.; #degree/granted-by/:kit; #is-about/topic/:beam-dynamics","","","","","","","","","","","","","","","","","","","","","","","","","","","","","","","","","","","","","","","","","","","","","","",""
"CC2JJYDQ","thesis","2013","Fitterer, Miriam","Design Study of the Large Hadron Electron Collider and a Rapid Cycling Synchrotron as Alternative to the PS Booster Upgrade at {CERN}","","","","","https://doi.org/10.5445/IR/1000035142","","2013","2025-06-13 13:27:27","2025-09-03 03:59:40","","","","","","","","","","","","","Karlsruher Institut für Technologie","","en","","Doctoral thesis (Dr. rer. nat.)","","","","","fulltext-url: https://publikationen.bibliothek.kit.edu/1000035142/2624738 Citation Key: fitterer__2013__design","","","","#degree/title/:dr.rer.nat.; #author/gender/:female; #is-about/facility/:cac/lhc; #degree/granted-by/:kit; #is-about/topic/:beam-dynamics; #is-about/facility/:cac/ps","","","","","","","","","","","","","","","","","","","","","","","","","","","","","","","","","","","","","","","","","","","","","","",""
"J6BE2A9U","thesis","2016","Chang, Cheng","Precise determination of the electron beam energy with Compton backscattered laser photons at ANKA","","","","","https://doi.org/10.5445/IR/1000051914","","2016","2025-06-13 13:27:27","2025-09-03 03:51:51","","","","","","","","","","","","","Karlsruher Institut für Technologie","","en","","Doctoral thesis (Dr. rer. nat.)","","","","","fulltext-url: https://publikationen.bibliothek.kit.edu/1000051914/3785770 Citation Key: chang__2016__precise","","","","#author/gender/:male; #degree/title/:dr.rer.nat.; #degree/granted-by/:kit; #is-about/topic/:beam-dynamics; #is-about/facility/:anka; #is-about/facility/:kit-atp/kara; #is-about/accelerator-component/:beam-monitor/energy-monitor","","","","","","","","","","","","","","","","","","","","","","","","","","","","","","","","","","","","","","","","","","","","","","",""
"K3J7LIFU","thesis","2019","Berkowitz Zamora, Daniel","Development of a cryogenic refrigerator for a compact superconducting cyclotron in a hospital environment","","","","","https://doi.org/10.5445/IR/1000099481","","2019","2025-06-13 13:27:27","2025-06-13 13:27:27","","","","","","","","","","","","","Karlsruher Institut für Technologie","","en","","Doctoral thesis (Dr.-Ing.)","","","","","fulltext-url: https://publikationen.bibliothek.kit.edu/1000099481/46872294 Citation Key: berkowitzzamora__2019__development","","","","#author/gender/:male; #degree/title/:dr.-ing.; #degree/granted-by/:kit; #is-about/topic/:beam-dynamics","","","","","","","","","","","","","","","","","","","","","","","","","","","","","","","","","","","","","","","","","","","","","","",""
"FEGJIHYP","thesis","2015","Afonso-Rodrigues, Veronica","Electromagnetic Design, Implementation and Test of a Superconducting Undulator with a Transverse Gradient Field Amplitude","","","","","https://doi.org/10.5445/IR/1000050911","","2015","2025-06-13 13:27:27","2025-06-13 13:27:27","","","","","","","","","","","","","Karlsruher Institut für Technologie","","en","","Doctoral thesis (Dr.-Ing.)","","","","","fulltext-url: https://publikationen.bibliothek.kit.edu/1000050911/3765207 Citation Key: afonso-rodrigues__2015__electromagnetic","","","","#degree/title/:dr.-ing.; #author/gender/:female; #degree/granted-by/:kit; #is-about/topic/:beam-dynamics","","","","","","","","","","","","","","","","","","","","","","","","","","","","","","","","","","","","","","","","","","","","","","",""
"VLEJWE9Z","thesis","2019","Weilbach, Tobias","Minimal-invasive strahldiagnose für hoch intensive Elektronenstrahlen","","","","","https://doi.org/10.25358/openscience-960","Durch die Nutzung der Energierückgewinnung in Beschleunigern, wie z.B. in Energy recovery linacs (ERL) und Elektronenkühlern, können Strahlleistungen erzeugt werden, die bisher ökonomisch nicht erreichbar waren. Dabei werden Leistungen von einigen 10 kW bis zu einigen MW bei Strahlenergien unter 10 MeV erreicht. Ohne Energierückgewinnung müsste dafür eine Hochfrequenzleistung in vergleichbarer Größe installiert sein, was höhere Investitions- und Betriebskosten bedeuten würde. Diese hochintensiven Elektronenstrahlen stellen, speziell unterhalb von 10 MeV, besondere Anforderungen an die Strahldiagnose. Durch die hohen Strahlleistungen werden Diagnoseelemente, wie z.B. Szintillationsschirme, die in den Strahlengang gefahren werden, um das Strahlprofil zu vermessen, beschädigt bzw. zerstört. Im Rahmen der Energierückgewinnung wirkt sich jeder Verlust von Elektronen auf die Effizienz des Rückgewinnungsprozesses aus, da die Energie dieser Elektronen nicht mehr zurückgewonnen werden kann. Daher sind minimal-invasive Diagnosemethoden notwendig, die auf Prozessen mit einer möglichst kleinen Wechselwirkung mit dem Strahl beruhen. Diese Arbeit untersucht zwei Methoden der minimal-invasiven Strahldiagnose auf ihre Anwendungsmöglichkeiten für hoch intensive Elektronenstrahlen. Die erste Methode beruht auf der strahlinduzierten Fluoreszenz (Beam-Induced Fluorescence: BIF). Dabei wird das Licht, das durch die Anregung der Restgasatome und -moleküle im Strahlvakuum erzeugt wird, auf einen Detektor abgebildet. Die zweite Methode beruht auf der Thomson-Streuung. Dabei werden die Photonen eines Lasers am Elektronenstrahl gestreut, gewinnen Energie und werden im Detektor nachgewiesen. Der Laser tastet den Elektronenstrahl ab und erlaubt analog zur Messung mit einem Draht eine Profilmessung, da die Streurate proportional zur Elektronendichte projiziert auf den Laserweg ist. Diese Anwendung wird als Thomson-Laser-Scanner (TLS) bezeichnet. Die Wellenlänge der gestreuten Photonen hängt vom Winkel, unter dem sie den Elektronenstrahl treffen, und von der Energie der Elektronen ab, sowie der Wellenlänge des Lasers selbst. Für die Experimente wurde die in Mainz existierende Polarisierte KAnone Test (PKAT) um eine Messkammer zur Messung der strahlinduzierten Fluoreszenz (BIF) erweitert. Die Herausforderung dabei war es, das Vakuum im Bereich der BIF-Messung (10e-5 mbar) vom Vakuum der Photoquelle (10e-11 mbar) zu entkoppeln, so dass es zu keiner unakzeptablen Verkürzung der Vakuumlebensdauer der verwendeten Kathoden kommt. Für die TLS-Experimente wurde ein geeignetes Lasersystem erworben, um einerseits den benötigten Strahlstrom von 25 mA zu erzeugen und andererseits die erforderliche mittlere Laserleistung von mindestens 100 W für die Thomson-Streuung zur Verfügung zu stellen. Dabei konnte der Transport des Spitzenstroms von 25 mA gewährleistet werden, wobei der kombinierte Signaluntergrund von Elektronen- und Laserstrahl auf einen Wert <10 Hz begrenzt werden konnte. Die Bedingungen, unter denen an der PKAT gemessen wurde, sind auf die möglichen Anwendungsgebiete wie z.,B. den Elektronenkühler am Hochenergie-Speicherring (HESR) an der Facility for Antiproton and Ion Research (FAIR) oder ERLs wie den Mainz Energy recovering Superconducting Accelerator (MESA) übertragbar, so dass im Besonderen entscheidende Erkenntnisse über die Signal-zu-Untergrundverhältnisse sowie Messzeiten gewonnen werden konnten. Die vorgestellten Diagnosemethoden sind geeignete Erweiterungen im Bereich der minimal-invasiven Strahldiagnose für hoch intensive Elektronenstrahlen. Using energy recovering techniques in accelerators, e.g. in ERLs or electron coolers, a new range of beam powers is economically achievable. Beam powers in the order of several 10 kW up to several MW are possible at beam energies below 10 MeV. Without energy recovering methods, the same amount of radio frequency power has to be provided if the losses in the cavities are neglected. With energy recovering schemes, it is possible to achieve these beam powers economically because the needed radio frequency (RF) power is smaller and, thus, so are the investment and operating costs. Beam profile measurements of high intensity electron beams below 10 MeV have to fulfill special demands. Commonly used diagnostic tools like wire scanners and scintillation screens which are put in the beam path for profile measurements are not able to withstand the beam power without being damaged or destroyed. Due to the energy recovering mechanism, any electron loss reduces the efficiency of the recovering process because the energy of these electrons cannot be recovered anymore. This loss has to be covered by the installed RF power. Hence, minimally invasive diagnostic methods are needed, which rely on processes with interactions as small as possible with the beam and which remove as few electrons as possible from the beam, none in an optimal case. An established method for the beam profile measurement uses synchrotron radiation, but this can only be used at higher beam energies than those considered here. In this thesis, two different minimally invasive beam diagnostic methods are investigated with respect to their use for high intensity electron beams. The first method uses beam-induced fluorescence (BIF). This quite simple system images the light generated by the interaction of the beam with the residual gas onto a detector. The second method is based on Thomson scattering where laser photons are scattered at an electron beam, gain energy and are detected. The laser scans the electron beam and enables a profile measurement analogous to a wire measurement, hence the name Thomson Laser Scanner (TLS). The scattering rate is proportional to the projected electron density along the laser path, provided the detector system is capable of detecting all scattered photons. The wavelength of the scattered photons depends on the angle at which the laser hits the electron beam and on the energy of the electrons and the initial laser wavelength. The existing test source PKAT in Mainz was extended with a vacuum chamber for the BIF measurements. The challenge for the BIF measurements is the separation of the vacuum inside the BIF chamber 10e-5 mbar) from the vacuum in the photo source (10e-11 mbar) to prevent a significant decrease of the cathode's vacuum lifetime. For the TLS experiments a suitable laser system was acquired to provide the needed beam current of 25 mA and the required laser power of at least 100 W for the Thomson scattering experiments. In this process the transport of a peak current of 25 mA could be provided while keeping the combined background of the electron and the Laser beam below 10 Hz. The measurement conditions at the PKAT are transferable to different fields of application, e.g. the electron cooling device in the High Energy Storage Ring (HESR) at the Facility for Antiproton and Ion Research (FAIR) or ERLs like the Mainz Energy recovering Superconducting Accelerator (MESA), thus it is possible to gain knowledge about the signal-to-background ratio and measurement times. The presented methods are viable extensions of the minimally invasive beam diagnostics for high intensity electron beams.","2019","2025-06-13 13:27:27","2025-09-03 03:56:03","","","121","","","","","","","","","","Johannes Gutenberg-Universität Mainz","","en","","Doctoral thesis (Dr. rer. nat.)","","","","","fulltext-url: https://openscience.ub.uni-mainz.de/bitstream/20.500.12030/962/1/100002941.pdf Citation Key: weilbach__2019__minimalinvasive","","","","#author/gender/:male; #degree/title/:dr.rer.nat.; #is-about/accelerator-type/erl; #degree/granted-by/:uni-mainz; #is-about/facility/:mesa; #has-affiliation/:fair","","","","","","","","","","","","","","","","","","","","","","","","","","","","","","","","","","","","","","","","","","","","","","",""
"S9647PJM","thesis","2020","Stoll, Christian Philipp","Beam dynamical behaviour of the MESA SRF structures under recirculating operation","","","","","http://doi.org/10.25358/openscience-5185","Energie rückgewinnende Linearbeschleuniger (ERL) sind ein neuartiger Beschleunigertyp, der die Strahlqualitätseinschränkungen von Zirkularbeschleunigern umgeht, aber gleichzeitig den Leistungsaufwand zur Beschleunigung im Vergleich zu Linearbeschleunigern reduziert. Die Idee wurde zuerst von M. Tigner vorgeschlagen [1]. In einem ERL werden die Elektronen von der Quelle in die Beschleunigungsstrukturen geleitet und dann für z.B. minimalinvasive Teilchenphysik-Experimente [2] oder zur Erzeugung brillianter Strahlung genutzt [3]. Nach der Interaktion mit dem Experiment werden die Elektronen erneut mit einem Phasenvorschub von 180° in die Beschleunigungsstrukturen geleitet. Die Teilchen werden dadurch abgebremst und ihre kinetische Energie wird an das elektromagnetische Feld der Beschleunigerstrukturen zurückgegeben. Der Mainz Energy-recovering Superconducting Accelerator (MESA) wird zurzeit an der Johannes Gutenberg-Universität aufgebaut. Für Phase 1 von MESA wird ein Strahlstrom von 1mA viermal in zwei Kryomodulen bis auf eine Energie von 105MeV beschleunigt. 100MeV der Strahlenergie können zurückgewonnen werden und der Strahl wird bei 5MeV gestoppt. Dies führt zu einer signifikanten Einsparung von Anschlussleistung, benötigt aber supraleitende Beschleunigungsstrukturen, die bei 1,8K betrieben werden und hohe Güten aufweisen müssen, um die zur Beschleunigung notwendigen Feldstärken aufrecht zu erhalten. Für die zweite Phase von MESA ist Strahlbetrieb mit bis zu 10mA vorgesehen. Elektronenstrahlen mit hohem Strahlstrom stellen spezielle Anforderungen an die Strahldynamik, unter anderem durch Raumladung bei niedrigen Strahlenergien und durch das so genannte Beam Break Up (BBU), welches durch Dipol-Moden höherer Ordnung (Higher Order Modes (HOMs)) in den Beschleunigungsstrukturen ausgelöst wird. Die Messung der Moden höherer Ordnung, die am Helmholtz-Institut Mainz (HIM) durchgeführt wurde, ihr Einfluss auf die Strahldynamik und die Beschränkungen des maximalen Strahlstroms durch BBU werden in dieser Arbeit vorgestellt.","2020","2025-06-13 13:27:27","2025-06-13 13:27:27","","","87","","","","","","","","","","Johannes Gutenberg-Universität Mainz","","en","","Doctoral thesis (Dr. rer. nat.)","","","","","fulltext-url: https://openscience.ub.uni-mainz.de/bitstream/20.500.12030/5189/3/stoll_christian_philipp-beam_dynamical-20201026154738111.pdf Citation Key: stoll__2020__beam","","","","#author/gender/:male; #degree/title/:dr.rer.nat.; #is-about/accelerator-type/erl; #degree/granted-by/:uni-mainz; #is-about/facility/:mesa","","","","","","","","","","","","","","","","","","","","","","","","","","","","","","","","","","","","","","","","","","","","","","",""
"HEMDASHX","thesis","2020","Stengler, Timo U.","Entwicklung eines supraleitenden Beschleunigermoduls für den rezirkulierenden Betrieb am Mainz Energy-Recovering Superconducting Accelerator (MESA)","","","","","https://doi.org/20.500.12030/4917","","2020","2025-06-13 13:27:27","2025-06-13 13:27:27","","","140","","","","","","","","","","Johannes Gutenberg-Universität Mainz","","en","","Doctoral thesis (Dr. rer. nat.)","","","","","fulltext-url: https://openscience.ub.uni-mainz.de/bitstream/20.500.12030/4917/3/stengler_timo_udo-entwicklung_ei-20200721085410321.pdf Citation Key: stengler__2020__entwicklung","","","","#author/gender/:male; #degree/title/:dr.rer.nat.; #is-about/accelerator-type/erl; #degree/granted-by/:uni-mainz; #is-about/facility/:mesa","","","","","","","","","","","","","","","","","","","","","","","","","","","","","","","","","","","","","","","","","","","","","","",""
"MCJ8LEM7","thesis","2021","Matejcek, Christoph","Strahldynamik der Niederenergie-Strahlführung von MESA unter Berücksichtigung von Raumladung und Multipol-Beiträgen höherer Ordnung","","","","","https://doi.org/10.25358/openscience-5654","Auf der Suche nach neuen physikalischen Phänomenen in der Teilchenphysik und einer Erklärung astrophysikalischer Beobachtungen sind Experimente mit immer höherer Präzision und/oder Energie nötig. Damit bei hochpräzisen Streuexperimenten mithilfe von Beschleunigern innerhalb einer angemessenen Zeit die Messgrößen mit einem kleinen statistischen Fehler gemessen werden können, sind deutlich höhere Strahlintensitäten notwendig, als sich mit einem konventionellen Linearbeschleuniger erzielen lassen. Im Fall des geplanten Beschleunigers MESA in Mainz werden Ströme bis zu 10 mA angestrebt. Um die hohe Strahlleistung bereitzustellen und auch thermisch zu beherrschen, wird der Strahl nach dem Durchlauf des Experiments erneut durch die Beschleunigerstrukturen gelenkt, die dann abbremsend wirken, und der Großteil der Leistung so zurückgewonnen. Dieses Konzept des energierückgewinnenden Linearbeschleunigers (ERL) kann auch für eine neue Generation von Synchrotronstrahlungsquellen zur Material- und Grundlagenforschung eingesetzt werden. Die Qualität des Strahls, beschrieben durch die Emittanzen, ist im Wesentlichen durch die Elektronenquelle bestimmt. Deshalb gestaltet sich ein ERL auch deutlich flexibler als ein Speicherring, wo die Emittanz durch das Gleichgewicht zwischen Strahlungsdämpfung und diversen Heizeffekten festgelegt ist. Für eine gute Strahlqualität des geplanten ERL ist eine sorgfältige Auslegung der Elektronenquelle und der Niederenergiestrahlführung wichtig. Diese Arbeit umfasst die Auswahl der Strahlführungsmagnete, deren Simulation und Vermessung. Dasselbe trifft auf das für die longitudinale Strahlanpassung wichtige Choppersystem zu. Darüber hinaus wurde die gesamte Teststrahlführung simuliert und in Zusammenarbeit aufgebaut. Um Strahlen mit sehr kleiner Emittanz zu Kalibrierzwecken zu erzeugen, wurde ein neues Lasersystem installiert. Normierte Emittanzen epsilon ¡ 1 mm mrad sollen am Experiment zur Verfügung stehen. In Kombination mit den hohen Strahlströmen kommt es zu hohen Ladungsdichten und somit starken Raumladungskräften. Diese nicht linearen Kräfte führen zu einer ungewollten Vergrößerung der Emittanzen. Aufgrund der 1/γ³-Abhängigkeit sind diese Effekte besonders in der Niederenergiestrahlführung zu beachten. Die raumladungsbedingte Vergrößerung der Emittanzen wurde mithilfe der Simulationen der Strahlführung bestimmt und mit dem Experiment verglichen. Hinzu kommt das Emittanzwachstum durch ungewollte Multipolfelder. Deren Anteil kann mit Simulationen der modellierten Magnete bestimmt werden. Mit geeigneter Diagnose wurden an mehreren Orten entlang der Teststrahlführung die transversalen Strahleigenschaften bestimmt und anschließend mit den Ergebnissen der Simulationen verglichen. Somit konnte der starke Einfluss der Multipole nachgewiesen werden.","2021","2025-06-13 13:27:27","2025-06-13 13:27:27","","","154","","","","","","","","","","Johannes Gutenberg-Universität Mainz","","de","","Doctoral thesis (Dr. rer. nat.)","","","","","fulltext-url: https://openscience.ub.uni-mainz.de/bitstream/20.500.12030/5658/1/matejcek_christoph-strahldynamik_-20210218135741640.pdf Citation Key: matejcek__2021__strahldynamik","","","","#author/gender/:male; #degree/title/:dr.rer.nat.; #is-about/accelerator-type/erl; #degree/granted-by/:uni-mainz; #is-about/facility/:mesa","","","","","","","","","","","","","","","","","","","","","","","","","","","","","","","","","","","","","","","","","","","","","","",""
"FS43QV47","thesis","2021","Heil, Philipp","Kohärente Smith-Purcell-Strahlung zur minimal invasiven Bunchlängenmessung Im Subpikosekundenbereich","","","","","https://doi.org/10.25358/openscience-5886","Um schnelle physikalische Prozesse aufzulösen, kommen kurze Teilchenpulse immer häufiger zur Anwendung. Auch für den Betrieb des Mainzer energierückgewinnenden Beschleunigers MESA sind kurze Elektronenpulse unerlässlich. Hier werden kurze Bunche benötigt, um den Teilchenstrahl ohne große Verluste beschleunigen zu können bzw. ihn an die Akzeptanz des Beschleunigers anzupassen. Es wurde ein Testapparat für MESA gebaut, welcher die ersten zehn Meter der späteren Niederenergiestrahlführung bei 100keV beinhaltete. Da hier unter anderem auch die longitudinale Präparation des Elektronenstrahles stattfindet, eignet sich dieser Aufbau zur Untersuchung der Länge der Teilchenpulse. Eine Diagnosemethode zur Bestimmung der Bunchlänge stellt Smith-Purcell-Strahlung (SPR)dar. SPR entsteht, wenn ein geladenes Teilchen nahe an einer periodischen metallischen Gitterstruktur vorbeifliegt. Die Strahlung hat einen kohärenten Anteil, der quadratisch mit dem Strahlstrom ansteigt und bei den hier auftretenden Bunchladungen von 0,77pC die Intensität um bis zu sechs Größenordnungen verstärkt, sobald die Bunchlänge des Elektronenstrahles kleiner ist als die Periode der Gitterstruktur. Verschiedene Gitter mit unterschiedlichen Gitterkonstanten werden neben dem Strahl positioniert, um so die Länge der Bunche zu bestimmen. Ein Vergleich mit der theoretisch erzeugten und experimentell bestimmten Leistung liefert hier noch genauere Ergebnisse. Die entstehende Strahlung im THz-Bereich wird mit Leistungen von wenigen pW bis zu maximal 30nW emittiert und in einem mit flüssigem Helium auf 4,2K gekühlten Bolometer nachgewiesen. Die Einstellung der Parameter des Systems zur longitudinalen Präparation des Teilchenstrahls (Bunchersystem) wird mit Hilfe dieses SPR-Signals zunächst grob vorgenommen und dann fein optimiert. Die Erzeugung von SPR erfolgt dabei minimal invasiv. Es wird gezeigt, dass es möglich ist, die Bunchlänge zu bestimmen und dabei weniger als 0,6% des Strahles zu verlieren, wobei mit einer genaueren Einstellung der Fokussier- und Ablenkmagnete auch Werte von deutlich unter 0,1% möglich wären. Diese Eigenschaft ermöglicht es auch, bei hohen Strahlströmen eine Bunchlängenmessung durchzuführen. Hier bewirkt eine gegenseitige Abstoßung der Elektronen eine Aufblähung des Bunches (Raumladung). Der Einfluss dieses Effekts wird reduziert, indem bei einer Live-Messung bei Strömen von bis zu 3mA die Hohlraumresonatoren des Bunchersystems nachgeregelt werden. Es zeigt sich, dass sich mit diesem System RMS-Bunchlängen von 70µm erzeugen lassen. Dabei entspricht die experimentelle Anordnung weitgehend den zu erwartenden Verhältnissen an MESA. Die durch die Akzeptanz des Beschleunigers von 1,7mm festgelegte Anforderung wird hierbei deutlich übertroffen.","2021","2025-06-13 13:27:27","2025-06-13 13:27:27","","","","","","","","","","","","","Johannes Gutenberg-Universität Mainz","Mainz","de","","Doctoral thesis (Dr. rer. nat.)","","","","","fulltext-url: https://openscience.ub.uni-mainz.de/bitstream/20.500.12030/5895/1/heil_philipp-kohärente_smit-20210504093102072.pdf Citation Key: heil__2021__kohaerente","","","","#author/gender/:male; #degree/title/:dr.rer.nat.; #is-about/accelerator-type/erl; #degree/granted-by/:uni-mainz; #is-about/facility/:mesa","","","","","","","","","","","","","","","","","","","","","","","","","","","","","","","","","","","","","","","","","","","","","","",""
"N3NA6QVZ","thesis","2019","Dehn, Monika","Transportprozesse in Photokathoden und ihr Beitrag zum longitudinalen Halo von Elektronenbeschleunigern","","","","","https://doi.org/20.500.12030/1204","","2019","2025-06-13 13:27:27","2025-06-13 13:27:27","","","","","","","","","","","","","Johannes Gutenberg-Universität Mainz","","de","","Doctoral thesis (Dr. rer. nat.)","","","","","fulltext-url: https://openscience.ub.uni-mainz.de/bitstream/20.500.12030/1204/1/dehn_monika-transportproze-20200915105051401.pdf Citation Key: dehn__2019__transportprozesse","","","","#degree/title/:dr.rer.nat.; #author/gender/:female; #degree/granted-by/:uni-mainz","","","","","","","","","","","","","","","","","","","","","","","","","","","","","","","","","","","","","","","","","","","","","","",""
"K7IMWRXG","thesis","2019","Bechthold, Victor","Untersuchung von Multi-Alkali-Verbindungen im Hinblick auf ihre Eignung zur Erzeugung hochbrillanter Elektronenpulse","","","","","https://doi.org/20.500.12030/4829","","2019","2025-06-13 13:27:27","2025-06-13 13:27:27","","","","","","","","","","","","","Johannes Gutenberg-Universität Mainz","","de","","Doctoral thesis (Dr. rer. nat.)","","","","","fulltext-url: https://openscience.ub.uni-mainz.de/bitstream/20.500.12030/4829/1/100002750.pdf Citation Key: bechthold__2019__untersuchung","","","","#author/gender/:male; #degree/title/:dr.rer.nat.; #degree/granted-by/:uni-mainz","","","","","","","","","","","","","","","","","","","","","","","","","","","","","","","","","","","","","","","","","","","","","","",""
"3FET49GX","thesis","2018","Alexander, Igor Constantin","Experimental Investigation of the Beam Dynamics of the MESA Photoinjector","","","","","https://doi.org/20.500.12030/1178","Das Institut für Kernphysik der Johannes Gutenberg-Universität Mainz baut einen neuen Beschleuniger mit der Bezeichnung “Mainz Energy-recovering Superconducting Accelerator” (MESA). MESA wird, ähnlich wie das bereits existierende Mainz Mikrotron (MAMI), ein rezirkulierender Beschleuniger sein, der einen c.w. Strahl mit einer Frequenz von 1,3 GHz liefern wird. Im sogenannten ERL Betrieb soll der mittlere Strahlstrom zunächst 1 mA betragen, was in einer weiteren Ausbaustufe auf 10 mA erhöht werden wird. Für einen zuverlässigen Betrieb des Beschleunigers ist die Strahlqualität entscheidend, die durch die Emittanz beschrieben wird. Die normierte Emittanz des Elektronenstrahls sollte epsilon_n < 1 mm mrad = 1 µm betragen und wird maßgeblich durch die Eigenschaften der Elektronenquelle deﬁniert. Durch die angestrebten Strahlströme von bis zu 10 mA in Verbindung mit einer Emittanz von epsilon_n,max = 1 µm können hohe Elektronendichten auftreten, welche durch die nichtlinearen Raumladungskräfte die Strahlqualität nachteilig beeinﬂussen. Deswegen ist eine geeignete Strahldiagnose unerlässlich, nicht zuletzt um die Eigenschaften der Elektronenquelle zu bestimmen, die sich aufgrund der Komplexität des Photoemissionsprozesses nur schwer modellieren lassen. Die vorliegende Arbeit beschäftigt sich mit Emittanzmessungen an niederenergetischen Elektronenstrahlen (100 keV) sowie der Messung der Elektronenpulslänge im Pikosekundenbereich. Für diesen Zweck wurde eine Teststrahlführung aufgebaut und die nötigen Diagnoseelemente wurden entwickelt und in Betrieb genommen. Die Strahldiagnoseeinheiten bestehen aus Leuchtschirmen und Drähten, mit denen Quadrupolscans ausgewertet werden können um eine Emittanzbestimmung durchzuführen. Zusätzlich sind auch noch Schlitzmasken verbaut, die eine Reduzierung der Raumladungskräfte während der Emittanzvermessung ermöglichen. Da die Strahldiagnoseelemente für den Betrieb an MESA konzipiert sind, werden diese unter realitätsnahen Bedingungen—wie sie auch später an MESA vorliegen—getestet. Anhand dieser Anforderungen wurde ein zuverlässiges Lasersystem aufgebaut und in Betrieb genommen. Das Lasersystem besteht aus zwei Laserdioden mit unterschiedlichen Wellenlängen und Pulseigenschaften. Dies ermöglicht es die Auswirkungen der zeitlichen Struktur der Bunche sowie der emittierenden Fläche auf die Entwicklung der Emittanz zu untersuchen. Im Rahmen dieser Arbeit konnten die Strahlparameter bis zu einem Strahlstrom von 2,4 mA bestimmt werden, was einer Bunchladung von 2 pC entspricht. Ein Deﬂektorresonator wurde verwendet, um die auftretenden Pulslängen zu charakterisieren. Die beobachteten Bunchlängen und Emittanzen für I_beam ≤ 1 mA sind ausreichend, um mit dem Betrieb von MESA zu beginnen. Die durchgeführten Messungen decken die Anforderungen für die erste Ausbaustufe von MESA ab. The Institute of Nuclear Physics at Johannes Gutenberg University Mainz is building a new accelerator called Mainz Energy-recovering Superconducting Accelerator (MESA). MESA will be a recirculating machine like the existing Mainz Microtron (MAMI) delivering a c.w. electron beam with a repetition rate of 1.3 GHz. In the ERL operating mode the average beam current should be 1 mA, and in a second stage increased up to 10 mA. The beam quality, which is described by the emittance, is very important for a reliable accelerator operation. The normalized emittance of the electron beam should be epsilon_n < 1 mm mrad = 1 µm. The desired beam currents of up to 10 mA in combination with an emittance of epsilon_n,max = 1 µm create high electron densities. The latter will act as a detrimental eﬀect on the beam quality due to nonlinear space charge forces. Therefore, diagnostic elements are very important, in particular to characterize the properties of the electron source, since they are diﬃcult to simulate because of the complexity of photoemission. The thesis describes emittance measuring methods for low-energy electron beams (100 keV) and investigations of their temporal distribution in the picosecond regime. A diagnostic test beam line has been built, and the diagnostic elements have been designed and put into action. The diagnostic elements consist of screens and wires to perform quadrupole scans for the emittance determination. In addition, slit masks are installed, which allow to reduce space charge eﬀects during the emittance determination. Furthermore, a reliable laser system which allows to simulate the operating parameters of MESA has been constructed and commissioned. The laser system contains two diﬀerent laser diodes with diﬀerent wavelengths and enables to investigate the eﬀect of the temporal bunch structure and the emitter area on the evolution of the emittance within the low-energy beam transport system. The electron beam parameters could be determined up to a current of about 2.4 mA, which corresponds to a bunch charge of approximately 2 pC. A circular deﬂecting cavity was employed to characterize the bunch length of the electron pulses. With the existing electron source satisfying bunchlengths and emittances have been observed at I_beam ≤ 1 mA, which is suﬃcient to start MESA operations. The experiments performed cover the requirements for MESA stage-1.","2018","2025-06-13 13:27:27","2025-06-13 13:27:27","","","167","","","","","","","","","","Johannes Gutenberg-Universität Mainz","","en","","Doctoral thesis (Dr. rer. nat.)","","","","","fulltext-url: https://openscience.ub.uni-mainz.de/bitstream/20.500.12030/1178/1/100002353.pdf Citation Key: alexander__2018__experimental","","","","#author/gender/:male; #degree/title/:dr.rer.nat.; #is-about/accelerator-type/erl; #degree/granted-by/:uni-mainz; #is-about/facility/:mesa","","","","","","","","","","","","","","","","","","","","","","","","","","","","","","","","","","","","","","","","","","","","","","",""
"YBXMCU6W","thesis","2018","Völker, Jens","Development of a compact test facility for SRF photoelectron injectors","","","","","https://doi.org/10.18452/19322","SHF Photoelektroneninjektoren sind eine vielversprechende Elektronquelle für hochbrillante Teichenbeschleuniger mit hohem mittlerem Strom und kurzen Teilchenpulsen, wie FELs und ERLs. Für das ERL Projekt bERLinPro wurde einer unabhängige Testanlage GunLab entwickelt um die Leistungsfähigkeit der Injektoren und die Strahlparameter zu überprüfen. Darüber hinaus können neue Komponenten zur Strahldiagnose getestet werden. Die Hauptaufgabe von GunLab ist die Beschreibung des vollständigen sechsdimensionalen Phasenraums der Elektronen in Abhängigkeit aller Injektorparameter. Die Anlage besteht aus einer kompakten Diagnosestrahlführungan dem SHF Photoelektroneninjektoren und einem Kathodenlasersystem. Im Rahmen dieser Arbeit wurden analytische und numerische Studien zu den SHF Photoelektroneninjektoren durchgeführt, um zu erwartende Strahlparameter zu detektieren und die Anforderungen an die Strahldiagnose festzulegen. Darüber hinaus wurden verschiedene Emittanzbeiträge der einzelnen Injektorkomponenten untersucht. Diesbezüglich wurde das Magnetfeld des aktuellen Solenoiden kartiert und auf Asymmetrien getestet, die ebenfalls zu Emittanzvergrößerungen beitragen können. Eine der wesentlichen Komponenten der Diagnosestrahlführung ist das (transversale) Phasenraummesssystem, für das eine besondere Magnetgeometrie entwickelt wurde. Weitere Diagnose Komponenten sind ein optimierter Spektrometerdipol und eine transversal ablenkende Kavität, durch die sich zusammen mit zwei Quadrupolmagneten die Scheibenemittanz bestimmen lässt. Für GunLab wurden unterschiedliche optische Messsysteme entwickelt und optimiert. Der herausforderndste Aufbau ist dabei das Strahl-Halo Messsystem. Es ermöglicht die Beobachtung der transversalen Ladungsverteilung über einen Dynamikbereich von bis zu 6 Größenordnungen. Die Leistungsfähigkeit und die Auflösung aller Messsysteme und Messroutinen wurden bestimmt, um die Visualisierung des kompletten Phasenraums durch GunLab sicher zu stellen.  SRF photoelectron injectors are promising electron sources for high brightness accelerators with high average current and short pulse duration like FELs and ERLs. For the ERL project bERLinPro an independent test facility called GunLab was developed and set up to optimize the operation performance of SRF photoinjectors and the electron beam parameters. Furthermore, GunLab allows to investigate the operation of different kinds of photocathodes in the environment of an SRF accelerator and to study new beam diagnostic concepts. Of outmost importance is the characterization of the full six dimensional phase space as a function of all injector parameters. GunLab consists of the compact diagnostic beam line, connected to the SRF photoinjetor module, and a drive laser. In the context of this thesis, analytical and numerical investigations of the SRF photoinjector were performed to estimate beam parameter ranges and to determine the diagnostics requirements. Furthermore, various emittance contributors of the injector were determined. Thereby the magnetic field of the final designed solenoid was measured to determine field asymmetries, which are one major source of emittance growth. One of the central diagnostic components of the beamline is the (horizontal) phase space scanner system. For this purpose, a dedicated air-coil magnet design was developed. Additional diagnostic components include an optimized spectrometer system, a transverse deflecting cavity (TCav) and two quadrupole magnets, to determine longitudinal and sliced emittance. For GunLab different optical measurement systems were developed and optimized, the most challenging setup is a beam halo measurement system. This device is able to observe the transverse charge density with a dynamic range of up to 6 orders of magnitude. The performance and the resolution of all measurement systems and routines for GunLab were determined to ensure the visualization of the electron beam phase space.","2018","2025-06-13 13:27:27","2025-06-13 13:27:27","","","","","","","","","","","","","Humboldt-Universität zu Berlin","","en","","Doctoral thesis (Dr. rer. nat.)","","","","","fulltext-url: https://edoc.hu-berlin.de/bitstreams/4cc8a159-00f3-4ab2-9dfa-717183db092b/download Citation Key: volker__2018__development","","","","#author/gender/:male; #degree/title/:dr.rer.nat.; #degree/granted-by/:hu-berlin","","","","","","","","","","","","","","","","","","","","","","","","","","","","","","","","","","","","","","","","","","","","","","",""
"EAP99UK8","thesis","2016","Tydecks, Tobias","A robinson wiggler for the metrology light source","","","","","https://doi.org/10.18452/17639","Im Jahre 1958, schlug Kenneth W. Robinson die Nutzung eines Korrektormagneten vor um den entdämpften radialen Betatronoszillationen im Cambridge electron accelerator entgegen zu wirken. Dieser Korrektormagnet sollte aus kurzen, alternierenden Dipolen mit einem starken Gradienten bestehen, sodass die Verluste durch Synchrotronstrahlung mit zunehmendem Trajektorienradius abnehmen. Diese Transversal-Gradienten-Wiggler werden auch ""Robinson Wiggler"" (RW) genannt. Die Metrology Light Source (MLS), welche Eigentum der Physikalisch-Technischen Bundesanstalt (PTB) ist und vom Helmholtz-Zentrum Berlin (HZB) entworfen und betrieben wird, ist ein Elektronen-Synchrotron, optimiert für die Produktion von Synchrotronstrahlung im Spektralbereich zwischen THz und EUV. Da die MLS eine gerampte Maschine ist, nimmt der gespeicherte Elektronenstrom mit der Zeit ab und die Strahllebensdauer ist von Bedeutung für die Nutzer der Synchrotronstrahlung. Es wird vorgeschlagen einen RW bei der MLS zu installieren um die Strahllebensdauer zu erhöhen. Mit RW wäre es möglich, Dämpfung aus der longitudinalen in die horizontale Ebene zu verschieben sodass sich die Energiebreite um einen Faktor 3 erhöht und die Emittanz sich um ungefähr einen Faktor 2 reduziert. Die Länge der Elektronenpakete wird dadurch stärker verlängert als die mittlere horizontale Paketbreite reduziert wird. So nimmt die Elektronendichte im Paket ab und die Verlustrate sinkt. Dies hat zu Folge dass sich die Lebensdauer verbessert und die Aktivierung von Komponenten reduziert wird. Mit erhöhter Energiebreite und verringerter Emittanz, wird der Beitrag der Dispersion zur horizontalen Quellgröße stärker. Durch geeignete Wahl der Magnetoptik kann die Brillianz am Quellpunkt erhöht werden bei gleichzeitiger Verbesserung der Lebensdauer. Simulationen zeigen dass die Lebensdauer an der MLS durch die Installation eines solchen RW um einen Faktor 2.3 ansteigt, was einem Zugewinn an integriertem Photonenfluss von 30 % entspricht.  n 1958, Kenneth W. Robinson proposed the usage of a magnetic correction device to reduce the antidamping of radial betatron oscillations in the Cambridge electron accelerator. The essence of this correction device are short, alternating dipoles with a strong gradient, such that the radiation loss decreases with increasing radius of trajectory. These transverse gradient wigglers are also called ""Robinson Wigglers"" (RW). The Metrology Light Source (MLS), owned by the Physikalisch-Technische Bundesanstalt (PTB) and designed and operated by Helmholtz-Zentrum Berlin (HZB), is an electron synchrotron, optimized for the production of synchrotron radiation in the THz to the EUV spectral region. Being a ramped machine, Top-Up operation is not possible. With a decaying beam current, the lifetime of the stored beam is of importance for the user community, for reasons of temporal stability and integrated photon flux. It is proposed to install a RW at the MLS in order to improve the beam lifetime. With a RW, it is possible to transfer damping from the longitundinal to the horizontal plane in a way, that the energy spread increases by a factor of 3 and the emittance reduces by a factor of 2. Doing so, the bunch length is increased by a larger fraction than the average bunch width is decreased. Thereby the electron density is reduced which results in a lower loss rate of electrons. This improves the beam lifetime and reduces induced radioactivity of accelerator components and shielding. With an increased energy spread and a reduced emittance, the contribution of the dispersion to source size becomes more important. By carefully choosing the magnet optics, the brilliance at the source point can be improved simultaneously to increasing the lifetime. Simulations indicate that a RW is able to increase the lifetime in the standard user operation mode at the MLS by a factor of 2.3, corresponding to an increase in photon flux for one standard user run of approximately 30 %.","2016","2025-06-13 13:27:27","2025-06-13 13:27:27","","","269","","","","","","","","","","Humboldt-Universität zu Berlin","","en","","Doctoral thesis (Dr. rer. nat.)","","","","","fulltext-url: https://edoc.hu-berlin.de/bitstreams/f6a33b69-117c-4793-b0c5-5baddf773f80/download Citation Key: tydecks__2016__robinson","","","","#author/gender/:male; #degree/title/:dr.rer.nat.; #degree/granted-by/:hu-berlin","","","","","","","","","","","","","","","","","","","","","","","","","","","","","","","","","","","","","","","","","","","","","","",""
"K3TQLBFN","thesis","2020","Titze, Malte","Space charge modeling at the integer resonance for the CERN PS and SPS","","","","","https://doi.org/10.18452/21423","Die elektromagnetische Wechselwirkung der Teilchen untereinander, wie sie typischerweise in einem Strahl hoher Intensität in den CERN Beschleunigern auftritt, kann in Langzeitsimulationen nicht vernachlässigt werden. Simulationen sind insbesondere notwendig, um diese Beschleuniger zu optimieren und die zugrundeliegende kohärente und inkohärente Dynamik besser zu verstehen. Die Auswirkungen der unumgänglichen Vereinfachungen in der Modellierung der komplizierten Dynamik müssen deshalb untersucht werden. Wir gehen diese Aufgabe an, indem wir sechs verschiedene Strahlführungsmodelle am CERN Proton Synchrotron (PS) und am Super Proton Synchrotron (SPS) untersuchen, die wir dynamisch in der Nähe von horizontalen Integer-Resonanzen operieren. Die sechs Modelle, welche insgesamt in den beiden bewährten Programmpaketen MAD-X und PyOrbit implementiert sind, werden mit den jeweiligen Messungen an beiden Maschinen verglichen, wobei der Schwerpunkt hier auf dem PS liegt.  In long-term tracking simulations of high-intensity beams which are typical in the CERN accelerators, the electromagnetic interaction between the individual particles can not be neglected. Simulations are required to optimize the performance of the accelerators, and to better understand the involved coherent and incoherent dynamics. The impact due to the unavoidable simplifications when modeling the complex dynamics must therefore be studied. We approach this task by examining six different tracking models, applied to the CERN Proton Synchrotron (PS) and the Super Proton Synchrotron (SPS), both of which were dynamically operated near horizontal integer resonances. The six models, which are overall implemented in the well-known program packages MAD-X and PyOrbit, are compared to beam-based measurements on both machines, with the PS as the main emphasis.","2020","2025-06-13 13:27:27","2025-06-13 13:27:27","","","","","","","","","","","","","Humboldt-Universität zu Berlin","","en","","Doctoral thesis (Dr. rer. nat.)","","","","","fulltext-url: https://edoc.hu-berlin.de/bitstreams/6465fd18-7e19-4393-9ff4-4104665b5ad6/download Citation Key: titze__2020__space","","","","#author/gender/:male; #degree/title/:dr.rer.nat.; #degree/granted-by/:hu-berlin","","","","","","","","","","","","","","","","","","","","","","","","","","","","","","","","","","","","","","","","","","","","","","",""
"TXSRHJCJ","thesis","2019","Schmeißer, Martin Anton Helmut","Photocathodes for high brightness, high average current photoelectron injectors","","","","","https://doi.org/10.18452/20481","Für viele Anwendungen in der Grundlagenforschung, Medizin und industriellen Entwicklung sind Beschleuniger der entscheidende Antrieb. Vor allem Elektronenbeschleuniger sind als Synchrotronquellen unter den brillantesten Quellen für Strahlung im Infrarot- bis Röntgenbereich und damit unerlässlich für eine Vielzahl von Anwendungen und analytischen Methoden. Photoinjektoren stellen als Elektronenquellen für Beschleuniger eine wichtige Komponente für die Entwicklung von Lichtquellen wie Freie-Elektronen-Laser, sowie für neue Beschleunigerkonzepte wie Linearbeschleuniger mit Energierückgewinnung dar. Die Photokathode und der Anregungslaser definieren dabei mit der Quantenausbeute (QE) und der intrinsischen Emittanz zentrale Kenngrößen des Photoinjektors. Diese Arbeit beschreibt die Entwicklung von Alkali-Antimonid Photokathoden für die Anwendung in einem Photoinjektor mit supraleitendem Hochfrequenz-Resonator. Alkali Antimonide zeigen generell eine hohe QE und Cäsium Kalium Antimonid (Cs-K-Sb) im speziellen verspricht eine geringe intrinsische Emittanz aufgrund der Ionisierungsenergie, die nur knapp unter der Photonenenergie der grünen Anregungslaser liegt. Mit der Inbetriebnahme eines Präparations- und Analysesystems konnte die Abscheidung dünner Schichten von Cs-K-Sb sowie die Messung der QE und chemischen Zusammensetzung erzielt werden. Dabei wurde mit der Ko-evaporation der Alkalimetalle eine neue Wachstumsmethode etabliert und hinsichtlich der Prozessstabilität und Qualität der erzeugten Proben mit der sequenziellen Methode verglichen. Schließlich beschreiben die Inbetriebnahme eines Prototyps des Photoinjektors und erste erfolgreiche Kathodentransfers im Vakuum einen wichtigen Schritt hin zum Betrieb eines Beschleunigers mit einer Cs-K-Sb Photokathode im supraleitenden Hochfrequenz-Injektor. Diese Kombination erlaubt die Erzeugung eines Elektronenstrahls mit niedriger Emittanz und hohem mittleren Strom.  For many disciplines in basic and applied research, medicine and industrial development accelerators are an important driving force. Especially electron accelerators as synchrotron sources are among the brightest sources of radiation from the infrared to the X-ray regime and thus fundamental to a broad range of analytical techniques. Photoinjectors as electron sources for accelerator applications are a key component for the development of light sources such as free electron lasers as well as new accelerator concepts like energy-recovery linacs. The photocathode and drive laser define the quantum efficiency (QE) and intrinsic emittance of the photoemission process and thus central figures of merit of the photoinjector. This work focuses on the development of alkali antimonide photocathodes for the application in a superconducting radio frequency photoinjector. Alkali antimonides generally exhibit a high QE and cesium potassium antimonide (Cs-K-Sb) specifically is expected to release electrons with a low intrinsic emittance as the photoemission threshold is close to the photon energy of common, green, drive laser wavelengths. A preparation and analysis system has been commissioned for the deposition of Cs-K-Sb thin film photocathodes and their analysis regarding QE and chemical composition. A new deposition technique, the alkali metal co-deposition, was established and compared to the sequential deposition in terms of process reliability and quality of the produced samples. The work concludes with a report of the commissioning of a prototype of the photoinjector and successful cathode transfers in ultra-high vacuum, which represents an important technological advancement towards the operation of an accelerator with the combination of Cs-K-Sb photocathodes and an SRF injector. This combination makes the generation of an electron beam with low emittance and high average current possible.","2019","2025-06-13 13:27:27","2025-06-13 13:27:27","","","","","","","","","","","","","Humboldt-Universität zu Berlin","","en","","Doctoral thesis (Dr. rer. nat.)","","","","","fulltext-url: https://edoc.hu-berlin.de/bitstreams/c35447f5-983e-41c7-ba61-e975f58dedf8/download Citation Key: schmeisser__2019__photocathodes","","","","#author/gender/:male; #degree/title/:dr.rer.nat.; #degree/granted-by/:hu-berlin","","","","","","","","","","","","","","","","","","","","","","","","","","","","","","","","","","","","","","","","","","","","","","",""
"ELNEEFZV","thesis","2016","Ruprecht, Martin","Calculation of coupled bunch effects in the synchrotron light source BESSY VSR","","","","","https://doi.org/10.18452/17446","Im Rahmen dieser Dissertation wird die Stärke der Multibunch-Instabilität (MBI), die von longitudinalen Dipol-, transversalen Dipol- und Quadrupolschwingungsmoden höherer Ordnung getrieben werden mithilfe von analytischen Rechnungen und Trackingsimulationen in dem Ausbauprojekt BESSY Variable Pulse Length Storage Ring (BESSY VSR) des Helmholtz-Zentrum Berlin für Materialien und Energie GmbH (HZB) untersucht und mit dem vorhanden aktiven Dämpfungssystem verglichen. Algorithmen für Trackingsimulationen werden hergeleitet und eine halbempirische Formel zur Abschätzung der transversalen quadrupolaren MBI wird präsentiert. MBI Studien bilden einen wesentlichen Teil der Beurteilung der BESSY VSR Hohlraumresonatoren und begleiteten und beeinflussten ihren Entwicklungsprozess. Mit Berechnungen auf Grundlage des neusten BESSY VSR Hohlraumresonatormodels kann Strahlstabilität als wahrscheinlich und unabhängig vom Füllmuster angesehen werden. Des weiteren wurden Messungen der MBI an BESSY II und der Metrology Light Source (MLS) der Physikalisch-Technischen Bundesanstalt durchgeführt, bei welcher die longitudinale langreichende Impedanz charakterisiert wurde. Transiente Strahllast wird in dieser Arbeit mit analytischen Formeln und neuen, experimentell überprüften Trackingsimulationen berechnet. Für das Standardfüllmuster von BESSY VSR wurde gezeigt, dass die besondere Konfiguration der Hohlraumresonatorfrequenzen zu einer relativ starken Beeinflussung der langen Elektronenpakete führt. Diese verkürzt das Elektronenpaket und vergrößert die Touschekverluste.  In the scope of this thesis, the strength of coupled bunch instabilities (CBIs) driven by longitudinal monopole higher order modes (HOMs) and transverse dipole and quadrupole HOMs is evaluated for the upgrade project BESSY Variable Pulse Length Storage Ring (BESSY VSR) at Helmholtz-Zentrum Berlin für Materialien und Energie GmbH (HZB), based on analytic calculations and tracking simulations, and compared to the performance of an active bunch-by-bunch feedback (BBFB). Algorithms for tracking codes are derived, and a semi-empirical formula for the estimation of transverse quadrupole CBIs is presented. CBI studies are an integral part of the benchmarking of the cavity models for BESSY VSR and have been accompanying and influencing their entire design process. Based on the BESSY VSR cavity model with highly advanced HOM damping, beam stability is likely to be reached with a BBFB system, independent of the bunch fill pattern. Additionally, measurements of CBIs have been performed at BESSY II and the Metrology Light Source of the Physikalisch-Technische Bundesanstalt (MLS), where the longitudinal long range impedance was characterized. Transient beam loading is evaluated by means of analytic formulas and new experimentally verified tracking codes. For the baseline bunch fill pattern of BESSY VSR, it is shown that the particular setup of cavity frequencies amplifies the transient effect on the long bunch, limiting its elongation and potentially resulting in increased Touschek losses.","2016","2025-06-13 13:27:27","2025-09-03 03:57:03","","","","","","","","","","","","","Humboldt-Universität zu Berlin","","en","","Doctoral thesis (Dr. rer. nat.)","","","","","fulltext-url: https://edoc.hu-berlin.de/bitstreams/47918049-65d7-4ec0-a2c7-d4dab4886504/download Citation Key: ruprecht__2016__calculation","","","","#author/gender/:male; #degree/title/:dr.rer.nat.; #degree/granted-by/:hu-berlin; #is-about/facility/:bessy-2; #has-affiliation/:hzb","","","","","","","","","","","","","","","","","","","","","","","","","","","","","","","","","","","","","","","","","","","","","","",""
"YZH8HDJ2","thesis","2014","Ries, Markus","Nonlinear momentum compaction and coherent synchrotron radiation at the Metrology Light Source","","","","","https://doi.org/10.18452/16979","Das Thema der vorgelegten Dissertation ist der quasi-isochrone Betrieb der Metrology Light Source zur Erzeugung kurzer Elektronenpakete mit der damit verbundenen Emission von kohärenter Sychrotronstrahlung. Die Metrology Light Source wurde schon in der Planungsphase auf den quasi-isochronen Betrieb ausgelegt. Es stehen Quadrupol-, Sextupol- und Oktupolmagnete zur Verfügung, um die drei führenden Ordnungen des sogenannten momentum compaction factors zu kontrollieren. Der Schwerpunkte der Arbeit ist nichtlineare, longitudinale Strahldynamik, insbesondere die sogenannten ""alpha-buckets"". Der Vergleich zwischen analytischen Ansätzen, numerischen Simulation und experimentellen Daten wird vorgestellt und diskutiert. Desweiteren wurde die Stromlimitierung durch die Bursting-Instabilität an der Metrology Light Source untersucht. Der Großteil der Messungen ist dabei an der Metrology Light Source durchgeführt worden mit komplementären Messungen am Elektronenspeicherring BESSY II.  The subject of this thesis is the operation of an electron storage ring at a low momentum compaction to generate short electron bunches as a source for coherent synchrotron radiation. For this purpose the Metrology Light Source is ideally suited, as it is the first light source designed with the ability to adjust the three leading orders of the momentum compaction factor by quadrupole, sextupole and octupole magnets. Therefore, new opportunities to shape the longitudinal phase space arise. Focus will be put on beam dynamics dominated by nonlinear momentum compaction, in particular the generation of a new bucket type ""alpha-buckets"" and possible applications. Relation of analytical theory, numerical simulations and experimental data will be presented and discussed. In addition, the current limitation due to the bursting instability at the Metrology Light Source bunches will be investigated. The majority of measurements were conducted at the Metrology Light Source complemented by measurements at the BESSY II storage ring.","2014","2025-06-13 13:27:28","2025-09-03 03:57:03","","","","","","","","","","","","","Humboldt-Universität zu Berlin","","en","","Doctoral thesis (Dr. rer. nat.)","","","","","fulltext-url: https://edoc.hu-berlin.de/bitstreams/c39f5248-5ca8-4e08-98b7-52f5a456ded0/download Citation Key: ries__2014__nonlinear","","","","#author/gender/:male; #degree/title/:dr.rer.nat.; #degree/granted-by/:hu-berlin; #is-about/facility/:bessy-2; #has-affiliation/:hzb","","","","","","","","","","","","","","","","","","","","","","","","","","","","","","","","","","","","","","","","","","","","","","",""
"4NRS7IM3","thesis","2017","Rädel, Stephanie","On space charge driven microbunching instability in bERLinPro","","","","","https://doi.org/10.18452/17714","Um die zu erwartenden Eigenschaften einer ERLbasierten Synchrotronstrahlungsquelle zu untersuchen, baut das Helmholtz Zentrum Berlin die Testanlage bERLinPro. Die Strahlenergie in diesem Testbeschleuniger beträgt Ekin = 50MeV bei einem Strom von 100 mA. Solch ein hochstromiger Elektronenstrahl im mittleren Bereich der kinetischen Energie ist Raumladungskräften unterworfen. Raumladungskräfte sind eine Quelle von Microbunching Instabilität, die zu einer Dichtemodulation in einer Elektronenverteilung führen kann. Eine solch modulierte Verteilung kann z.B. beim Durchgang durch einen Dipol kohärente, hochbrillante Synchrotronstrahlung emittieren, also Strahlung mit längeren Wellenlängen als die Verteilung. Im Rahmen dieser Arbeit wird sowohl das Auftreten, als auch die Einsatzmöglichkeit von Microbunching Instabilität in bERLinPro untersucht. Es ist geplant, bERLinPro bei zwei verschiedenen Betriebsarten (normaler Betriebsmodus und KurzPulsModus) zu betreiben. Im Rahmen dieser Arbeit wurden zum ersten Mal nummerische Simulationen des Testbeschleunigers von dessen Anfang bis dessen Ende durchgeführt, die sowohl von analytischen Rechnungen unterstützt als auch mit ihnen verglichen wurden. Ausführlich werden sowohl der Simulationscode, das Programm zur Nachbearbeitung der nummerischen Untersuchungen als auch ein SigmamatrixTrackingSkript beschrieben. Dieses dient als Basis für analytische Rechnungen, dass zusätzlich auch Impedanz Berechnungen und Gain Rechnungen beinhalten. Für den KurzPulsModus können nur analytische Rechnungen betrachtet werden, denn das entsprechende Design der Maschine, wie auch die Anpassung der Phase im Linearbeschleuniger, sind Gegenstand aktueller Untersuchungen.  To investigate the expected properties of an ERLbased synchrotron light source, the Helmholtz Zentrum Berlin (HZB) is building the test facility bERLinPro. The beam energy of the test facility amounts to Ekin = 50MeV at a current of 100 mA. Such a high current electron beam with a medium bunch energy underlies space charge forces. These are a source of microbunching instability which can lead to a density modulation of the electron distribution in the electron bunch. These modulated bunches can emit highbrilliance coherent synchrotron radiation; radiation with wavelengths longer than the bunch, i.e. by passing a dipole. In the framework of this thesis both the occurence and the possible application of microbunching instability are investigated in bERLinPro. Planes are to run bERLinPro in two different operation modes: Standard operation mode and short pulse mode. In the context of this thesis, numerical start-to-end simulations for standard operation mode have been carried out for the first time. Both were compared and supported with analytical calculations. Elaborated descriptions of simulation codes and postprocessing tools for numerical investigation are described, as well as a sigma matrix tracking script as basis for analytical investigation, including impedance and gain calculations. Since current investigations include lattice design and linac phase adjustments for the short pulse mode, only analytical calculation could be considered for this operation mode.","2017","2025-06-13 13:27:28","2025-06-13 13:27:28","","","","","","","","","","","","","Humboldt-Universität zu Berlin","","en","","Doctoral thesis (Dr. rer. nat.)","","","","","fulltext-url: https://edoc.hu-berlin.de/bitstreams/98024b47-0c50-425c-ae21-2a7505315e67/download Citation Key: radel__2017__space","","","","#degree/title/:dr.rer.nat.; #author/gender/:female; #is-about/accelerator-type/erl; #degree/granted-by/:hu-berlin","","","","","","","","","","","","","","","","","","","","","","","","","","","","","","","","","","","","","","","","","","","","","","",""
"6XHANCSX","thesis","2014","Petenev, Yuriy","Analysis of injection and recovery schemes for ERL based light source","","","","","https://doi.org/10.18452/17014","Helmholtz Zentrum Berlin (HZB) baut seit 2011 eine Testanlage Energy Recovery Linac (ERL) Project – BERLinPro. Das Ziel dieses Projektes ist den hohen Strom und hohe Brillanz von dem Elektronenstrahl in einem ERL zu demonstrieren. Die angestrebten Strahlparameter sind vergleichbar mit den Parametern von e.g. zukünftigen ERL-basierten Lichtquellen. Eine von solchen Anlagen ist Femto-Science Factory (FSF), die am HZB konzipiert wurde. FSF ist eine Lichtquelle in Röntgenbereich auf Basis von einem mehrumläufigen ERL mit zweistüfiger Injektion und Energie von einigen GeV. Die Quelle soll Diffraktionslimitiert sein und kurze (Femtosekundenbereich) Lichtpulse erzeugen. Die durchschnittliche und spitzen- Brillanz soll mindesten eine Größenordnung höher liegen als die Brillanz der modernen Speicherring-basierten Lichtquellen. Ein Überblick von BERLinPro und FSF ist gegeben. Eine potentielle Schwäche von ERL besteht in Strahlinstabilitäten, insbesondere regenerative Beam Break Up (BBU). Die Instabilität kann den erreichbaren durchschnittlichen Strom in einem ERL begrenzen. Der Grenzstrom von der BBU für BERLinPro ist berechnet in der Dissertation. Vergleich von zwei Linacs mit zwei verschiedenen supraleitenden Kavitätendesigns ist vorgestellt. Drei Methoden für Strahlstabilisierung (Einfluss von Strahlrotation mit einem Soleniod, Pseudoreflektor, und Tripleten von Quadrupolen in dem Linac auf den Grenzstrom) sind untersucht. Analytische Lösungen für die Twiss-Parameter wurden gefunden für die beste Linacoptik mit und ohne zusätzliche optische Elemente. Zukünftige große ERLs können unterschiedliche Beschleunigungsschemen benutzen. Diese Dissertation vergleicht drei Schemas: unmittelbare Injektion in einen 6 GeV Linac; zweistufige Injektion in einen 6 GeV Linac; und zweistufige Injektion in einen mehrumläufigen Beschleuniger mit geteiltem Hauptlinac in zwei 1 GeV Linacs. Der Basis für den Vergleich ist die Vollkostenanalyse sowie erreichbarer Grenzstrom von den Instabilitäten.  In January 2011 Helmholtz-Zentrum Berlin officially started the realization of the Berlin Energy Recovery Linac (ERL) Project – BERLinPro. The goal of this compact ERL is to develop the accelerator physics and technology required to accelerate a high-current (100 mA) low emittance beam. The parameters are desired for future large scale facilities based on ERLs, e.g. ERL-based synchrotron light sources. One of such large scale facilities is in the design phase at Helmholtz-Zentrum Berlin. This facility is called Femto-Science Factory (FSF). It is a GeV-scale multi-turn ERL-based light source. This light source will operate in the diffraction limited regime for X-rays and offer a short length of a light pulse in the femtosecond region. The average and peak brightness will be at least an order of magnitude higher than achievable from storage rings. In this work an overview of these two projects is given. One potential weakness of the Energy Recovery Linacs is a regenerative form of BBU – transverse beam break up instability. This instability can limit a beam current. In this work the threshold current of the BBU instability was calculated for BERLinPro. The comparison of two linacs based on different types of superconducting cavities is made. Different methods of BBU suppression are investigated (e.g. the influence of solenoid, pseudo-reflector and quadruple triplets in the linac structure on the BBU threshold). Analytic solutions of the Twiss parameters are used to find the best optic in the linac with and without external focusing are presented. Large scale ERL facilities can be realized on different schemes of beam acceleration. This dissertation compares a direct injection scheme with acceleration in a 6 GeV linac, a two-stage injection with acceleration in a 6 GeV linac and a multi-turn (3-turn) scheme with a two-stage injection and two main 1 GeV linacs. The key points of the comparison were total costs and BBU instability. Linac optic solutions are presented.","2014","2025-06-13 13:27:28","2025-06-13 13:27:28","","","","","","","","","","","","","Humboldt-Universität zu Berlin","","en","","Doctoral thesis (Dr. rer. nat.)","","","","","fulltext-url: https://edoc.hu-berlin.de/bitstreams/621b874e-dd44-4110-b2f9-7f0c7aeb5d72/download Citation Key: petenev__2014__analysis","","","","#author/gender/:male; #degree/title/:dr.rer.nat.; #is-about/accelerator-type/erl; #degree/granted-by/:hu-berlin","","","","","","","","","","","","","","","","","","","","","","","","","","","","","","","","","","","","","","","","","","","","","","",""
"VSKD5RN4","thesis","2019","Panofski, Eva","Beam dynamics and limits for high brightness, high average current superconducting radiofrequency (SRF) photoinjectors","","","","","https://doi.org/10.18452/19962","Zukünftige Beschleunigerprojekte und Nutzerexperimente erfordern für ihren Betrieb einen hochbrillanten Elektronenstrahl mit hohem mittlerem Strom. Eine Elektronenquelle mit dem Potential die Anforderungen erfüllen, ist ein supraleitender Hochfrequenz (SHF) Photoinjektor im Dauerstrichbetrieb. Die Strahldynamik eines solchen Photoinjektor Systems bestimmt die maximal zu erreichende Strahlbrillanz und wird ihrerseits von den Design und Betriebsparametern des Photoinjektors beeinflusst. Ziel ist immer die entscheidenden Design- und Betriebsparameter der Elektronenquelle hinsichtlich einer maximalen Strahlbrillanz zu wählen. Diese Aufgabe verlangt ein detailliertes Verständnis der Strahldynamik-Prozesse. Ferner ist es notwendig, eine Optimierung des Photoinjektors als Ganzes, mit dem Ziel einer maximalen Strahlqualität bei hohem mittlerem Strom, vorzunehmen. Dieses ermöglicht auch, die physikalischen Grenzen eines gegebenen Designs zu ermitteln und im Betrieb vollständig auszunutzen. Diese Doktorarbeit befasst sich mit der Strahldynamik in einem SHF Photoinjektor, unter Berücksichtigung interner Raumladungseffekte. Die Erkenntnisse zur Strahldynamik werden für die Entwicklung eines Optimierungsprogramms verwendet, um die Leistung des Injektors hinsichtlich der Strahlbrillanz zu verbessern. Die entwickelte Methode basiert auf Pareto-Optimierung mehrerer Zielfunktionen, unter Verwendung eines generischen Algorithmus. Das zentrale Ergebnis dieser Arbeit umfasst ein universelles Optimierungsprogramm, das für Photoinjektoren unabhängig von ihrem Design und Anwendungsgebiet genutzt werden kann. Für den Betrieb mit hoher Strahlbrillanz ist es möglich aus den erhaltenen Pareto-optimalen Lösungen einen stabilen Satz an Einstellwerten für den Photoinjektor zu extrahieren. Durch die allgemeine Optimierungsstrategie lässt sich das entwickelte Programm auch für andere Beschleunigerabschnitte, oder die Optimierung einer ganzen Anlage mit erweiterter Zielsetzung anpassen.  An increasing number of future accelerator projects, light sources and user experiments require high brightness, high average current electron beams for operation. Superconducting radio-frequency (SRF) photoinjectors running in continuous-wave (cw) mode hold the potential to serve as an electron source that generates electron beams of high brightness. Different operation and design parameters of the SRF photoinjector impact the beam dynamics and, thus, the beam brightness. Therefore, an in-depth understanding of the beam dynamics processes in an SRF photoinjector and the dependency of the beam dynamics on the photoinjector set parameters is crucial. A high brightness beam operation requires a global optimization of the SRF photoinjector that allows to find suitable photoinjector settings and to figure out and extend the physical performance limits of the investigated injector design. The dissertation at hand offers a detailed analysis of the beam dynamics in an SRF photoinjector regarding internal space charge effects. Furthermore, the impact of the photoinjector elements on the electron beam is discussed. The lessons learned from this theoretical view are implemented in the development of an optimization tool to achieve a high brightness performance. A universal multi-objective optimization program based on a generic algorithm was developed to extract stable, optimum gun parameter from Pareto-optimum solutions. This universal tool is able to optimize and find the physical performance limit of any (S)RF photoinjector independent from the individual application of the electron source (energy recovery linac, free electron laser, ultra-fast electron diffraction). This thesis thereby verifies and complements existing theoretical considerations regarding photoinjector-beam interactions. The global optimization strategy can be introduced to variable optimization objectives as well as it can be extended to an optimization of further parts of the accelerator facility.","2019","2025-06-13 13:27:28","2025-06-13 13:27:28","","","","","","","","","","","","","Humboldt-Universität zu Berlin","","en","","Doctoral thesis (Dr. rer. nat.)","","","","","fulltext-url: https://edoc.hu-berlin.de/bitstreams/14982612-b7dd-43a3-9044-04c2f7b55f85/download Citation Key: panofski__2019__beam","","","","#degree/title/:dr.rer.nat.; #author/gender/:female; #is-about/accelerator-type/erl; #degree/granted-by/:hu-berlin","","","","","","","","","","","","","","","","","","","","","","","","","","","","","","","","","","","","","","","","","","","","","","",""
"G6LFRBNH","thesis","2015","Kunert, Christoph","Entwicklung eines Multi-Leaf Faraday Cups zur Strahldiagnose in der Augentumortherapie","","","","","https://doi.org/10.18452/17153","Die Protonentherapie von Aderhautmelanomen wird vor allem für die Behandlung von Tumoren nahe kritischer Strukturen (Sehnerv) und bei großen Tumoren angewandt. Dabei ist die begrenzte Reichweite der Protonen vorteilhaft, die scharf begrenzte Dosisfelder im Auge ermöglicht, und das an den Tumor grenzende gesunde Gewebe bestmöglich schont. Daher erfolgt die Positionierung der Patienten und der Strahlenfelder in der Augentumortherapie, wie auch die regelmäßigen Konstanzprüfungen, mit einer Reichweitengenauigkeit in Wasser von 0,1 mm. Mit einem Multi-Leaf Faraday Cup (MLFC) kann die Reichweite der Protonen in kurzer Zeit sehr genau gemessen werden. Dabei misst der MLFC die differentielle Fluenz der Protonenstrahlen, also das Reichweitenprofil. Er besteht aus einem Stapel Folien, abwechselnd leitend und isolierend. Eindringende Protonen deponieren eine zusätzliche Ladung in der Folie in der sie stoppen. Durch eine gleichzeitige Strommessung an allen Folien misst der MLFC relativ schnell die Reichweite der Protonen. Aufgabe dieser Arbeit ist es, einen MLFC entsprechend den Anforderungen der Augentumortherapie zu entwickeln, aufzubauen und mögliche Anwendungspotentiale zu untersuchen. Dafür wurden Monte-Carlo-Rechnungen mit MCNPX 2.6 und SRIM durchgeführt, verschiedene Folienstapel an Luft und im Vakuum untersucht, verschiedene Messelektroniken zur gleichzeitigen Messung von Strömen im pA-Bereich in vielen Kanälen getestet, ein Absorbersystem für einen variablen Messbereich von 30 MeV bis 70 MeV aufgebaut und die entsprechende Mess- und Steuersoftware in LabVIEW 2011 entwickelt. Es wurde die Genauigkeit der Reichweitenmessungen untersucht und gezeigt, dass der MLFC durch seine Mobilität eine schnelle Energiebestimmung an unterschiedlichen Experimentierplätzen erlaubt. In der Therapie ist neben der einfachen Bestimmung der maximalen Reichweite der Protonen auch die regelmäßige Kontrolle der Modulation der ausgedehnten Bragg-Kurven möglich.  Proton therapy of uveal melanomas is primarily used for the treatment of tumors near critical structures (optic nerve) and in large tumors. The great advantage of protons is their sharply limited range in tissue, which leads to sharp defined dose fields in the eye and the dose absorbed by the healthy tissue around the tumor can be reduced. Therefore, the positioning of the patient and the radiation fields, as well as the regular control measurements in the eye tumor therapy requires an accuracy of 0.1 mm in water. A Multi-Leaf Faraday Cup (MLFC) gives the opportunity to measure the proton range relatively fast and accurate. The MLFC measures the differential fluence, which means the range profile of the proton beam. It consists of a stack of sheets, alternating conductive and insulating, and the penetrating protons bring their additional charge into the sheet in which they stop. By measuring the corresponding current in each conducting sheet at the same time, the MLFC can quickly measure the range of the protons. The task of this work is to develop a MLFC with respect to the requirements of the eye tumor therapy and to explore possible application potentials. Therefore, Monte Carlo calculations with MCNPX 2.6 and SRIM were conducted, various foil stacks were studied in air and in vacuum, different measurement electronics for measuring currents in the pA range in many channels simultaneously were tested, a system of degraders for a variable measuring range from 30 MeV to 70 MeV was developed and the corresponding measurement and control software was written in LabVIEW 2011. The accuracy of the range measurements was examined and it was shown that a quick energy measurement at different target stations can be made by the MLFC due to its mobility. In therapy, in addition to the determination of the maximum range of the proton beam, the regular monitoring of the modulation of the extended Bragg-curves is in principle possible.","2015","2025-06-13 13:27:28","2025-06-13 13:27:28","","","171","","","","","","","","","","Humboldt-Universität zu Berlin","","de","","Doctoral thesis (Dr. rer. nat.)","","","","","fulltext-url: https://edoc.hu-berlin.de/bitstreams/bc24f2d7-4870-4de7-af4a-3fe96594915e/download Citation Key: kunert__2015__entwicklung","","","","#author/gender/:male; #degree/title/:dr.rer.nat.; #degree/granted-by/:hu-berlin","","","","","","","","","","","","","","","","","","","","","","","","","","","","","","","","","","","","","","","","","","","","","","",""
"7Q7ETPX7","thesis","2017","Koschitzki, Christian","Injection mechanisms in laser wakefield acceleration","","","","","https://doi.org/10.18452/17760","Die Beschleunigung von Elektronen im Wechselwirkungsbereich hochintensiver Laserfelder mit einem Plasma wird als mögliche Alternative zu konventionellen Radiofrequenz basierten Beschleunigerkonzepten gehandelt. Die gezeigten Experimente sind die ersten Versuche zur Laser getriebenen Elektronenbeschleunigung am Max Born Institut. Im Rahmen dieser Dissertation konzentriere ich mich auf kontrollierte Injektion und es werden zwei verschiedene Methoden gezeigt. Die erste demonstrierte Variante einer stimulierten Injektion ist die Ionisationsinjektion, welche typischerweise zu einem kontinuierlichen Elektroneneinfang über einen ausgedehnten Bereich entlang der Propagation des Lasers führt. Die injizierten Elektronen werden dadurch über unterschiedliche Längen beschleunigt, was zu einem breiten Energiespektrum des beschleunigten Eletronenpaketes führt. Die zweite untersuchte Injektionsmethode basiert auf einem Überschallphänomen, welches eine quasi-instantane Injektion ermöglicht. Wird ein Überschall-Gasfluß durch eine scharfe Kante gestört, bildet sich ein scharfer Dichteübergang, bekannt als Schock Front, durch welchen eine Injektion stimuliert werden kann. Es wurde gezeigt, dass die Machzahl der Düse bzw. die Übergangshöhe der Schock Front dazu benutzt werden können, die injizierte Ladungsmenge zu kontrollieren. Eine Erhöhung der Ladungsmenge ist dabei mit einer Erhöhung der Energiebreite verknüpft. Es wurden Elektronenstrahlen demonstriert mit weniger als 2% Energiebreite bei einer Maximalenergie von 300MeV und 5 pC Ladung. Es zeigte sich, dass sowohl bei Shock-Front Injektion als auch bei Ionisationsinjektion die emittierte Ladung pro Energieintervall und Raumwinkel konstant blieb, bei einem Wert von (0.021+-0.001) pC/MeV/mrad^2. Dass sowohl eine kontinuierliche als auch eine instantane Injektion dieselbe Korrelation zwischen Ladung, Divergenz und Energiebreite aufweisen, lässt darauf schließen, dass es sich um eine Eigenschaft der Plasmawelle selbst handelt.  The acceleration of electrons in intense laser fields interacting with a plasma is widely considered as a possible alternative to conventional RF-based accelerator concepts. The presented measurements are the first demonstration of Laser Wakefield Acceleration at the Max Born Institut and a setup was build to perform the described experiments. This thesis focuses on controlled injection and two different methods will be compared. The first method of stimulated injection, presented in this thesis, is ionization injection, which typically causes electron trapping over an extended laser propagation distance. As electrons become injected at different positions, electrons will be accelerated over different distances, yielding a wide energy spread in the emitted electron beam. The second stimulated injection method utilizes a supersonic phenomenon called shock front to stimulate a quasi-instantaneous injection. When a supersonic gas flow is disturbed by a sharp edge, a shock front is created and injection is stimulated at the crossing of the propagating laser pulse and the shock-front region. It is found that the Mach number of the flow or the density transition in the shock front respectively, can be used to tune the total charge injected. This increase in total charge comes at the expense of an increased energy spread. Electron beams are demonstrated with an energy spread of less than 2% at peak energies of 300MeV with 5 pC of charge. For the ionization injection as well as for the shock-front injection it is found, that the charge per energy interval and solid angle is constant and amounts to (0.021+-0.001) pC/MeV/mrad^2 for all observed electron beams. The continuous injection and the quasi-instantaneous injection yield the same correlation between charge, divergence and energy spread. This implies that this correlation is a property of the wakefield structure itself.","2017","2025-06-13 13:27:28","2025-06-13 13:27:28","","","","","","","","","","","","","Humboldt-Universität zu Berlin","","en","","Doctoral thesis (Dr. rer. nat.)","","","","","fulltext-url: https://edoc.hu-berlin.de/bitstreams/63470fda-6368-4c61-8980-e3c163ac2159/download Citation Key: koschitzki__2017__injection","","","","#author/gender/:male; #degree/title/:dr.rer.nat.; #degree/granted-by/:hu-berlin","","","","","","","","","","","","","","","","","","","","","","","","","","","","","","","","","","","","","","","","","","","","","","",""
"IRH3RPPN","thesis","2013","Hein, Lutz-Mathias","CERN Linac4 - the space charge challenge","","","","","https://doi.org/10.18452/16802","Im Rahmen eines grossangelegten Modernisierungsprogramms des CERN Beschleunigerkomplexes zur Steigerung der Intensität der Protonenstrahlen wird in einer ersten Phase der Protonenbeschleuniger Linac2 durch einen H− Ionen Beschleuniger Linac4 ersetzt. Um den Ionenstrahl an die einzelnen Beschleunigerelemente des Linac4 anzupassen sind drei Strahltransportsektionen notwendig. Diese sind aufgrund ihrer strahldynamischen Eigenschaften sensitive Stellen für ungewolltes Emittanzwachstum und Teilchenverluste und sind im Schwerpunkt dieser Thesis. Die erste Strahltransportsektion, „Low Energy Beam Transport”(LEBT), befindet sich zwischen der Teilchenquelle und dem ersten Beschleunigerelement, den Radiofrequency Quadrupole (RFQ). Im Rahmen dieser Thesis wurde das LEBT in Betrieb genommen, dessen Strahldynamik rekonstruiert und die Leistungslimitierungen experimentell bestimmt. Der zweite Teil der Thesis ist auf die Auslegung und Strahldynamik der Transfer Linie zwischen Linac4 und dem Proton Synchrotron Booster(PS-Booster) konzentriert. Die Strahldynamik der Transferlinie wurde optimiert und teilweise komplett überarbeitet. Die neue Transferlinie zeichnet sich durch eine verbesserte Emittanzerhaltung, höhere Stabilität der Strahldynamik gegenüber Aufstellungsfehlern und Feldjittern der Magnete und durch eine optimale Anpassung der Strahlparameter an die verschiedenen Injektionsschemata des PS-Boosters aus. Für eine abschließenden „Start-To-End” Simulationen wurden die Strahlcharakteristiken, die bei der Inbetriebnahme des LEBTs bestimmt worden sind, als Anfangsbedingungen für die strahldynamische Simulation von Linac4 einschließlich Transferlinie genutzt. Mit Hilfe dieser „Start-To-End” Simulationen werden kritische Positionen der Strahldynamik identifiziert, die durch Teilchenverluste oder Emittanzwachstum gekennzeichnet sind. Eine besonders kritische Sektion stellt das „Medium Energy Beam Transport” da, dessen Optik auf die neuen Strahlparameter angepasst werden musste.  In the first phase of the upgrade program of the CERN accelerator complex the proton injector Linac2 will be replaced by a new, normal-conducting H− ion Linac, Linac4, allowing a significant increase of the proton flux intensity along the downstream accelerator complex. In the design of Linac4 three beam transport sections are implemented to match the beam between the different accelerator elements and to model the longitudinal pulse structure. These three beam transport sections, which are the most critical locations in terms of beam quality preservation, are in the focus of this thesis. During the work of this thesis the Low Energy Beam Transport (LEBT), which is required to match the source beam to the radiofrequency quadrupole (RFQ), has been commissioned and its beam dynamics re-constructed. The measurement campaign used to reconstruct the LEBT beam dynamics was performed with the aim to prepare the RFQ commissioning and to maximise the LEBT performance. Downstream of the Linac4 accelerator the beam is transported along a 180m long transfer line to the Proton Synchrotron Booster (PS-Booster). The transfer line optics was studied, optimised and sections were completely re-designed. The new transfer line optics is characterised by an improved preservation of the beam emittance, higher stability of the optical solution with respect to alignment errors and field jitters of the transfer line magnets and it is matched to each of the PS-Booster injection schemes. In a concluding ”Start-To-End” simulation based on the measured beam characteristics at the LEBT exit the beam dynamics of the downstream Linac, including the transfer line, was calculated. To minimise particle losses within acceptable emittance preservation the beam optics of the Medium Energy Beam Transport (MEBT) was adapted to the measured beam parameters. This ”Start-To-End” simulation was performed to identify critical sections of the Linac4 beam dynamics and to adjust the commissioning strategies.","2013","2025-06-13 13:27:28","2025-06-13 13:27:28","","","","","","","","","","","","","Humboldt-Universität zu Berlin","","en","","Doctoral thesis (Dr. rer. nat.)","","","","","fulltext-url: https://edoc.hu-berlin.de/bitstreams/97ceae75-22ed-492e-a151-52b414c3e282/download Citation Key: hein__2013__cern","","","","#author/gender/:male; #degree/title/:dr.rer.nat.; #degree/granted-by/:hu-berlin","","","","","","","","","","","","","","","","","","","","","","","","","","","","","","","","","","","","","","","","","","","","","","",""
"N8SKQPCJ","thesis","2019","Bromberger, Matthias","Generation and characterization of a pulsed, intense neutron- and gamma-beam to be used in air cargo interrogation","","","","","https://doi.org/10.18452/19816","Die vorliegende Arbeit ist Teil eines Forschungsprojekts zur Entwicklung eines neuartigen Systems zur zerstörungsfreien und bildgebenden Untersuchung von Luftfracht mittels Neutronen- und Gammastrahlung. Im Rahmen dieser Arbeit wurde eine Strahlungsquelle entwickelt, die optimal auf die Anwendung angepasst ist: Ein gepulster Deuteronenstrahl wird in einer Ionenquelle erzeugt und mittels eines niederenergetischen Strahltransportsystems zum Hauptbeschleuniger geführt. Dieser besteht aus einem Radiofrequenz Quadrupol (RFQ) mit einer finalen Energie von 6 MeV. Da für die Anwendung sehr kurze Pulse der Strahlung in der Größenordnung einiger Nanosekunden unabdingbar sind, musste eine neuartige Lösung zur Pulsung des Deuteronenstrahls gefunden werden. Eine große Herausforderung bestand hierbei im Zusammenspiel der kurzen Pulsdauer und hohen Pulsladung in Kombination mit der hohen Wiederholrate. Dieses wurde erreicht, indem ein spezielles Pulsungssystem innerhalb des Strahlentransportes zwischen Ionenquelle und RFQ eingefügt wurde. Dieses System enthält neben einem strahlablenkenden auch ein strahlbündelndes Element. Der Deuteronenstrahl wird hinter dem RFQ auf ein Target geführt, welches aus Borcarbid besteht. In dieser Arbeit wird das komplette physikalische Design der Strahlungsquelle diskutiert sowie Simulationen zum Pulsungssystem bzw. dem RFQ-Beschleuniger präsentiert. Weiterhin werden Proof-of-Principle Experimente beschrieben, die mithilfe eines Prototypen-Pulsungssystems entwickelt im Rahmen dieser Arbeit und gefertigt von der RI Research Instruments GmbH an einem speziell für diesen Zweck errichteten Teststands durchgeführt wurden. Außerdem wurden mehrere Experimente sowohl an der Beschleunigeranlage der Physikalisch- Technischen Bundesanstalt (PTB) Braunschweig als auch am RFQ Beschleuniger der Nuclear Energy Corporation of South Africa (NECSA) in Pelindaba durchgeführt, um das Target zu optimieren und das erzeugte Strahlungsfeld zu charakterisieren.  This thesis is part of a research project whose goal is to develop a novel, non-destructive imaging system to be employed for air freight security. The screening will be performed employing neutron- and gamma-radiation based techniques. One of the critical issues in this project was the absence of an adequate particle source. Thus, a new type of source was developed during this work. The new source consists of four main parts: A pulsed deuteron beam is formed in an ion source (IS) and is fed, via a matching low energy beam transport system (LEBT), into the main accelerator. The latter comprises a radio frequency quadrupole (RFQ) that produces a deuteron beam with a final energy of 6 MeV. Since pulsing of this beam in the regime of several nanoseconds is mandatory for the application, a novel solution had to be found to apply the required pulsing scheme, without undershoot the required beam charge per pulse. A major challenge in doing so was the combination of pulse length, high bunch charge as well as high repetition rate. This could be achieved by adding a pulsing system in between the LEBT section and RFQ: it consists of a beam-deflection, as well as a beam-bunching element. The deuteron beam is ultimately directed to a wobbling, plasma sprayed boron carbide (B4C) target. This work focuses on an entire physical design as well as simulation work of the pulsing system and RFQ. Furthermore, proof-of-principle experiments concerning a prototype of the pulsing system developed in the framework of this thesis and manufactured by RI Research Instruments GmbH could be performed at a test bench dedicated to this project. To round up the study, the suitability of the target and target reaction was demonstrated during multiple experiments performed at Physikalisch- Technische Bundesanstalt (PTB) at Braunschweig as well as the Nuclear Energy Corporation of South Africa (NECSA) in Pelindaba.","2019","2025-06-13 13:27:28","2025-06-13 13:27:28","","","","","","","","","","","","","Humboldt-Universität zu Berlin","","en","","Doctoral thesis (Dr. rer. nat.)","","","","","fulltext-url: https://edoc.hu-berlin.de/bitstreams/64548620-6e61-4b55-adbf-1d1ce41a9971/download Citation Key: bromberger__2019__generation","","","","#author/gender/:male; #degree/title/:dr.rer.nat.; #degree/granted-by/:hu-berlin","","","","","","","","","","","","","","","","","","","","","","","","","","","","","","","","","","","","","","","","","","","","","","",""
"UGNS7KEK","thesis","2015","Atkinson, Terry","Modeling of magnetic optic for the short pulse mode operation of Energy Recovery Linac based light sources","","","","","https://doi.org/10.18452/17300","Das Forschungsfeld der Synchrotronstrahlungsquellen hat sich in den letzen Jahren entscheidend weiterentwickelt. Alle Zukunftsideen, unabhängig von ihrer Komplexität, haben dennoch eines gemeinsam: die Erzeugung kurzer Pulse. Die Naturwissenschaften haben die Spitzenbrillanz, die mit Hilfe kürzester Pulse produziert werden kann, als neues Schlüsselwerkzeug entdeckt. Die Nutzergemeinschaft verlangt nicht mehr nur ein statisches Bild, sondern vielmehr eine Reihe von bewegten Aufnahmen atomarer Substrukturen und den dazugehöringen Prozessen. Existierende dritte Generation Synchrotronstrahlungsquellen werden an die neuen Herausforderungen angepasst: Verbesserungen an der Magnet-Optik sowie der Einbau modernster Beschleunigertechnologie ermöglichen die Erzeugung kürzester Pulse mit höchster Brillanz für zeitaufgelöste Experimente. Ein möglicher Kandidat für die Lichtquelle der nächsten Generation ist ein Linear-Beschleuniger mit Energierückgewinnung. Durch die Verwendung langer Beschleunigungsstrukturen kann es, selbst bei hohen Energien, nicht zur Ausbildung des Emittanzgleichgewichts wie in Speicherringen kommen. Durch die Verwendung Impulsabhängiger-Umlaufbahnen und der Rückgewinnung der Strahlenergie ist es mit `Energy Recovery Linac'' (ERL)-basierten Quellen energieeffizient möglich, hochenergetische Elektronen-Pulse im Femtosekundenbereich zu erzeugen. Die longitudinale Elekronstrahldynamik solcher ERLs ist eines der Hauptthemen dieser Arbeit. Umfangreiche Simulationen über die gesamte Maschine wurden im Rahmen der `Femto-Science Factory'' Lichtquellen Studie durchgeführt. Die Begrenzungen des Kurzpulsmodus Betriebes wurden untersucht und mit den Erwartungen verglichen. Besondere Aufmerksamkeit lag dabei auf den 6D Elektronenstrahleigenschaften, insbesondere auf der Vermeidung von Strahlaufweitungen, die mit der Erzeugung von Ultra-Kurzpulsen einhergehen können. Synchrotron light sources are entering a new era. No matter how elaborate, all the next generation proposals share a common necessity; the production of ultra-short electron bunches. There is an evolution in the field of science under investigation using the high peak brilliance generated from such bunches. The user community is demanding not just pictures but videos of atomic substructures and the processes that define them. Existing 3rd generation facilities are modifying their magnetic lattices and upgrading the acceleration schemes in order to keep up with this trend of generating short pulses with ultimate brilliance for time resolved experiments. A possible candidate for the next generation light source is one based on ERL technology. Using long linacs to accelerate to high energies overcomes the present limitation of emittance equilibrium in storage rings. By implementing independent arcs for acceleration and deceleration while recuperating the beams energy, ERL based sources are theoretically capable of efficiently producing high energy femtosecond long bunch lengths. The study of the longitudinal motion of the beam through single pass magnetic optic in combination with linacs is the main topic of this thesis. Dedicated start-to-end simulations in the framework of the Femto-Science Factory large scale light source are undertaken. The expectations and restrictions on the short pulse mode (SPM) operation are comprehensively examined in this work. Particular attention is given to the 6D electron beam properties and with it the beam degradation caused by the production of ultra-short bunches.","2015","2025-06-13 13:27:28","2025-06-13 13:27:28","","","","","","","","","","","","","Humboldt-Universität zu Berlin","","en","","Doctoral thesis (Dr. rer. nat.)","","","","","fulltext-url: https://edoc.hu-berlin.de/bitstreams/328a7e5c-d43d-412e-9feb-90a7df0ef57f/download Citation Key: atkinson__2015__modeling","","","","#author/gender/:male; #degree/title/:dr.rer.nat.; #is-about/accelerator-type/erl; #degree/granted-by/:hu-berlin","","","","","","","","","","","","","","","","","","","","","","","","","","","","","","","","","","","","","","","","","","","","","","",""
"6ZEAXYF8","thesis","2015","Schweizer, Waldemar","Entwicklung einer effizienten Hochstrom-Ionenquelle für das FRANZ-Projekt zur Produktion intensiver, hochbrillanter Protonenstrahlen","","","","","https://nbn-resolving.org/urn:nbn:de:hebis:30:3-381117","","2015","2025-06-13 13:27:28","2025-06-13 13:27:28","","","","","","","","","","","","","Goethe-Universität Frankfurt am Main","","de","","Doctoral thesis (Dr. rer. nat.)","","","","","fulltext-url: https://publikationen.ub.uni-frankfurt.de/files/38111/Schweizer.pdf Citation Key: schweizer__2015__entwicklung","","","","#author/gender/:male; #degree/title/:dr.rer.nat.; #degree/granted-by/:uni-frankfurt","","","","","","","","","","","","","","","","","","","","","","","","","","","","","","","","","","","","","","","","","","","","","","",""
"3NJXYJRN","thesis","2017","Schütt, Maximilian","Development of a 325 MHz ladder RFQ","","","","","https://nbn-resolving.org/urn:nbn:de:hebis:30:3-457482","Zur effizienten Beschleunigung von Ionen wird meist nach deren Erzeugung in einer Ionenquelle ein Radio Frequenz Quadrupol verwendet. Die vorliegende Dissertation befasst sich mit Entwicklung, Bau und Messung des Prototyps eines neuartigen Leiter-RFQs, der bei 325 MHz betrieben wird. Der Leiter-RFQ verfügt über ein neuartiges mechanisches Design und versucht die Vorteile der beiden vorrangig im Betrieb befindlichen RFQ Typen, des 4-Rod und 4-Vane RFQs, zu verbinden. Die physikalischen Parameter sind der Spezifikation des RFQs für den geplanten Protonenlinac (p-Linac) am FAIR-Projekt an der GSI Darmstadt entnommen. Darüber hinaus wird der aktuelle Planungs- und Simulationsstand eines modulierten Prototyps mit der vollen Länge von ca. 3,5 m zur Durchführung von Strahltests dargestellt.","2017","2025-06-13 13:27:28","2025-09-03 03:56:03","","","","","","","","","","","","","Goethe-Universität Frankfurt am Main","","en","","Doctoral thesis (Dr. rer. nat.)","","","","","fulltext-url: https://publikationen.ub.uni-frankfurt.de/files/45748/Dissertation_schuett.pdf Citation Key: schutt__2017__development","","","","#author/gender/:male; #degree/title/:dr.rer.nat.; #degree/granted-by/:uni-frankfurt; #is-about/facility/:fair/p-linac; #has-affiliation/:fair","","","","","","","","","","","","","","","","","","","","","","","","","","","","","","","","","","","","","","","","","","","","","","",""
"6MYWPDV6","thesis","2013","Schömers, Christian","Entwicklung einer dynamischen Intensitätsregelung für das Heidelberger Ionenstrahl-Therapiesynchrotron","","","","","https://nbn-resolving.org/urn:nbn:de:hebis:30:3-326537","Das Heidelberger Ionenstrahl Therapiezentrum (HIT) ist die erste klinische Anlage in Europa, an der die Strahlentherapie zur Tumorbekämpfung mit schwereren Ionen als Protonen möglich ist. Seit November 2009 wurden mehr als 1500 Patienten bei HIT behandelt. Dabei kommt das beim GSI Helmholtzzentrum für Schwerionenforschung GmbH in Darmstadt entwickelte Rasterscan-Verfahren zum Einsatz. In der Bestrahlungsplanung wird der Tumor in Schichten gleicher Ionen-Energie und jede Schicht in einzelne Rasterpunkte eingeteilt. Für jeden Rasterpunkt wird eine individuelle Teilchenzahl appliziert, die am Ende zu der gewünschten Dosisverteilung führt. Dabei kann sich die benötigte Teilchenbelegung der einzelnen Rasterpunkte auch innerhalb einer Schicht um mehr als zwei Größenordnungen unterscheiden. Ein auf wenige Millimeter Durchmesser fokussierter Teilchenstrahl kann in allen Raumrichtungen variiert werden, so dass selbst für unregelmäßig geformte Tumoren eine hochgenaue Dosiskonformität erreicht wird. Messkammern, die in der Ionen-Flugbahn kurz vor dem Patienten installiert sind, überwachen kontinuierlich Position, Form und Intensität des Strahls und ermöglichen so die Rasterpunkt-abhängige Dosisabgabe. Zur Bereitstellung des Teilchenstrahls ist eine komplexe Beschleunigeranlage nötig, die eine große Bibliothek an möglichen Strahlparametern erzeugen kann. Das Herzstück der Anlage ist ein Synchrotron, in dem die Ionen auf die gewünschte Energie beschleunigt und anschließend über mehrere Sekunden extrahiert werden. Diese langsame Extraktion ist nötig, um dem Bestrahlungssystem genug Zeit für die korrekte, punktgenaue Dosisabgabe zu geben. Die zeitliche Struktur der beim Patienten ankommenden Strahlintensität wird Spill genannt. Der verwendete Extraktionsmechanismus ist die transversale RF-Knockout Extraktion, die auf dem Prinzip der langsamen Resonanzextraktion beruht. Die im Synchrotron umlaufenden Teilchen werden dabei transversal angeregt, bis nach und nach ihre Schwingungsamplitude so groß ist, dass sie in den Extraktionskanal gelangen. Das für diese Anregung verantwortliche Gerät ist der RF-KO-Exciter. Er ist so eingestellt, dass ein möglichst konstanter Teilchenstrom das Synchrotron verlässt. Bereits beim Befüllen des Synchrotrons variiert jedoch die injizierte Teilchenzahl und deren Verteilung im Phasenraum, so dass die voreingestellte Amplitudenfunktion des RF-KO-Exciters keinen idealen Spill liefern kann. Es kommt unweigerlich zu Schwankungen der Intensität am Strahlziel. Die erreichbare Leistungsfähigkeit der Therapieanlage hängt jedoch in hohem Maße von der Spillqualität ab. Je besser diese ist, umso schneller kann die individuelle Bestrahlung erfolgen und um so mehr Patienten können in gleicher Zeit behandelt werden. Die vorliegende Arbeit beschäftigt sich mit der Verbesserung der Spillqualität am Bestrahlungsplatz. Dazu wird ein Regelkreis zwischen den Strahl-detektierenden Messkammern und dem die Extraktion steuernden RF-KO-Exciter geschlossen. Ionisationskammern, die auch zur Dosisbestimmung verwendet werden, messen die aktuelle Intensität. Das Therapiekontrollsystem, das den gesamten Bestrahlungsprozess steuert, gibt den Sollwert vor und leitet alle Informationen zur Reglereinrichtung. Dort wird in Abhängigkeit der Abweichung aus gewünschter und tatsächlich vorhandener Intensität sowie dem Regelalgorithmus ein Korrektursignal errechnet und dem RF-KO-Exciter zugeführt. Eine der Herausforderungen bestand dabei im Auffinden der geeigneten Regelparameter, die entsprechend der Strahlparameter Energie und Intensität gewählt werden müssen. In einem ersten Schritt kann so der extrahierte Teilchenstrahl auf dem jeweils geforderten, konstanten Niveau gehalten werden. Diese Stufe wird seit April 2013 vollständig im Routinebetrieb der Therapieanlage verwendet. Der zweite Schritt besteht in der Anpassung der Extraktionsrate an den individuellen Bestrahlungsplan. So können die Rasterpunkte, die eine hohe Dosis benötigen, mit einer höheren Intensität bestrahlt werden, was die Bestrahlungszeit deutlich reduziert. Die Vollendung dieser Stufe ist bis Ende 2013 vorgesehen. Im Rahmen dieser Arbeit wurden zwei Testsysteme sowie die Implementierung in den Routinebetrieb des Therapiebeschleunigers einer solchen Intensitäts- oder Spillregelung realisiert. Dies beinhaltet den Aufbau der Systeme, die Bereitstellung von Soll- und Istwert sowie die Auslegung und Einstellung des Regelkreises. Der erste Testaufbau für ein Strahlziel des Beschleunigers diente generellen Studien zur Machbarkeit einer solchen Regelung. Die dabei gesammelten Erfahrungen über nötige Erweiterungen führten zur zweiten Generation einer Testumgebung auf Basis eines Echtzeit-Ethernet-Systems. Dieses ermöglichte bereits die Regelung an allen Strahlzielen der HIT-Anlage sowie die Verwendung von unterschiedlichen Regelalgorithmen. Mit den Systemen wurden Messungen zur Charakterisierung der Spillregelung im Parameterraum des Beschleunigers durchgeführt, um so ihre Möglichkeiten und Grenzen zu untersuchen. Erkenntnisse aus dieser Testphase flossen direkt in die Implementierung des für den Patientenbetrieb eingesetzten Systems ein, für das ein hohes Maß an Betriebs-Stabilität erforderlich ist. Es wurde in das Beschleuniger-Kontrollsystem unter Berücksichtigung des Sicherheitskonzeptes der Anlage integriert. Die reine Bestrahlungszeit wird durch die Realisierung der ersten Stufe um bis zu 25% reduziert, nach Vollendung der zweiten Stufe wird sie um weitere bis zu 50% verringert. Strahlzeiten für Nachjustierungen der Spillqualität werden ebenfalls zum Teil eingespart. Insgesamt konnte durch die Spillregelung die Effizienz der Anlage deutlich gesteigert werden.","2013","2025-06-13 13:27:28","2025-06-13 13:27:28","","","163","","","","","","","","","","Goethe-Universität Frankfurt am Main","","de","","Doctoral thesis (Dr. rer. nat.)","","","","","fulltext-url: https://publikationen.ub.uni-frankfurt.de/files/32653/DissertationSchoemersElektronisch.pdf Citation Key: schoemers__2013__entwicklung","","","","#author/gender/:male; #degree/title/:dr.rer.nat.; #degree/granted-by/:uni-frankfurt","","","","","","","","","","","","","","","","","","","","","","","","","","","","","","","","","","","","","","","","","","","","","","",""
"22QZ3SHM","thesis","2016","Noll, Daniel","Investigation on the transport of high-intensity beams using particle-in-cell simulations","","","","","https://nbn-resolving.org/urn:nbn:de:hebis:30:3-424072","For the transport of high-intensity hadron beams in low-energy beam lines of linear accelerators, the compensation of space charge forces by the accumulation of particles of opposite charge is an important effect, reducing the required focusing strength and potentially the emittance growth due to space charge forces. In this thesis, space charge compensation was studied by including the secondary particles in particle-in-cell simulations. For this purpose, a new electrostatic particle-in-cell code named bender was developed. The software was tested using known self-consistent solutions for an electron plasma confined in an external potential as well as for a KV distributed beam in a periodic focusing lattice. For the simulation of compensation, models for residual gas ionisation by proton and electron impact were implemented. The compensation process was studied for a 120 keV, 100 mA proton beam transported through a short drift section. Various features in the particle distributions were identified, which can not explained by a uniform reduction in the electric field of the beam. These were tied to the presence of thermal electrons confined within the beam potential. Using the Poisson-Boltzmann equation, their distribution could be reproduced and their influence on the beam for a wider range of parameters studied. However, the observed temperatures show a significant numerical influence. The hypothesis was formed, that stochastical heating present in particle-in-cell simulations is the mechanism leading to the formation of the observed (partial) thermal equilibrium. For the low-energy beam transport line of the Frankfurt neutron source FRANZ, bender was used to predict the pulse shaping in the novel ExB chopper system. The code was also used for the design and the study of an electron lens for the Integrable Optics Test Accelerator at Fermi National Accelerator Laboratory. Aberrations due to guiding center drifts and the strong electric field of the electron beam as well as the current limits in such a system were investigated.","2016","2025-06-13 13:27:28","2025-06-13 13:27:28","","","","","","","","","","","","","Goethe-Universität Frankfurt am Main","","en","","Doctoral thesis (Dr. rer. nat.)","","","","","fulltext-url: https://publikationen.ub.uni-frankfurt.de/files/42407/diss.pdf Citation Key: noll__2016__investigation","","","","#author/gender/:male; #degree/title/:dr.rer.nat.; #degree/granted-by/:uni-frankfurt","","","","","","","","","","","","","","","","","","","","","","","","","","","","","","","","","","","","","","","","","","","","","","",""
"FMK6KNV3","thesis","2018","Niebuhr, Heiko","Entwicklung und Erforschung eines neuartigen Injektionssystems für einen toroidalen Hochstromspeicherring","","","","","https://nbn-resolving.org/urn:nbn:de:hebis:30:3-489670","Die vorliegende Dissertation befasst sich mit der Entwicklung und Erforschung eines konzeptionell neuartigen Injektionssystems zum Transport von Ionenstrahlen in toroidale Magnetfeldstrukturen. Die Forschungsarbeit ist dabei Teil des Figure-8 Speicherringprojekts (F8SR) des IAP, bei welchem es um die Erforschung der Physik und die Entwicklung eines niederenergetischen, supraleitenden, magnetostatischen Figure-8 Hochstromspeicherrings geht. Dieser neuartige Speicherring ermöglicht aufgrund des Einsatzes von fokussierenden solenoidalen und toroidalen Magnetfeldern das Speichern von Strahlströmen von bis zu einigen Ampere. Diese Arbeit baut auf früheren Forschungsarbeiten zu diesem Themenfeld auf, in welchen die Grundlagen und Ausgangsparameter für die experimentelle Untersuchung der Injektion gelegt und mit dem Aufbau des Injektionsexperiments begonnen wurde. In dieser Dissertation wird den Fragen nachgegangen, ob ein magnetisches Konzept des Injektionssystems mittels eines „Scaled-Down“-Experiments experimentell umsetzbar ist und ob mit diesem die Injektion von Ionenstrahlen in toroidale Magnetfeldstrukturen realisiert werden kann. Ziel ist es dabei, ein Injektionssystem aufzubauen, durch welches sowohl ein seitlich injizierter Injektionsstrahl, welcher den in den Speicherring zu injizierenden Strahl darstellt, als auch ein gleichzeitig durch die toroidalen Magnetfelder driftender Ringstrahl, welcher den im Speicherring zirkulierenden Strahl darstellt, ohne Verluste transportiert werden können. Das Injektionssystem besteht dabei aus drei normalleitenden Magneten, wobei es sich um zwei baugleiche 30 Grad Toroide sowie einen Solenoid handelt. Die Toroide bilden den Transportkanal für den Ringstrahl, während der Injektionssolenoid senkrecht zwischen den beiden Toroiden endet und den Injektionskanal für den Injektionsstrahl darstellt. Zunächst wurde das Injektionssystem mittels Strahltransportsimulationen untersucht und aufbauend auf den Ergebnissen die benötigen Vakuumkomponenten sowie der Injektionsmagnet ausgelegt, entwickelt und umgesetzt. Anschließend wurde mit dem fertigstellten Injektionsexperiment der Transport von zwei Ionenstrahlen durch das Injektionssystem experimentell erforscht. Dabei wurden die Strahlpfade mit einem in Entwicklung befindlichen Kameradetektorsystem aus verschiedenen Perspektiven aufgenommen und das Strahlverhalten in Abhängigkeit von unterschiedlichen Parametern phänomenologisch analysiert und diskutiert, mit den Ergebnissen der Simulationen verglichen sowie theoretisch bzgl. der RxB Drift und eines Gedankenmodells eingeordnet. Die technische Umsetzung, Inbetriebnahme und Durchführung verschiedener Vorabexperimente bzgl. weiterer Komponenten des Injektionsexperiments (bspw. Ionenquellen und Filterkanäle) ist ebenfalls Bestandteil dieser Arbeit. Bei den experimentellen Untersuchungen mit Wasserstoff- und Heliumionenstrahlen konnte beobachtet werden, wie der Injektionsstrahl in den zweiten Toroid driftet und somit erfolgreich injiziert wird. Des Weiteren wurde eine Heliummessung durchgeführt, bei der sowohl der Injektionsstrahl als auch der Ringstrahl erfolgreich durch das Injektionssystem transportiert werden konnten. Auch die Auswirkungen des Injektionsmagneten auf den Ringstrahl konnten experimentell untersucht werden. Die verschiedenen Messungen wurden mittels des Gedankenmodells diskutiert und mit den Ergebnissen der Simulationen sowie untereinander verglichen. Das abschließende Ergebnis dieser Arbeit ist, dass durch den Einsatz von solenoidalen und toroidalen Magnetfeldern der Injektionsstrahl vom Injektionsmagneten in den zweiten Toroid transportiert und dieser somit in die gekoppelte magnetische Konfiguration der Toroide eingelenkt werden kann. Der gleichzeitige verlustfreie Transport eines Ringstahls durch das Injektionssystem konnte dabei ebenfalls realisiert werden. Des Weiteren stimmen die Ergebnisse der Simulationen und Experimente sowie die theoretischen Überlegungen überein. Das neuartige Injektionskonzept, welches als Schlüsselkomponente für die Umsetzung des Figure-8 Hochstromspeicherrings benötigt wird, wurde somit mittels Theorie, Simulation und Experiment überprüft und die Funktionalität bestätigt. Zukünftige Forschungsfragen für welche der Figure-8 Hochstromspeicherring verwendet werden könnte, bspw. aus den Bereichen der experimentellen Astrophysik oder Fusionsforschung, wurden abschließend diskutiert.","2018","2025-06-13 13:27:28","2025-06-13 13:27:28","","","186","","","","","","","","","","Goethe-Universität Frankfurt am Main","","de","","Doctoral thesis (Dr. rer. nat.)","","","","","fulltext-url: https://publikationen.ub.uni-frankfurt.de/files/48967/Dissertation_Heiko_Niebuhr.pdf Citation Key: niebuhr__2018__entwicklung","","","","#author/gender/:male; #degree/title/:dr.rer.nat.; #degree/granted-by/:uni-frankfurt","","","","","","","","","","","","","","","","","","","","","","","","","","","","","","","","","","","","","","","","","","","","","","",""
"29SYNEH7","thesis","2016","Klump, Batu","Untersuchungen an niederenergetischen, intensiven und hochbrillanten Protonenstrahlen","","","","","https://nbn-resolving.org/urn:nbn:de:hebis:30:3-413588","Zur vollständigen Charakterisierung der Hochstrom-Protonenquelle im Rahmen des FRANZ-Projektes war es notwendig, die Emittanz dieser zu bestimmen. Die vorliegende Arbeit befasst sich mit der Entwicklung zweier unterschiedlicher Emittanz-Messsysteme, welche in der Lage sind, im kritischen Einsatzbereich hinter der Ionenquelle die Emittanz zu bestimmen. Die grundsätzliche Problematik der Emittanzmessung an Hochstrom-Ionenquellen liegt in den besonderen Anforderungen, die an diese Messsysteme gestellt werden. Zum einen müssen diese extrem hohe Strahlleistungsdichten und Strahlströme verarbeiten können, ohne Schaden zu nehmen. Zum anderen, was die besondere Herausforderung darstellt, ist es notwendig, dass sie unempfindlich gegenüber Hochspannungsüberschläge sind, da es naturgemäß an einer Ionenquelle zu Hochspannungsüberschlägen kommen kann, welche die sensible und teure Messelektronik schädigen können. Aus diesem Grund wurde eine Pepperpot-Emittanz-Messanlage weiterentwickelt, welche komplett ohne hochspannungsempfindliche Elektronik auskommt. Diese besteht aus einem effizient wassergekühlten Messkopf mit einer Lochblende aus einer Wolframlegierung. Die Lochgeometrie wurde an die zu vermessende Ionenquelle angepasst. Anstelle einer Multichannelplate und / oder eines Leuchtschirms kommt eine mit Öl vorbehandelte Aluminiumplatte als Schirm zum Einsatz. Aufgrund der Wechselwirkung der, durch die Lochblende hindurch driftenden, Teilstrahlen mit der Oberfläche des Schirms, bilden sich auf diesem, mit bloÿem Auge sichtbare, Kohlenstoffabdrücke aus. Aus der Lage im Ortsraum und der Intensitätsverteilung der einzelnen Abdrücke kann die Phasenraum-Verteilung berechnet werden. Der Nachweis, dass die Intensitätsverteilung der Kohlenstoffabdrücke proportional zur Strahlstromdichtenverteilung eines jeden Abdrucks ist, wurde im Rahmen der Grundlagenuntersuchungen erbracht. Parallel wurde eine zweite, konventionelle Schlitz-Gitter-Emittanz-Messanlage entwickelt und aufgebaut. Für die Auswertung der Rohdaten wurde eine Analysesoftware entwickelt, welche kompatibel zu beiden Messsystemen ist. Mittels dieser kann aus den Rohdaten die Phasenraum-Verteilung, die Emittanzen (Lage und Fläche) berechnet und in verschiedenen Schnittebenen graphisch dargestellt werden. Ein Hauptaspekt lag in der notwendigen Untergrundreduktion. Insbesondere bei der Analyse der Pepperpot-Schirme tritt bei der Digitalisierung derselben eine nicht physikalische Veränderung der Intensitätsverteilung der Kohlenstoffabdrücke auf. Die erfolgreiche Separation der Abdrücke vom Hintergrund war von entscheidender Bedeutung. Mit beiden Emittanzmesssystemen konnte im Rahmen dieser Arbeit die Emittanz der FRANZ-Hochstrom-Protonenquelle bestimmt und Abhängigkeiten diverser Strahlparameter untersucht werden. Dabei zeigen die Ergebnisse beider Messsysteme eine sehr gute Übereinstimmung, was die Leistungsfähigkeit des Pepperpot-Messsystems in diesem Einsatzbereich bestätigt. Für die Erzeugung der, im Rahmen verschiedener Emittanzmessungen, benötigten Plasmadichten wurde die eingespeiste Bogenleistung um 265% von 2.85kW auf 7.56kW erhöht. Die geringe Varianz der gemessenen Emittanzen lässt den Schluss zu, dass sich die Ionentemperatur im Rahmen der Messgenauigkeit in dem untersuchten Bereich nicht merklich ändert. Dies ist insofern bemerkenswert, da dies bedeutet, dass sich die Ionentemperatur nicht signifikant verändert hat, obwohl die Leistung im Plasma stark erhöht wurde. Im Laufe der Grundlagenuntersuchungen des Pepperpot-Systems wurde festgestellt, dass es unter bestimmten Voraussetzungen zur Bildung von zwei Kohlenstoffabdrücken pro Blendenloch kommen kann. Mit Hilfe von Strahlsimulationen mittels dem Code IGUN sowie vergleichenden Emittanzmessungen konnte nachgewiesen werden, dass bei der Extraktion im sogenannten angepassten Fall zwei Teilstrahlen extrahiert werden. Durch eine geringfügige Erhöhung der Perveanz können diese beiden Teilstrahlen in einen laminaren Ionenstrahl überführt werden. Im Hinblick auf die Konditionierung der FRANZ-LEBT wurde erstmals im Institut der Transport eines Hochstrom-Ionenstrahls durch einen Solenoiden sowie die Auswirkungen dessen auf die Strahlemittanz untersucht. Aufgrund des projektierten Protonenstroms von Ip = 50mA wurden diese Untersuchungen mit einem vergleichbaren Protonenstrom und einer Strahlenergie von E = 55keV durchgeführt. Darüber hinaus wurde die zeitliche Entwicklung der Emittanz innerhalb eines Strahlpulses (80Hz,1ms,Ip = 56mA,It = 70mA) hinter dem Solenoiden untersucht. Eine Analyse zeigt, dass die Strahlemittanz innerhalb der Messgenauigkeit entlang des Pulsplateus nahezu konstant bleibt. Jedoch ändert sich die Divergenz des Strahlkerns innerhalb des Zeitraumes des Pulsanstiegs, aufgrund der Raumladungskompensation sowie des ansteigenden Stroms.","2016","2025-06-13 13:27:28","2025-06-13 13:27:28","","","","","","","","","","","","","Goethe-Universität Frankfurt am Main","","de","","Doctoral thesis (Dr. rer. nat.)","","","","","fulltext-url: https://publikationen.ub.uni-frankfurt.de/files/41358/dissertation_klump_bibliothek.pdf Citation Key: klump__2016__untersuchungen","","","","#author/gender/:male; #degree/title/:dr.rer.nat.; #degree/granted-by/:uni-frankfurt","","","","","","","","","","","","","","","","","","","","","","","","","","","","","","","","","","","","","","","","","","","","","","",""
"THBF799A","thesis","2017","Kesting, Frederik","Numerical noise in particle-in-cell tracking: generation and propagation","","","","","http://d-nb.info/1128603373","","2017","2025-06-13 13:27:28","2025-09-03 03:56:03","","","100","","","","","","","","","","Goethe-Universität Frankfurt am Main","","en","","Doctoral thesis (Dr. rer. nat.)","","","","","fulltext-url: none Citation Key: kesting__2017__numerical","","","","#author/gender/:male; #degree/title/:dr.rer.nat.; #degree/granted-by/:uni-frankfurt; #is-about/facility/:fair/sis100; #has-affiliation/:fair","","","","","","","","","","","","","","","","","","","","","","","","","","","","","","","","","","","","","","","","","","","","","","",""
"LN6782EM","thesis","2016","Heilmann, Manuel","Kopplung von 4-Rod-RFQ und IH-DTL für das FRANZ-Projekt","","","","","https://ubffm.hds.hebis.de/Record/HEB385973306","","2016","2025-06-13 13:27:28","2025-06-13 13:27:28","","","123","","","","","","","","","","Goethe-Universität Frankfurt am Main","","de","","Doctoral thesis (Dr. rer. nat.)","","","","","fulltext-url: none Citation Key: heilmann__2016__kopplung","","","","#author/gender/:male; #degree/title/:dr.rer.nat.; #degree/granted-by/:uni-frankfurt","","","","","","","","","","","","","","","","","","","","","","","","","","","","","","","","","","","","","","","","","","","","","","",""
"3WIXLQBI","thesis","2017","Hähnel, Hendrik","Development of an IH-type linac for the acceleration of high current heavy ion beams","","","","","https://nbn-resolving.org/urn:nbn:de:hebis:30:3-439833","The Facility for Antiproton and Ion Research (FAIR) at GSI Darmstadt will provide unprecedented intensities of protons and heavy ions up to uranium at energies of up to 29 GeV for protons and 2.7 GeV/u for Uranium 28+. To achieve high intensities in the synchrotron accelerators, high beam currents have to be provided by the injector linear accelerators. High current heavy ion beams are provided by the Universal Linear Accelerator (UNILAC), which in its current state will not be able to provide the required FAIR beam currents. This thesis deals with the development of upgrades for the UNILAC to ensure its high current capability. The first improvement is a matching section (MEBT) for the interface between the RFQ and the IH-DTL of the existing high current injector HSI at the UNILAC. With this new MEBT section, particle losses are eliminated and the overall beam quality is improved. As a second improvement, a complete replacement of the existing Alvarez-DTL is presented. A combination of efficient IH-type cavities and KONUS beam dynamics results in a reduction of the linac length from about 60 m (Alvarez) to just 23 m (new IH-DTL) while providing the same energy and fulfilling FAIR requirements of a high beam current and beam quality. This thesis contains a detailed beam dynamics design of the new linac including some fundamental investigations of the KONUS beam dynamics concept. A cross-check of the beam dynamics design was performed with two independent multi-particle simulation codes. Detailed error studies were conducted to investigate the influence of manufacturing, alignment and operating errors on the beam dynamics performance. Additionally, all five linac cavities were designed, optimized, and their RF parameters including power requirements calculated to provide a comprehensive linac design.","2017","2025-06-13 13:27:28","2025-09-03 03:56:03","","","149","","","","","","","","","","Goethe-Universität Frankfurt am Main","","en","","Doctoral thesis (Dr. rer. nat.)","","","","","fulltext-url: https://publikationen.ub.uni-frankfurt.de/files/43983/Diss_Haehnel_2017_online.pdf Citation Key: hahnel__2017__development","","","","#author/gender/:male; #degree/title/:dr.rer.nat.; #degree/granted-by/:uni-frankfurt; #is-about/facility/:fair/unilac; #has-affiliation/:fair","","","","","","","","","","","","","","","","","","","","","","","","","","","","","","","","","","","","","","","","","","","","","","",""
"996Q5NLG","thesis","2013","Feldmeier, Eike","Feldkorrekturregelung für dynamische Prozesse in normalleitenden Magneten","","","","","https://nbn-resolving.org/urn:nbn:de:hebis:30:3-327984","","2013","2025-06-13 13:27:28","2025-06-13 13:27:28","","","","","","","","","","","","","Goethe-Universität Frankfurt am Main","","de","","Doctoral thesis (Dr. rer. nat.)","","","","","fulltext-url: http://proxy.ub.uni-frankfurt.de/login?qurl=https%3A%2F%2Fnbn-resolving.org%2Furn%3Anbn%3Ade%3Ahebis%3A30%3A3-327984 Citation Key: feldmeier__2013__feldkorrekturregelung","","","","#author/gender/:male; #degree/title/:dr.rer.nat.; #degree/granted-by/:uni-frankfurt","","","","","","","","","","","","","","","","","","","","","","","","","","","","","","","","","","","","","","","","","","","","","","",""
"D7BFIHY3","thesis","2011","Daqa, Wafa","Linear Betatron coupling studies with space charge effects in the SIS18","","","","","https://d-nb.info/1022228390","","2011","2025-06-13 13:27:28","2025-06-13 13:27:28","","","","","","","","","","","","","Goethe-Universität Frankfurt am Main","","en","","Doctoral thesis (Dr. rer. nat.)","","","","","fulltext-url: none Citation Key: daqa__2011__linear","","","","#author/gender/:male; #degree/title/:dr.rer.nat.; #degree/granted-by/:uni-frankfurt","","","","","","","","","","","","","","","","","","","","","","","","","","","","","","","","","","","","","","","","","","","","","","",""
"IEZ4FJRU","thesis","2013","Chetvertkova, Vera","Verification of Monte Carlo transport codes by activation experiments","","","","","https://nbn-resolving.org/urn:nbn:de:hebis:30:3-278487","Die Aktivierung von Beschleunigerkomponenten durch Strahlverluste ist einer der wichtigsten Faktoren der Intensitätsbegrenzung für hochenergetische und hochintensive Hadronenbeschleuniger. Erhöhte Dosisleistungen in der Nähe von bestrahlten Materialien erschweren die Hands-On-Wartung der Maschine. Deshalb ist die Aktivierung von Beschleunigerkomponenten von großem Belang für die “Facility for Antiproton and Ion Research“ (FAIR). Dies führt zur Notwendigkeit einer Messung der Restaktivität in den Tiefenschichten von bestrahlten Festkörpern. Im Rahmen dieser Arbeit wurden Grenzen für Strahlverluste von Schwerionenstrahlen ermittelt, welche bzgl. der Zugänglichkeit einer Beschleunigeranlage zu Wartungszwecken etc. einzuhalten sind. Der Schwerpunkt der vorliegenden Studie war die Messung der Restaktivität im Material, hervorgerufen durch Ionenstrahlen verschiedener Spezies: Stickstoff (Z = 7), Argon (Z = 18) und Uran (Z = 92). Als zu bestrahlende Materialien wurden Aluminium und Kupfer ausgewählt – als Repräsentanten für den niedrigen und mittleren Z-Bereich. Im Hinblick auf Beschleunigeranwendungen sollten Aluminiumkomponenten in den Bereichen mit hohen Strahlverlusten bevorzugt werden, da dieses Material offenbar weniger aktiviert wird als Hoch-Z-Materialien, andererseits ist Kupfer ein übliches Material für viele Beschleunigerkomponenten wie z.b. für Spulen der Magnete. Deshalb ist der Vergleich von Aluminium und Kupfer vom besonderen Interesse. Zwei Arten von Targets wurden bestrahlt: gestapelte Folien- und Einzelfolien-Targets. Die dicken Aluminium-Targets wurden mit 498 AMeV Stickstoff 14N7+, 496 AMeV Argon 40Ar18+ und 483 AMeV Uran 238U73+, die dicken Kupfer-Targets wurden mit 498 AMeV Stickstoff und 496 AMeV Argon bestrahlt. Die dünnen Aluminium-Folien wurden mit 426 AMeV Argon und mit 85, 174, 279, 325, 381, 483, 584, 684, 785, 935 AMeV Uran bestrahlt. Insgesamt fünf dicke und zehn Einzelfolientargets wurden für die vorliegende Doktorarbeit bestrahlt. Mehr als 5000 Spektren wurden gemessen und analysiert, 45 Tiefenprofile verschiedener Nuklide in den durchgeführten Experimenten erhalten. Für das Design von Beamdumps und Strahlabschirmungen (und für vielfältige andere Anwendungen) verwendet man die Monte Carlo Transportcodes, welche die Bewegung und Wechselwirkung von Teilchen mit Materie berechnen. Die Schwerionen-Versionen der Monte Carlo Transportcodes wurden etwa vor fünfzehn Jahren eingeführt und sind noch nicht in allen Energie- und Z-Bereichen bestätigt. Es gibt nur wenige Daten für die Aktivierung der Materialien durch Schwerionenstrahlen. Die Verifikation der Monte-Carlo-Codes durch Aktivierungsexperimente ermöglicht die Überprüfung von Transport und nuklearer Erzeugung explizit durch den Vergleich der Typen, der Häufigkeit und der Tiefenprofile der Radionuklide, die im bestrahlten Material erzeugt oder gestoppt werden. In der vorliegenden Arbeit wurden die Codes FLUKA, MARS und SHIELD für die Verifizierung gewählt. Das Stoppen der Ionen mit Energien von bis zu 500 AMeV wird von allen drei Codes gut beschrieben. Gemäß den durchgeführten Experimenten und Simulationen wird die Gesamtzahl der erkannten Nuklide im gesamten Targetvolumen von FLUKA mit durchschnittlich ~ 5% Abweichung, durch MARS mit einer ~ 15%-igen Abweichung angegeben, und SHIELD unterscheidet sich um ca. 50% vom Experiment. Die erhaltenen experimentellen Ergebnisse erlauben nicht nur eine Bestätigung dieser Monte-Carlo-Transportcodes, sondern auch deren weitere Entwicklung. Andere Ziele waren, die Grenzen der Anwendbarkeit der Schwerionenstrahlverlust- Kriterien zu erforschen und herauszufinden, welches Material in Beschleunigeranwendungen bezüglich des Strahlenschutzes zu bevorzugen ist. Folgende Grenzen für erlaubte Strahlleistungsdepositionen entlang eines Beschleunigers wurden ermittelt: Fall A: Nach 100 Tagen Strahlzeit soll die Maschine nach einer Wartezeit von 4 Stunden zugänglich sein. Für 50 AMeV Uranstrahlen auf Eisen wurde ein Grenzwert von 200 W/m bestimmt. Bei Verdopplung der Strahlenergie auf 100 AMeV sinkt die zulässige Strahlverlustleistung auf 60 W/m in Eisen. Tauscht man das Eisentarget gegen ein Kupfertarget aus, so sind die entsperechenden Grenzwerte 120 W/m bzw. 80 W/m. Fall B: Nach 20 Jahren Strahlbetrieb soll die Maschine nach einer Wartezeit von wiederum 4 Stunden zugänglich sein. In diesem Fall sinken die erlaubten Strahlverlustleistugen auf 120 W/m bzw. 40 W/m in Eisen und auf 85 W/m bzw. 50 W/m in Kupfer. Die Aktivierung derjenigen Materialien, die am häufigsten in Beschleunigern verwendet werden, wurde mit FLUKA durchgeführt. Die Dosisleistungen im Abstand von 30 cm von der Targetfläche sind am höchsten für Ni, Nb und Mo, sodass der Anteil dieser Materialien in den Beschleunigerkomponenten minimiert werden muss. Die Dosisleistungen in der Nähe der Targets aus C, Al, Ti, Cr, Mn, Fe, Cu und Pb waren mindestens zweimal niedriger; deshalb können aus Sicht der Hands-On-Wartung diese Materialien eher verwendet werden. Bei langer Bestrahlung und langer Kühlzeit zeigten Al, Ti, Mn, Ni und Cu die höchsten Dosisleistungen. Dies sollte berücksichtigt werden, wenn lange Bestrahlungszeiten vorgesehen sind und ferner eine nachfolgende Lagerung der bestrahlten Materialien erforderlich ist.  With the increasing energies and intensities of heavy-ion accelerator facilities, the problem of an excessive activation of the accelerator components caused by beam losses becomes more and more important. Numerical experiments using Monte Carlo transport codes are performed in order to assess the levels of activation. The heavy-ion versions of the codes were released approximately a decade ago, therefore the verification is needed to be sure that they give reasonable results. Present work is focused on obtaining the experimental data on activation of the targets by heavy-ion beams. Several experiments were performed at GSI Helmholtzzentrum für Schwerionenforschung. The interaction of nitrogen, argon and uranium beams with aluminum targets, as well as interaction of nitrogen and argon beams with copper targets was studied. After the irradiation of the targets by different ion beams from the SIS18 synchrotron at GSI, the γ-spectroscopy analysis was done: the γ-spectra of the residual activity were measured, the radioactive nuclides were identified, their amount and depth distribution were detected. The obtained experimental results were compared with the results of the Monte Carlo simulations using FLUKA, MARS and SHIELD. The discrepancies and agreements between experiment and simulations are pointed out. The origin of discrepancies is discussed. Obtained results allow for a better verification of the Monte Carlo transport codes, and also provide information for their further development. The necessity of the activation studies for accelerator applications is discussed. The limits of applicability of the heavy-ion beam-loss criteria were studied using the FLUKA code. FLUKA-simulations were done to determine the most preferable from the radiation protection point of view materials for use in accelerator components.","2013","2025-06-13 13:27:28","2025-09-03 03:56:03","","","119","","","","","","","","","","Goethe-Universität Frankfurt am Main","","en","","Doctoral thesis (Dr. rer. nat.)","","","","","fulltext-url: https://publikationen.ub.uni-frankfurt.de/files/27848/thesis-Chetvertkova.pdf Citation Key: chetvertkova__2013__verification","","","","#degree/title/:dr.rer.nat.; #author/gender/:female; #degree/granted-by/:uni-frankfurt; #has-affiliation/:fair","","","","","","","","","","","","","","","","","","","","","","","","","","","","","","","","","","","","","","","","","","","","","","",""
"S2UYYABN","thesis","2016","Burkart, Florian","Expected Damage to Accelerator Equipment Due to the Impact of the Full LHC Beam","","","","","https://nbn-resolving.org/urn:nbn:de:hebis:30:3-420342","The Large Hadron Collider (LHC) is the biggest and most powerful particle accelerator in the world, designed to collide two proton beams with particle momentum of 7 TeV/c each. The stored energy of 362MJ in each beam is sufficient to melt 500 kg of copper or to evaporate about 300 litre of water. An accidental release of even a small fraction of the beam energy can cause severe damage to accelerator equipment. Reliable machine protection systems are necessary to safely operate the accelerator complex. To design a machine protection system, it is essential to know the damage potential of the stored beam and the consequences in case of a failure. One (catastrophic) failure would be, if the entire beam is lost in the aperture due to a problem with the beam dumping system. This thesis presents the simulation studies, results of a benchmarking experiment, and detailed target investigation, for this failure case. In the experiment, solid copper cylinders were irradiated with the 440GeV proton beam delivered by the Super Proton Synchrotron (SPS) at the High Radiation to Materials (HiRadMat) facility at CERN. The experiment confirmed the existence of the so-called hydrodynamic tunneling phenomenon for the first time. Detailed numerical simulations for particle-matter interaction with FLUKA, and with the two-dimensional hydrodynamic code, BIG2, were carried out. Excellent agreement was found between the experimental and the simulation results that validate predictions for the 7TeV beam of the LHC. The hydrodynamic tunneling effect is of considerable importance for the design of machine protection systems for accelerators with high stored beam energy. In addition, this thesis presents the first studies of the damage potential with beam parameters of the Future Circular Collider (FCC). To detect beam losses due to fast failures it is essential to have fast beam instrumentation. Diamond based particle detectors are able to detect beam losses within a nanosecond time scale. Specially designed diamond detectors were used in the experiment mentioned above. Their efficiency and response has been studied for the first time over 5 orders of bunch intensity with electrons at the Beam Test Facility (BTF) at INFN, Frascati, Italy. The results of these measurements are discussed in this thesis. Furthermore an overview of the applications of diamond based particle detectors in damage experiments and for LHC operation is presented.","2016","2025-06-13 13:27:28","2025-09-03 03:59:12","","","154","","","","","","","","","","Goethe-Universität Frankfurt am Main","","en","","Doctoral thesis (Dr. rer. nat.)","","","","","fulltext-url: https://publikationen.ub.uni-frankfurt.de/files/42034/Doktorarbeit_FBurkart.pdf Citation Key: burkart__2016__expected","","","","#author/gender/:male; #degree/title/:dr.rer.nat.; #is-about/facility/:cac/lhc; #degree/granted-by/:uni-frankfurt; #has-affiliation/:cern","","","","","","","","","","","","","","","","","","","","","","","","","","","","","","","","","","","","","","","","","","","","","","",""
"ETTZXCGY","thesis","2015","Brodhage, Robert","Entwicklung und Aufbau der ersten gekoppelten CH-Struktur für den neuen Protoneninjektor an der Facility for Antiproton and Ion Research","","","","","https://d-nb.info/1103831488","","2015","2025-06-13 13:27:28","2025-09-03 03:56:03","","","106","","","","","","","","","","Goethe-Universität Frankfurt am Main","","de","","Doctoral thesis (Dr. rer. nat.)","","","","","fulltext-url: none Citation Key: brodhage__2015__entwicklung","","","","#author/gender/:male; #degree/title/:dr.rer.nat.; #degree/granted-by/:uni-frankfurt; #is-about/facility/:fair; #has-affiliation/:fair","","","","","","","","","","","","","","","","","","","","","","","","","","","","","","","","","","","","","","","","","","","","","","",""
"R687ARTP","thesis","2016","Alzubaidi, Suha","Control System for the FRANZ Facility","","","","","https://ubffm.hds.hebis.de/Record/HEB371842166","","2016","2025-06-13 13:27:28","2025-06-13 13:27:28","","","149","","","","","","","","","","Goethe-Universität Frankfurt am Main","","en","","Doctoral thesis (Dr. rer. nat.)","","","","","fulltext-url: none Citation Key: alzubaidi__2016__control","","","","#degree/title/:dr.rer.nat.; #author/gender/:female; #degree/granted-by/:uni-frankfurt; #is-about/facility/:franz","","","","","","","","","","","","","","","","","","","","","","","","","","","","","","","","","","","","","","","","","","","","","","",""
"LAABXQI6","thesis","2016","Ackermann, Sven","Experimental and Numerical Investigations on Seeding Options for the Multi-Beam Line Free-Electron Laser Facility Flash","","","","","https://nbn-resolving.org/urn%3Anbn%3Ade%3Agbv%3A18-82961","","2016","2025-06-13 13:27:28","2025-09-03 03:56:33","","","","","","","","","","","","","Universität Hamburg","","en","","Doctoral thesis (Dr. rer. nat.)","","","","","fulltext-url: https://ediss.sub.uni-hamburg.de/bitstream/ediss/7032/1/Dissertation.pdf Citation Key: ackermann__2016__experimental","","","","#author/gender/:male; #degree/title/:dr.rer.nat.; #degree/granted-by/:uni-hamburg; #is-about/facility/:flash; #has-affiliation/:desy","","","","","","","","","","","","","","","","","","","","","","","","","","","","","","","","","","","","","","","","","","","","","","",""
"X6RFB6Q3","thesis","2018","Martin, Roman","Interaction Region Design for a 100 TeV Proton-Proton Collider","","","","","https://doi.org/10.18452/19416","Mit der Entdeckung des Higgs-Bosons hat ein Messprogramm begonnen, bei dem die Eigenschaften dieses neuen Teilchens mit der höchstmöglichen Präzision untersucht werden soll um die Gültigkeit des Standardmodells der Teilchenphysik zu prüfen und nach neuer Physik jenseits des Standardmodells zu suchen. Für dieses Ziel wird der Large Hadron Collider (LHC) und sein Upgrade, der High Luminosity-LHC bis etwa zum Jahr 2035 laufen und Daten produzieren. Um an der Spitze der Teilchenphysik zu bleiben, hat die “European Strategy Group for Particle Physics” empfohlen, ambitionierte Nachfolgeprojekte für die Zeit nach dem LHC zu entwickeln. Entsprechend dieser Empfehlung hat das CERN die “Future Circular Collider” (FCC) -Studie gestartet, die die Machbarkeit neuer Speicherringe für Teilchenkollisionen (Collider) untersucht. In dieser Arbeit wird die Entwicklung der Wechselwirkungszonen für FCC-hh, einem Proton-Proton-Speicherring mit einer Schwerpunktsenergie von 100 TeV und einem Umfang von 100 km, beschrieben. Die Wechselwirkungszone ist das Herzstück eines Colliders, da sie die erreichbare Luminosität bestimmt. Es ist daher entscheidend, schon früh im Entwicklungsprozess eine möglichst hohe Kollisionsrate anzustreben. Ausgehend von der optische Struktur der Wechselwirkungszonen des LHC und dem geplanten High Luminosity-LHC (HL-LHC) werden Strategien zur Skalierung hergeleitet um der höheren Strahlenergie gerecht zu werden. Bereits früh im Entwicklungsprozess wird die Strahlungsbelastung durch Teilchentrümmer vom Wechselwirkungspunkt als entscheidender Faktor für das Layout der Wechselwirkungszone identifiziert und eine allgemeine Design-Strategie, die den Schutz der supraleitenden Endfokussierungsmagnete mit einer hohen Luminosität verbindet, wird formuliert und implementiert. Aufgrund des deutlichen Spielraums in Bezug auf beta* wurde die resultierende Magnetstruktur zum Referenzdesign für das FCC-hh-Projekt.  The discovery of the Higgs boson is the start of a measurement program that aims to study the properties of this new particle with the highest possible precision in order to test the validity or the Standard Model of particle physics and to search for new physics beyond the Standard Model. For that purpose, the Large Hadron Collider (LHC) and its upgrade, the High Luminosity-LHC, will operate and produce data until 2035. Following the recommendations of the European Strategy Group for Particle Physics, CERN launched the Future Circular Collider (FCC) study to design large scale particle colliders for high energy physics research in the post-LHC era. This thesis presents the development of the interaction region for FCC-hh, a proton-proton collider operating at 100 TeV center-of-mass energy. The interaction region is the centerpiece of a collider as it determines the achievable luminosity. It is therefore crucial to aim for maximum production rates from the beginning of the design process. Starting from the lattices of LHC and its proposed upgrade, the High Luminosity LHC (HL-LHC), scaling strategies are derived to account for the increased beam rigidity. After identifying energy deposition from debris of the collision events as a driving factor for the layout, a general design strategy is drafted and implemented, unifying protection of the superconducting final focus magnets from radiation with a high luminosity performance. The resulting FCC-hh lattice has significant margins to the performance goals in terms of beta*. Protecting the final focus magnets from radiation with thick shielding limits the minimum beta* and therefore the luminosity. An alternative strategy to increase the magnet lifetime by distributing the radiation load more evenly is developed. A proof of principle of this method, the so-called Q1 split, is provided. In order to demonstrate the feasibility of the derived interaction region lattices, first dynamic aperture studies are conducted.","2018","2025-06-13 13:27:28","2025-09-03 03:59:51","","","","","","","","","","","","","Humboldt-Universität zu Berlin","","en","","Doctoral thesis (Dr. rer. nat.)","","","","","fulltext-url: https://edoc.hu-berlin.de/bitstreams/12dfa1d3-dce3-44c9-b399-370643fc5084/download Citation Key: martin__2018__interaction","","","","#author/gender/:male; #degree/title/:dr.rer.nat.; #is-about/facility/:fcc/fcc-ee; #degree/granted-by/:hu-berlin; #has-affiliation/:cern; #is-about/facility/:fcc/fcc-hh","","","","","","","","","","","","","","","","","","","","","","","","","","","","","","","","","","","","","","","","","","","","","","",""
"EZRTAZ6F","thesis","2021","Armborst, Felix","Transverse Resonance Island Buckets at BESSY II. A new bunch separation scheme","","","","","https://doi.org/10.18452/23851","Die steigende Nachfrage nach Synchrotronstrahlungsanlagen hat zu einem stetig wachsenden Angebot auf der ganzen Welt geführt. Die wissenschaftliche Nutzergemeinde der Speicherring-basierten Lichtquellen benötigt immer höhere Brightness und viele sind auch an speziellen Zeitstrukturen der Strahlung, wie kurzen Pulslängen und bestimmten Wiederholungsraten, interessiert. Dies hat zu einer kontinuierlichen Verbesserung bestehender und zum Bau vieler neuer Anlagen geführt. Das Helmholtz-Zentrum Berlin für Materialien und Energie GmbH (HZB) betreibt den Berlin Electron Storage Ring Society for SYnchrotron Radiation (BESSY) II, eine Lichtquelle dritter Generation. Der Betrieb der Speicherring basierten Lichtquelle BESSY II nahe der transversalen, optischen Resonanz dritter Ordnung mit Transverse Resonance Island Buckets (TRIBs) Optik ermöglicht die Speicherung von Strom auf einer zweiten, stabilen Umlaufbahn. Der zweite Orbit windet sich im transversalen x-x′-Phasenraum über drei Umläufe um den Kernorbit und hat somit etwa den dreifachen Arbeitspunkt des Kernstrahls. Der stabile Inselorbit bietet die Möglichkeit, die Elektronen für jeden der 400, von der 500 MHz BESSY II Radio Frequency (RF) Kavität definierten, Buckets, fast beliebig zwischen dem Kern und den drei zugehörigen TRIBs zu verteilen. Dies eröffnet neue Möglichkeiten der Bunchtrennung. Durch Bevölkerung eines Orbits mit wenigen Elektronenpaketen, kann dieser dediziert für zeitaufgelöste Experimente genutzt werden. Es erhalten alle Strahlrohre mit hinreichender Akzeptanz die Möglichkeit, zeitaufgelöste Experimente durchzuführen. Die Bunchtrennung wird durch Ausrichtung der Strahlrohre auf den gewünschten Orbit erreicht. Somit stellt dieser Betriebsmodus eine Möglichkeit dar, die Timing-Fähigkeiten der BESSY II-Anlage und Speicherringbasierter Lichtquellen im Allgemeinen weiter auszubauen.  The increasing demand for synchrotron radiation facilities has led to a continuously increasing offer around the world. The scientific user community of storage-ring-based light sources requires ever-higher brightness and many are also interested in special time structures of the radiation such as short pulse lengths and certain repetition rates. This has led to continuous upgrades of existing and the construction of many new machines around the world. The Helmholtz-Zentrum Berlin für Materialien und Energie GmbH (HZB) operates the third generation light source Berlin Electron Storage Ring Society for SYnchrotron Radiation (BESSY) II. Operation of the storage-ring-based light source BESSY II in proximity of the third-order, transverse, optical tune resonance with Transverse Resonance Island Buckets (TRIBs) optics enables storage of current on a second stable orbit winding around the core orbit in the transverse x-x′ -phase space. This second orbit closes after three revolutions, resulting in a tune approximately three times that of the core tune. The stable island orbit provides the possibility to populate each of the 400 Radio Frequency (RF) buckets, defined by the 500 MHz cavities at BESSY II not only on the core but also additionally or exclusively on one or all three of the corresponding transverse island buckets of the threefold island orbit. This provides unique bunch separation possibilities with the appropriate population of each orbit. The population of one orbit with single bunches enables dedicated utilisation of this orbit for timing experiments and gives all beamlines with sufficient acceptance access to time-resolved experiments. The bunch separation is realised by aligning each beamline with the desired orbit. Thus, this operation mode represents a possibility to enhance the timing capabilities at BESSY II and storage ring based light sources in general.","2021","2025-06-13 13:27:28","2025-09-03 03:57:03","","","","","","","","","","","","","Humboldt-Universität zu Berlin","","en","","Doctoral thesis (Dr. rer. nat.)","","","","","fulltext-url: https://edoc.hu-berlin.de/bitstreams/93ffa648-ee3a-416b-92e1-fc27494d2e7b/download Citation Key: armborst__2021__transverse","","","","#author/gender/:male; #degree/title/:dr.rer.nat.; #degree/granted-by/:hu-berlin; #is-about/facility/:bessy-2; #has-affiliation/:hzb","","","","","","","","","","","","","","","","","","","","","","","","","","","","","","","","","","","","","","","","","","","","","","",""
"EVH9B7V2","thesis","2016","Kuhn, Karsten","Entwicklung von Fertigungsverfahren für einen kryogenischen Undulator sowie deren Validierung durch magnetische Messungen an einem Prototypen","","","","","https://doi.org/10.14279/depositonce-5142","Kryogene In-Vakuum-Undulatoren (CPMUs) mit kurzen Perioden liefern, im Vergleich zu herkömmlichen Permanentmagnet-Undulatoren, höhere Photonenenergien. Freie-Elektronen-Laser oder Energy-Recovery-Linacs stellen geringere Anforderungen an die transversale Homogenität des Verlaufs der magnetischen Flussdichte. Aus diesem Grunde bietet sich der Einsatz einer weiterentwickelten Hybrid-Magnetstruktur zur Steigerung der magnetischen Flussdichte in diesen Single-Pass-Geräten an. Auf der Basis von in dieser Dissertation vorgestellten Rechnungen wurde eine solche Struktur realisiert. Dabei kamen in diesem Anwendungsfeld bisher nicht genutzte Technologien zum Einsatz. Insbesondere ein auf reaktiven Nanofolien basierendes Verfahren zum Fügen aufmagnetisierter, hochremanenter Seltenerdmagnete wurde im Rahmen dieser Arbeit entwickelt. Die anhand der Rechnungen erwartete Steigerung der magnetischen Flussdichte um ca. 15 Prozent konnte durch vergleichende Messungen an zwei Prototypen bestätigt werden. Um CPMUs unter Betriebsbedingungen bei ca. 20 K magnetisch zu charakterisieren, entwickelt das Helmholtz-Zentrum Berlin eine In-Vakuum-Hall-Sonden-Messbank. Aspekte des mechanischen Aufbaus und der Programme zur Regelung und Datenerfassung der Messbank sind Bestandteil der Dissertation. Die Regelung der Messbank ermöglicht ortsaufgelöste Messungen mit Genauigkeiten transversal und longitudinal kleiner als 5 µm bzw. 20 µrad. Die Auflösung und die Genauigkeit werden durch die optische Erfassung der Position der Hall-Sensoren und Korrektur durch Piezo-Aktoren in fünf Freiheitsgraden erreicht.  Short period Cryogenic Permanent Magnet Undulators (CPMUs) deliver higher photon energies than conventional permanent magnet undulators at a given electron energy. In single pass accelerators (FELs or ERLs) with their reduced requirements on transverse field homogeneity, the CPMU-performance (in terms of the ratio of magnetic flux density over period length) can be pushed even further. A detailed magnetic simulation and optimization for an improved hybrid magnetic structure was performed. A prototype with this new design was built utilizing a soldering technique with reactive nanofoils to join fully magnetized rare earth based magnets. This soldering technique was never used in this field before. The simulations of the prototype predict a 15 percent increase in magnetic flux density. This gain was confirmed by magnetic measurements of the prototype. To determine CPMUs magnetic properties at operating conditions at about 20 K, an in-vacuum Hallprobebench is currently under development at the Helmholtz-Zentrum Berlin. The hardware and software concepts of the motion control were elaborated within this dissertation. Sophisticated feedback loops guarantee a position accuracy of the Hall-probes of at least 5 μm and 20 μrad. The high accuracy in five degrees of freedom is enabled by five optical systems (3-axis laser interferometer, 2 PSDs) for determination of position and angles and five piezo actuators for correction.","2016","2025-06-13 13:27:28","2025-06-13 13:27:28","","","169","","","","","","","","","","Technische Universität Berlin","","de","","Doctoral thesis (Dr. rer. nat.)","","","","","fulltext-url: https://depositonce.tu-berlin.de/bitstreams/9900a3aa-e212-4fc4-b18d-65948e425cc2/download Citation Key: kuhn__2016__entwicklung","","","","#author/gender/:male; #degree/title/:dr.rer.nat.; #degree/granted-by/:tu-berlin","","","","","","","","","","","","","","","","","","","","","","","","","","","","","","","","","","","","","","","","","","","","","","",""
"ALN4EK7L","thesis","2014","Ignatenko, Alexandr","Development of Beam Halo Monitors for the European XFEL using radiation hard sensors and demonstration of the technology at FLASH","","","","","https://opus4.kobv.de/opus4-btu/frontdoor/index/index/year/2015/docId/3475","Der European X-Ray Free-Electron Laser (E-XFEL), dessen Aufbau zur Zeit in Hamburg stattfindet, soll als international organisierte LINAC basierte Strahlungsquelle für Nutzer betrieben werden. Die mittlere Leistung im Elektronenstrahl wird 600 kW betragen. Ein Strahl mit so hoher Leistung muss sicher durch den Beschleuniger gesteuert, und nach seiner Nutzung sicher am vorgesehenen Ort vernichtet werden. Die Führung des Strahls wird von verschiedenen Diagnoseinstrumenten unterstützt. Hierzu zählt ein Beam Halo Monitor, der Sensoren aus hochreinem Diamant- und Saphirkristallen nutzt. Diamantsensoren wurden speziell für den Nachweis ionisierender Strahlung von der Firma Element6 entwickelt und wurden bereits an anderen Beschleunigen verwendet. Saphiresenoren werden in dieser Arbeit zum ersten Mal von verschiedenen Herstellern getestet und verwendet. Das Konzept eines solchen Beam Halo Monitors wurde im Rahmen dieser Arbeit bereits beim Free-Electron Laser in Hamburg (FLASH) entwickelt und angewandt. Hier wurde ein Modul mit jeweils 4 Diamant- und 4 Saphirsensoren installiert, in Betrieb genommen und getestet. Seit nunmehr 4 Jahren ist es ohne Ausfall in Betrieb und hat in dieser Zeit signifikant zur Erhöhung der Effizienz von FLASH beigetragen. Vor dem Einbau bei FLASH wurden beide Sensortypen charakterisiert. Polykristaline CVD (pCVD) Diamantsensoren wurden in einem 10 MeV Elektronenstrahl mit bis zu 10 MGy und Saphirsensoren bis zu 5 MGy Dosis getestet. Die sogenannte Charge Collection Efficiency (CCE) fällt dabei in Abhängigkeit von der applizierten Dosis ab, bleibt aber immer noch ausreichend hoch, so dass die Sensoren für einen BHM verwendet werden können. Ferner wurde der Einfluss der Reinheit von Saphirsensoren auf die Charge Collection Efficiency untersucht. Die Konzentration Verunreinigungen wurde bei Auswahl der Sensoren verringert, und verschiedene Herstellungsverfahren wurden betrachtet. Im Resultat konnten Sensoren mit einer Charge Collection Efficiency von 5% bei einer Spannung von 500 V hergestellt werden. Das Konzept für den XFEL ist entwickelt und bereits in der Phase der Realisierung.  The European X-Ray Free-Electron Laser (E-XFEL), currently under construction in Hamburg, Germany, is intended to be an international linear accelerator (linac) based user facility. Its electron beam can carry maximal average power of 600 kW. A beam with such a high power needs to be carefully transmitted through the machine and safely dumped after utilization. This is supported by various diagnostics tools. A Beam Halo Monitor (BHM) based on synthetic diamond and sapphire sensors has been designed. Diamond sensors are developed by the company element6 for the detection of ionizing radiation and used previously elsewhere. Sapphire sensors are in this thesis applied for the first time. The BHM concept has been applied already at the Free-electron Laser in Hamburg (FLASH). A module with four diamond and four sapphire sensors was designed, installed inside the beam pipe, commissioned, calibrated and has been successfully operated for 4 years. The system contributed significantly to safe and efficient operation of FLASH. Both types of the sensors for the BHM were characterized. Measurements of radiation tolerance are done in a 10 MeV electron beam for polycrystalline CVD (pCVD) diamond sensors for the first time up to a dose of 10 MGy and for sapphire sensors up to 5 MGy. The charge collection efficiency (CCE) drops as a function of the absorbed dose, is however still sufficient for application as a BHM. To improve a main sensor characteristic, the charge collection efficiency, for sapphire sensors the impurity concentration was reduced and different growth techniques were compared. Finally, charge collection efficiency of about 5 % for a bias voltage of 500 V was reached. The BHM concept for the XFEL is designed and in the construction phase.…","2014","2025-06-13 13:27:28","2025-09-03 03:56:33","","","","","","","","","","","","","Brandenburgisch Technische Universität Cottbus-Senftenberg","","en","","Doctoral thesis (Dr. rer. nat.)","","","","","fulltext-url: https://opus4.kobv.de/opus4-btu/files/3475/Thesis_Ignatenko.pdf Citation Key: ignatenko__2014__development","","","","#author/gender/:male; #degree/title/:dr.rer.nat.; #is-about/facility/:flash; #is-about/facility/:eu-xfel; #is-about/accelerator-component/:beam-monitor/halo-monitor; #has-affiliation/:desy","","","","","","","","","","","","","","","","","","","","","","","","","","","","","","","","","","","","","","","","","","","","","","",""
"X4NKMQRJ","thesis","2021","Seidel, Sophie","Design, Aufbau und Inbetriebnahme eines Bestrahlungsplatzes mit aktiver dreidimensionaler Aufbereitung des Protonenstrahls","","","","","https://doi.org/10.18452/24138","Seit 1998 werden am Helmholtz-Zentrum Berlin für Materialien und Energie GmbH (HZB) in Kooperation mit der Charité-Universitätsmedizin Berlin Augentumore mit Protonen bestrahlt. Dazu beschleunigt ein Zyklotron, welches hauptsächlich für die Therapie genutzt wird, die Protonen auf eine Energie von 68MeV. Neben dem Therapieplatz existiert auch ein Experimentierplatz zu Forschungszwecken. Die Strahlaufbereitung erfolgt in beiden Anwendungsgebieten primär durch passives Aufstreuen des Strahls mit einer einzelnen Streufolie. Dies führt jedoch zu erheblichen Strahlverlusten, die die erreichbare Strahlintensität bzw. Dosisleistung im Feld limitieren. Ziel dieser Arbeit ist es, einen Bestrahlungsplatz mit aktiver, dreidimensionaler Strahlführung aufzubauen, um eine möglichst effiziente Strahlstromnutzung zu ermöglichen und flexibel auf Anforderungen an das Bestrahlungsfeld eingehen zu können. Zu diesem Zweck wurde ein Modell entwickelt, welches unter Berücksichtigung verschiedener Parameter der Messgeometrie, Strahlcharakteristik und Felderzeugung Strahlprofile berechnet. Dieses Modell wurde im Vergleich mit Monte-Carlo Simulationen und Messungen getestet und verifiziert. Anschließend konnten Untersuchungen zur Positionierung der verwendeten Komponenten durchgeführt sowie deren Einflüsse auf Penumbra, Homogenität und Transmission der Strahlfelder analysiert werden. Es zeigte sich, dass die hohen klinischen Anforderungen für die Anwendung in der Augentumortherapie am HZB erfüllt werden können, sofern stärkere Magnetspulen verwendet werden. Mit Hilfe des Modells wurden für einen optimierten Aufbau Strahlprofile berechnet und charakterisiert. Es konnte so gezeigt werden, dass unter diesen optimierten Bedingungen eine Anwendbarkeit des aktiven Systems in der Augentumortherapie möglich ist. Des Weiteren wurde im Verlauf dieser Arbeit ein statischer Modulator für den Bestrahlungsplatz am HZB entwickelt, mit Hilfe eines 3D-Druckers hergestellt und erfolgreich getestet.  Since 1998, ocular tumours have been irradiated with protons at the Helmholtz-Zentrum Berlin für Materialien und Energie GmbH (HZB) in cooperation with Charité-Universitätsmedizin Berlin. For this purpose a cyclotron is operated which accelerates protons to an energy of 68MeV and is mainly used for therapy purposes. In addition to the therapy station there is also an experimental station for research purposes. In both application areas, beam delivery is primarily achieved by passive scattering using a single scattering foil. However, this leads to considerable beam losses, which in turn limit the maximum beam intensity or dose rate in the irradiation field. The aim of this work is to construct an irradiation setup with active three-dimensional beam delivery in order to enable the most efficient possible use of beam current and to be able to respond flexibly to different irradiation field requirements. Therefore, a model was developed which calculates beam profiles taking into account various parameters of the measurement geometry, beam characteristics and field generation. This model was tested and verified in comparison with Monte Carlo simulations and measurements. Subsequently investigations into the positioning of the components used could be carried out and their influences on penumbra, homogeneity and transmission of the beam fields analysed. It was found that the high clinical requirements in terms of maximum penumbra and field homogeneity for the application in eye tumour therapy at HZB can be met if stronger magnetic coils were used. Model calculations were used to calculate and characterize different beam profiles for an optimized setup. It could be shown that under these optimized conditions an applicability of the active system in eye tumour therapy is possible. Furthermore, a static modulator for the irradiation site at HZB was developed in the course of this work, manufactured using a 3D printer and successfully tested.","2021","2025-06-13 13:27:28","2025-06-13 13:27:28","","","","","","","","","","","","","Humboldt-Universität zu Berlin","","de","","Doctoral thesis (Dr. rer. nat.)","","","","","fulltext-url: https://edoc.hu-berlin.de/bitstreams/840f8283-8ec5-42fd-8f71-3c0aaca7bac6/download Citation Key: seidel__2021__design","","","","#degree/title/:dr.rer.nat.; #author/gender/:female; #degree/granted-by/:hu-berlin","","","","","","","","","","","","","","","","","","","","","","","","","","","","","","","","","","","","","","","","","","","","","","",""
"8YUNWJPS","thesis","2022","Koopmans, Marten","Two-Dimensional Bunch-Resolved Optical Diagnostics at BESSY II","","","","","https://doi.org/10.18452/24232","BESSY II ist eine Strahlungsquelle der dritten Generation, die vom Helmholtz-Zentrum Berlin für Materialien und Energie GmbH für Experimente mit Synchrotronstrahlung betrieben wird. Mehrere Betriebsmodi werden am BESSY II Speicherring angeboten bzw. entwickelt, um die Anforderungen der vielfältigen Nutzergemeinde zu erfüllen. Dazu gehören nicht nur ein komplexes Füllmuster im Standardnutzerbetrieb, sondern auch spezielle Betriebsmodi mit kurzen Pulsen oder das sogenannte Transverse Resonant Island Buckets Separationsschema. Die Komplexität des Füllmusters erfordert eine pulsaufgelöste Strahldiagnose für die Inbetriebnahme und zur Sicherstellung der langfristigen Qualität des Beschleunigerbetriebs. Ferner werden für den Kurzpulsbetrieb Pulslängenmessungen mit ps Auflösung benötigt. Im Rahmen dieser Arbeit wird zu diesem Zweck eine neue Diagnoseplattform mit mehreren Strahlrohren aufgebaut. Jeweils ein Strahlrohr ist für transversale Strahlgrößenmessungen und für longitudinale Strahldiagnose vorgesehen. Beide Strahlrohre sind mit Messapperaturen für pulsaufgelöste Messungen ausgestattet. Hauptfokus dieser Arbeit liegen auf dem Design, der Installation und den Verbesserungen dieser Strahlrohre und den zugehörigen Meßgeräten in Kombination mit spezifischen Anwendungen in der Strahldiagnose an BESSY II. Im Allgemeinen erfordern Kopplungen zwischen Zeit- und Raumkoordinaten pulsselektive und korrelierte Detektionsmethoden mehrerer Parameter. Daher sind die longitudinale Diagnose sowie die Streak Kamera so optimiert worden, dass die direkte Abbildung des transversalen Strahlprofils möglich ist und sogar interferometrische Strahlgrößenmessungen durchführbar. Zusätzlich zur Zeitachse der Streak Kamera kann entweder die horizontale oder die vertikale Dimension des Strahls abgebildet werden und dadurch sind 2D-Messungen möglich. Mit dieser Methode wurden mehrere pulsaufgelöste 2D-Messungen durchgeführt und Analysemethoden entwickelt.  BESSY II is a third generation light source operated by the Helmholtz-Zentrum Berlin für Materialien und Energie GmbH for experiments with synchrotron radiation. Multiple operation modes are offered or are under development at the BESSY II storage ring to serve the needs of its diverse user community. This does not only include a complex fill pattern in standard operation, but also special operation modes featuring short pulses or the new transverse resonant island buckets separation scheme. The complexity of the fill pattern requires bunch-resolved diagnostics for commissioning and to ensure the long-term quality of accelerator operation. In addition, short pulse operation demands bunch length measurements with ps resolution. For this purpose a new diagnostics platform featuring multiple beamlines is set up. One beamline is dedicated for transverse beam size measurements and one for longitudinal diagnostics. Both beamlines are equipped with fast gated devices for bunch-resolved measurements. Design, installation and improvements of these beamlines and the measuring devices are the main focus of this work, together with specific BESSY II bunch diagnostics applications. In general, coupling between time- and space-coordinates do call for bunch-selective and correlated multi-parameter detection methods. Thus, the longitudinal diagnostics beamline and the streak camera have been made capable of direct transverse beam-profile imaging and even interferometric beam size measurements are feasible. Either the horizontal or vertical beam dimension can be imaged in addition to the time axis of the streak camera and 2D measurements are possible. Taking advantage of these capabilities, multiple bunch-resolved 2D measurements have been performed and analysis methods have been developed.","2022","2025-06-13 13:27:28","2025-09-03 03:56:59","","","","","","","","","","","","","Humboldt-Universität zu Berlin","","en","","Doctoral thesis (Dr. rer. nat.)","","","","","fulltext-url: https://edoc.hu-berlin.de/bitstreams/a9255389-708f-4b15-abad-329f0503797b/download Citation Key: koopmans__2022__twodimensional","","","","#author/gender/:male; #degree/title/:dr.rer.nat.; #degree/granted-by/:hu-berlin; #is-about/facility/:bessy-2; #has-affiliation/:hzb","","","","","","","","","","","","","","","","","","","","","","","","","","","","","","","","","","","","","","","","","","","","","","",""
"Y7UJDXLX","thesis","2022","Damminsek, Kantaphon","Magnetic characterization studies of a superconducting transverse gradient undulator for a compact LWFA-based free-electron laser","","","","","https://doi.org/10.5445/IR/1000153441","","2022","2025-06-13 13:27:28","2025-06-13 13:27:28","","","","","","","","","","","","","Karlsruher Institut für Technologie","","en","","Doctoral thesis (Dr. rer. nat.)","","","","","fulltext-url: https://publikationen.bibliothek.kit.edu/1000153441/149833381 Citation Key: damminsek__2022__magnetic","","","","#author/gender/:male; #degree/title/:dr.rer.nat.; #degree/granted-by/:kit; #is-about/topic/:beam-dynamics","","","","","","","","","","","","","","","","","","","","","","","","","","","","","","","","","","","","","","","","","","","","","","",""
"E8TR7B6P","thesis","2022","Schreiber, Patrick","Negative momentum compaction operation and its effect on the beam dynamics at the accelerator test facility KARA","","","","","https://doi.org/10.5445/IR/1000148354","","2022","2025-06-13 13:27:28","2025-06-13 13:27:28","","","","","","","","","","","","","Karlsruher Institut für Technologie","","en","","Doctoral thesis (Dr. rer. nat.)","","","","","fulltext-url: https://publikationen.bibliothek.kit.edu/1000148354/149011844 Citation Key: schreiber__2022__negative","","","","#author/gender/:male; #degree/title/:dr.rer.nat.; #degree/granted-by/:kit; #is-about/topic/:beam-dynamics; #is-about/facility/:kit-atp/kara","","","","","","","","","","","","","","","","","","","","","","","","","","","","","","","","","","","","","","","","","","","","","","",""
"8FK538PK","thesis","2022","Shabagin, Eugen","Development of a CMRC cooled 10 kA current lead for HTS applications","","","","","https://doi.org/10.5445/IR/1000144514","HTS-Anwendungen in elektrischen Netzwerken wie supraleitende Stromkabel und Stromschienen einerseits, sowie Motoren, Generatoren und Transformatoren hoher Leistung anderseits benötigen einige Kilowatt Kälteleistung bei Betriebstemperaturen von ca. 50-78 K. Ein Großteil der Kälteleistung, je nach Anwendung bis zu ca. 90 %, wird dabei zur Kühlung der Stromzuführung benötigt, die zwischen Umgebungstemperatur (300 K) und der kryogenen Arbeitstemperatur der Supraleiter betrieben werden. Zur Kühlung solcher Stromzuführungen sind kryogene Gemischkreisläufe (Cryogenic Mixed Refrigerant Cycle - CMRC) die optimale Lösung, da die Wärmeströme über den gesamten Temperaturbereich bei Temperaturdifferenzen von nur wenigen Kelvin abgeführt werden können. Die Anpassung der optimalen Temperaturniveaus erfolgt über die Zusammensetzung weitsiedender Kältemittelgemische, deren Komponenten entlang des Hauptwärmeübertragers auf der Hochdruckseite jeweils partiell kondensieren und auf der Niederdruckseite in Gegenstrom jeweils partiell verdampfen. Die Druckniveaus liegen in Bereichen, in denen kostengünstige Standardkomponenten aus der Kältetechnik verfügbar sind. Durch die hohe thermische Integration ist zu erwarten, dass die Gesamteffizienz von CMRCs in der Anwendung trotz deutlich niedriger Komplexität und Kosten durch den Verzicht auf kalte Expansionsmaschinen bzw. Kaskadenschaltungen im Bereich der Effizienz der Turbo-Brayton Prozesse liegt. Daraus ergibt sich ein hohes Potenzial, künftig eine neue Klasse geschlossener, effizienter, skalierbarer und kostengünstiger Kältemaschinen für HTS-Anwendungen zur Verfügung zu stellen. Die Wirtschaftlichkeit von HTS Anwendungen in der Energietechnik wird damit wesentlich verbessert. Das Ziel dieser Arbeit ist die Entwicklung einer 10 kA kryogenen Stromzuführung, welche mit einer kryogenen Gemischkälteanlage gekühlt wird (CMRC-CL). Um eine detaillierte Untersuchung des CL-Designs zu ermöglichen, wird ein bestehendes numerisches Wärmeübertragermodell modifiziert und in das im Rahmen dieser Arbeit entwickelte Berechnungsmodel für resistive Stromführungen implementiert. Vor der Implementierung wird eine Literaturrecherche zu den aktuellen Stromzuführungsdesigns und Kühlsystemen durchgeführt, welche numerisch untersucht und miteinander verglichen werden. Darauf aufbauend werden in dieser Arbeit eine klassische Rohr-in-Rohr und eine mikrostrukturierte CMRC Stromzuführung entwickelt und numerisch untersucht. Die erste entwickelte Stromzuführung besteht aus einem klassischen Rohr-in-Rohr-Wärmeübertrager, der um eine zylindrische Stromzuführung aus Kupfer gewickelt ist. Der zweite CMRC-CL Prototyp III besteht aus mehreren mikrostrukturierten Kupferblechen, die durch ein Diffusionsschweißverfahren miteinander verbunden sind. Der Protototyp III wurde im Rahmen dieser Arbeit numerisch untersucht, patentiert und am Institut für Mikroverfahrenstechnik (IMVT) hergestellt. Darüber hinaus wurden im CMRC-Prüfstand am Institut für Technische Thermodynamik und Kältetechnik (ITTK) experimentelle Untersuchungen am mikrostrukturiertem Wärmeübertrager aus Edelstahl (Prototyp II) durchgeführt und die Vorhersagequalitäten des modifizierten Wärmeübertragermodells wurde überprüft.  In Kapitel 2 werden fünf verschiedene Stromzuführungsarten, die den Stand der Technik wiedergeben, vorgestellt und numerisch untersucht. Die entsprechenden Wärmeströme am kalten Ende, die sogenannten CL-Formfaktoren, die optimalen Kältemittelmassenströme und die theoretische Leistungsaufnahme der Systeme sind in dem Kapitel zusammengefasst. Nach dem Wiedemann-Franz-Gesetz, das den Zusammenhang zwischen dem spezifischen elektrischen Widerstand und der Wärmeleitfähigkeit von Metallen beschreibt, kann jeder metallische Werkstoff als Stromleiter verwendet werden. Jedes Material führt zu einer anderen optimalen Geometrie der Stromzuführung und daher werden die thermophysikalischen Eigenschaften relevanter Materialien bewertet und miteinander verglichen. Die Untersuchung der Stromzuführung allein reicht nicht aus, um die Effizienz des gesamten Systems zu bewerten, daher werden verschiedene Kühlsysteme die den Stand-der-Technik wiedergeben in Kapitel 3 vorgestellt und diskutiert. Dabei wird der jeweilige Gesamtstromverbrauch inklusive der benötigten Kälteleistung des Kühlsystems und der elektrischen Verlustleistung der Stromleitung berechnet und diskutiert. Es wird eine detaillierte Analyse des Linde-Hampson-Kältekreislaufs, der den CMRCs zugrunde liegt, vorgestellt. Ein numerisches Modell zur Berechnung von CMRC-CLs wird in Kapitel 4 präsentiert und beinhaltet die numerischen Untersuchungen des klassischen und des mikrostrukturierten Designs. Um ein optimales Kältemittelgemisch zu identifizieren, werden mehrere Parameterstudien mit dem klassischen CMRC-CL Design durchgeführt. Es hat sich gezeigt, dass in der Auslegung des CMRC-CL ein Kältemittelgemisch mit einer höheren Zusammensetzung des Tiefsieders Methan eine geeignete Wahl ist. Die klassische CMRC-CL führt zu einer deutlichen Reduzierung des Wärmestromes am kalten Ende und des Gesamtstromverbrauchs im Vergleich zu anderen Kühlsystemen die in einem geschlossenen Kühlkreislauf arbeiten. Das klassische CMRC-CL Design in Kombination mit einem Kryokühler ergibt einen spezifischen thermischen Wärmestrom an der 80 K kalten Stufe von 14 W/kA bei einer Gesamtleistungsaufnahme von etwa 600 W/kA. Im Vergleich zu einer konventionellen, kontaktgekühlten Stromzuführung (CCCL), die von einem Kryokühler gekühlt wird, bedeutet dies eine 67 % Reduzierung der thermischen Last bei einer um 50 % reduzierten Gesamtleistungsaufnahme. Deutlich kleinere Werte werden nur bei einer optimierten, autarken gasgekühlten Stromzuführung (ss-VCCL) erreicht. Der Wärmestrom am kalten Ende beträgt hier etwa 9 W/kA bei einer Leistungsaufnahme von 280 W/kA, hat jedoch den Nachteil eines offenen Systems, das eine kontinuierliche Versorgung mit LN2 erfordert. Das klassische Wärmeübertragerdesign führt zu mehreren Skalierbarkeitsproblemen die in Kapitel 4.8 beschrieben sind. Die Anpassung dieses Designs an größere elektrische Ströme führt zu relativ großen geometrischen Abmessungen. Daher wurde im Rahmen dieser Arbeit ein neues mikrostrukturiertes CMRC-CL Design entwickelt, patentiert und ein Prototyp in IMVT hergestellt. Es besteht aus mehreren mikrostrukturierten Kupferblechen mit einer Dicke von 0.5 mm, die eine gewisse Anzahl von geätzten Kanälen für den Fluidstrom aufweisen. Die Gesamtanzahl der Platten hängt von der elektrischen Stromstärke und dem Kältemittelmassenstrom ab, welche für die Aufnahme der Joule`schen Wärme, Wärmestrahlung und Wärmestrom durch Wärmeleitung aus der Umgebung benötigt wird. Alle Bleche werden nach einem bestimmten Stapelmuster zusammengestapelt, dann von einer oberen und einer unteren Platte bedeckt und in einem Diffusionsschweißverfahren irreversibel verbunden. Das neue Design ermöglicht eine einfache Anpassung der Blechanzahl, der Anzahl der Kanäle pro Blech, der Stromzuführungslänge und des Kältemittelmassenstroms für einen gewünschten elektrischen Strom. Das entsprechende numerische Modell wurde entwickelt und Stromzuführungen für elektrische Ströme von 10 kA und 20 kA entworfen und numerisch untersucht. Eines der untersuchten CMRC-CL Designs C, ergibt einen Wärmeeintrag von 6.5 W/K bei einer Temperatur von 85 K. Im Vergleich zu einem CCCL, das in diesem Temperaturbereich arbeitet, ist dies eine 85 % Reduzierung des Wärmestroms am kalten Ende und damit die größte Reduzierung gegenüber den Lösungen aus dem Stand der Technik. Eine Erweiterung des CMRC-CL-Designs C um eine zusätzliche Kältemaschine (GM-AL60), damit am kalten Ende die verbleibende thermische Last absorbiert und die Temperatur weiter abgesenkt werden kann, führt zu einer Gesamtleistungsaufnahme von 490 W/kA und ist somit das effizienteste geschlossene Stromzuführungssystem. Es ist jedoch anzumerken, dass es realistisch ist, CMRC-CL Systeme zu entwickeln die keinen zusätzlichen Kryokühler benötigen und Temperaturen unterhalb von 85 K durch eine Anpassung des Kältemittelgemisches und/oder des Kältemittelkreislaufs möglich sind. Darüber hinaus ist die entwickelte und gefertigte mikrostrukturierte CMRC Stromzuführung ein solider und wichtiger Design-Meilenstein in der Entwicklung zukünftiger Stromzuführungen. Experimentelle Ergebnisse, die mit dem mikrostrukturierten Wärmeübertrager Prototyp II aus Edelstahl durchgeführt wurden, werden in Kapitel 5 vorgestellt und diskutiert. Die Betriebseigenschaften und die Leistung des Prototyps werden bewertet und die Messdaten mit den Ergebnissen des numerischen Modells verglichen. Die durchgeführten Experimente zeigten einen Temperaturabfall auf etwa 85 K mit Kältemittelgemisch auf Kohlenwasserstoffbasis. Das numerische Modell zeigte eine gute Übereinstimmung mit den gemessenen Temperaturdaten entlang des Wärmeübertragers bei Temperaturen über 170 K, jedoch liegt eine Abweichung der Temperaturgradienten bei niedrigeren Temperaturen vor und wird in dieser Arbeit untersucht. Versuche mit neonhaltigen Mischungen zeigten keine weitere Abkühlung des Systems, stattdessen erhöhte sich die Temperatur am kalten Ende aufgrund der durch die Beimischung von Neon geringer gewordenen spezifischen Kälteleistung. Um diesen Effekt zu überwinden, können weitere Versuche mit sogenannten LRS-Mischungen durchgeführt werden, die eine erheblich größere spezifische Kälteleistung aufweisen. Zusammenfassend belegen die numerischen und experimentellen Ergebnisse zu den mikrostrukturierten Wärmeübertragerdesign, dass es möglich ist ein CMRC-System zu entwickeln, das eine supraleitende Anwendung mindestens auf die Temperatur von flüssigem Stickstoff herunterkühlen kann, ohne dass zusätzliche Kryokühler benötigt werden. Darüber hinaus ermöglicht das neue mikrostrukturierte CMRC-CL Design eine einfache Anpassung seiner geometrischen und hydraulischen Parameter für einen vordefinierten elektrischen Strom und es wäre möglich, Stromzuführungen sogar für die großen elektrischen Ströme von Aluminiumwerken auszulegen, die typischerweise bei 200-500 kA arbeiten.  Many high temperature superconducting (HTS) applications like superconducting cables, power rails, generators, fault current limiter, accelerators and magnets may require several kilowatts of cooling power at an operating temperature range of 50-80 K. The major cooling demand, depending on the application up to 70-90 %, is necessary for the cooling of resistive current leads (CL) that supply electric energy from the ambience at 300K to the superconducting application at cryogenic temperatures. Therefore, a high thermal integration of the CL with the cooling system is required to provide an energy-efficient and a cost-efficient CL technology. The cryogenic mixed refrigerant cycles (CMRCs) are the optimal solution for the cooling of CLs, due to the possibility to generate cooling power at the required cryogenic temperatures by adjusting the composition of the mixture and cycle parameters to attain a high energy efficiency. The key in this technology is the direct implementation of the resistive current lead into the recuperative heat exchanger of the Linde-Hampson cycle, providing refrigeration power over the temperature range of the heat exchanger. Hereby, a mixed refrigerant is partly condensing and evaporating inside the heat exchanger and absorbing the Joule heat at the temperature it is generated in the current lead. Hereby, the economic efficiency of HTS applications in the energy technology can be considerably improved. The aim of this work is the development of a 10 kA cryogenic mixed refrigerant cooled current lead (CMRC-CL). In order to enable a detailed investigation of the CL design, an existing numerical heat exchanger model is modified and implemented in the resistive current lead model that is developed in the frame of this work. Prior to that implementation, a literature review on the state-of-the-art CL solutions and cooling systems are conducted, numerically investigated and compared with each other. Based on this, a classical multi-tubes-in-tube CMRC-CL and a micro-structured CMRC-CL are developed and investigated numerically in this work. The first developed CMRC-CL design comprises a classical multi-tubes-in-tube heat exchanger which is wounded around a cylindrical CL made of copper. The second CMRC-CL prototype III is made of several micro-structured copper sheets that are connected together by a diffusion bonding process and is developed, patented and manufactured. Further, experimental investigation on the stainless steel micro-structured heat exchanger prototype II are conducted in the CMRC test stand at the Institute of Technical Thermodynamics and Refrigeration (ITTK) and the predictive qualities of the modified heat exchanger model are reviewed. In section 2 five state-of-the-art CL solutions and design approaches are introduced and numerically investigated. The corresponding thermal loads at the cold end, the CL shape factors, the optimal refrigerant mass flows and the theoretical power consumptions of the systems are summarized in the design overview. According to the Wiedemann-Franz-Law, which describes the relation between the specific electrical resistance and thermal conductivity of metals, any metallic material can be used as a current lead. Each material leads to a different optimal geometry of the CL and therefore, the thermophysical properties of relevant resistive CL materials are evaluated and compared with each other. The investigation of the CL types alone is not sufficient to evaluate the efficiency of the whole CL system and therefore, the state-of-the-art cooling systems for CLs are presented and discussed in section 3. Hereby, the total power consumptions P, including the required refrigeration power of the cooling system and the electric power losses of the respective current lead type, are calculated and discussed. A detailed analysis on the Linde-Hampson refrigeration cycle, which is the basis of CMRCs is presented.A numerical model for the calculation of CMRC-CLs is presented in section 4 which comprises the numerical investigations on the classical and the micro-structured CMRC-CLs. In order to identify an optimal refrigerant mixture, several parametric studies are performed with the classical CMRC-CL design. It was found that a refrigerant mixture with a larger composition of the low boiler methane, is an appropriate choice in the current design. In general, the classical CMRC-CL shows a significant reduction of the thermal load at the cold end and of the overall power consumption, compared to other state-of-the-art closed cycle cooling systems. The classical CMRC-CL designs in combination with a cryocooler at the cold stage, yields a specific thermal load at the 80K cold stage of 14 W/kA at an overall power consumption of about 600 W/kA. Compared to a conventional conduction cooled current lead (CCCL) that is cooled by one cryocooler, this is a 67 % reduction of the thermal load at a 50 % reduced overall power consumption. Considerable smaller values are archived only with an optimized self-sufficient vapour cooled current lead (ss-VCCL) with a thermal load of 9 W/kA at a power consumption of 280 W/kA, however, comes with the disadvantage of an open system that requires a continuous supply of LN2. The classical heat exchanger design leads to several scalability problems that are described in Section 4.8 and the adjustment of this design to larger electric currents is related to relative large CL lengths and diameters. Therefore, a new micro-structured CMRC-CL design is developed, patented and manufactured (in IMVT) in the frame of this work. It consists of several micro-structured copper sheets of 0:5mm thickness that comprise a certain amount of etched channels for the fluid flow. The total amount of the sheets depends on the electric current and the refrigerant mass flow that is needed to absorb a certain amount of Joule heating, thermal radiation and thermal load due to thermal conduction from the ambience. All sheets are stacked together by a specific stacking pattern, then covered by the top and bottom plates and irreversibly connected in a diffusion bonding process. The new design, allows a simple adjustment of the amount of sheets, the amount of channels per sheet, the CL length and the refrigerant mass flow for a desired electric current. The respective numerical model is developed and CLs for electric currents of 10 kA and 20 kA are designed and numerically investigated. One of the investigated CMRC-CL designs C, yields a thermal load of 6.5 W/kA at a temperature of 85 K. Compared to a CCCL that is working in this temperature range, this is an 85 % reduction of the thermal load and therefore, the largest reduction compared to the state-of-the-art solutions. To follow the concept of the CL comparison that is presented in this work, the CMRC-CL design C is extended by an additional cooling machines (GM-AL60) at the cold end to absorb the remaining thermal load. With a total power consumption of 490 W/kA, the micro-structured CMRC-CL system is the most efficient closed-cycle system. However, it is to denote that it is realistic to develop CMRC-CL systems that do not need an additional cryocooler and temperatures below 85K are possible by an adjustment of the refrigerant mixture and/or the refrigerant cycle. Further, the developed and manufactured micro-structured CMRC-CL is a solid and important design milestone in the development of future CL types.Experimental results that are obtained with the micro-structured heat exchanger prototype II, which is made of stainless steel, are discussed in section 5. The operating characteristics and the performance of this prototype are evaluated and the measurement data are compared with the results obtained from the numerical model. The conducted experiments showed a temperature decrease to about 85K with a hydrocarbon based refrigerant mixture. The numerical model showed a good agreement with the measured temperature data along the heat exchanger at temperatures above 170 K, however, a deviation of the temperature gradients is present at lower temperatures and is investigated in this work. Experiments with mixtures containing neon showed no further cool down of the system and the temperature at the cold end increased instead, because of the reduced specific cooling power of this mixture with neon. Further experiments with LRS mixtures, that have a considerable larger specific cooling power, may be performed to overcome this effect. In conclusion, the numerical and experimental results on the micro-structured heat exchanger designs provide evidence that it is possible to develop a CMRC system that can cool down a superconducting application at least to the temperature of liquid nitrogen without the need of additional cryocoolers as the last cold stage. Furthermore, the new micro-structured CMRC-CL design allows a simple adjustment of its geometric and hydraulic parameters for a predefined electric current and it may be possible to design CLs even for the large electric currents of aluminium plants that are typically operated at 200-500 kA.","2022","2025-06-13 13:27:28","2025-06-13 13:27:28","","","179","","","","","","","","","","Karlsruher Institut für Technologie","","en","","Doctoral thesis (Dr.-Ing.)","","","","","fulltext-url: https://publikationen.bibliothek.kit.edu/1000144514/148619284 Citation Key: shabagin__2022__development","","","","#author/gender/:male; #degree/title/:dr.-ing.; #degree/granted-by/:kit; #is-about/topic/:beam-dynamics","","","","","","","","","","","","","","","","","","","","","","","","","","","","","","","","","","","","","","","","","","","","","","",""
"W5YKA2LB","thesis","2022","Marek, Alexander","New Type of Sub-Thz Oscillator and Amplifier Systems Based on Helical-Type Gyro-Twts","","","","","https://doi.org/10.5445/IR/1000150852","@en: This work presents the development and systematic investigation of a new sub-THz source for the generation of trains of coherent high-power ultra-short pulses at 263 GHz via passive mode-locking of two coupled helical gyrotron traveling wave tubes (helical gyro-TWT). The frequency of 263 GHz is an established figure for continuous wave (CW) DNP-NMR application and, therefore, the investigated source will allow the development of novel spectroscopy methods such as time-domain DNP-NMR for which powerful sub-THz pulses with highest coherency are required.For the first time, it is shown that the operation of the passive mode-locked helical gyro-TWTs in the hard excitation regime is of particular importance to reach the optimal coherency of the generated pulses. To enable the operation in the hard excitation regime, a new extended passive mode-locked oscillator is proposed. The extended passive mode-locked oscillator will furthermore enable the generation of specific pulse sequences in addition to the generation of pulses with constant repetition frequency. This could be of particular interest for some time-domain DNP-NMR methods where well-defined pulse sequences are required.","2022","2025-06-13 13:27:28","2025-06-13 13:27:28","","","282","","","","","","","","","","Karlsruher Institut für Technologie","","en","","Doctoral thesis (Dr.-Ing.)","","","","","fulltext-url: https://publikationen.bibliothek.kit.edu/1000150852/149359711 Citation Key: marek__2022__new","","","","#author/gender/:male; #degree/title/:dr.-ing.; #degree/granted-by/:kit; #is-about/topic/:beam-dynamics","","","","","","","","","","","","","","","","","","","","","","","","","","","","","","","","","","","","","","","","","","","","","","",""
"2K734GSJ","thesis","2018","Zoller, Carolin","Experimental Investigation and Modelling of Incidents in Liquid Helium Cryostats","","","","","https://doi.org/10.5445/IR/1000082999","","2018","2025-06-13 13:27:28","2025-06-13 13:27:28","","","123","","","","","","","","","","Karlsruhe Institute of Technology","","en","","Doctoral thesis (Dr.-Ing.)","","","","","fulltext-url: https://publikationen.bibliothek.kit.edu/1000082999/13655758 Citation Key: zoller__2018__experimental","","","","#degree/title/:dr.-ing.; #author/gender/:female; #degree/granted-by/:kit; #is-about/topic/:beam-dynamics","","","","","","","","","","","","","","","","","","","","","","","","","","","","","","","","","","","","","","","","","","","","","","",""
"WBVLR7DW","thesis","2019","Kochenburger, Thomas","Kryogene Gemischkältekreisläufe für Hochtemperatursupraleiter-Anwendungen","","","","","https://www.dr.hut-verlag.de/978-3-8439-3987-4.html","Die Arbeit befasst sich mit der Entwicklung von Kühlprozessen für Hochtemperatursupraleiter (HTS) auf Basis kryogener Gemischkältekreisläufe (CMRCs). Diese ermöglichen eine effiziente, kostengünstige und zuverlässige Kühlung im geschlossenen Kreislauf bei nahezu unbegrenzter Skalierbarkeit. Die Kühltemperaturen von CMRCs müssen für die HTS-Kühlung deutlich abgesenkt werden, was bisher mit einem starken Effizienzeinbruch verbunden war. Zudem sollten aus Sicherheitsgründen unbrennbare Kältemittelgemische statt der üblicherweise verwendeten Stickstoff-Kohlenwasserstoffgemischen eingesetzt werden.  Hierfür wurde ein zweistufiger Gemischkältekaskadenprozess konzipiert, simuliert und teilweise experimentell umgesetzt. In der Prozesssimulation kam eine Peng-Robinson-Zustandsgleichung zum Einsatz, die für die Berechnung der Kältemittelgemische neu parametrisiert wurde. Fehlende Phasengleichgewichtsdaten für Systeme mit R1234yf wurden in eigenen Experimenten ermittelt. Die Gemischzusammensetzungen und Betriebsdrücke der Kältekreisläufe wurden durch Energieeffizienzoptimierung in der Simulation definiert. In einem neu aufgebauten Prüfstand konnte die 1. Stufe des Prozesses experimentell realisiert werden, wobei erste Ergebnisse gut mit den Simulationen übereinstimmen.","2019","2025-06-13 13:27:28","2025-06-13 13:27:28","","","","","","","","","","","","","Karlsruher Institut für Technologie","","de","","Doctoral thesis (Dr.-Ing.)","","","","","fulltext-url: none ISBN: 978-3-8439-3987-4             publisher: Verlag Dr. Hut Citation Key: kochenburger__2019__kryogene","","","","#author/gender/:male; #degree/title/:dr.-ing.; #degree/granted-by/:kit; #is-about/topic/:beam-dynamics","","","","","","","","","","","","","","","","","","","","","","","","","","","","","","","","","","","","","","","","","","","","","","",""
"Y2FJX9IW","thesis","2020","Janzen, Andreas","Entwicklung eines neuen Messverfahrens zur Durchflussmessung in der Kryotechnik","","","","","https://www.dr.hut-verlag.de/9783843946803.html","","2020","2025-06-13 13:27:28","2025-06-13 13:27:28","","","","","","","","","","","","","Karlsruher Institut für Technologie","","de","","Doctoral thesis (Dr.-Ing.)","","","","","fulltext-url: none ISBN: 978-3-8439-4680-3             publisher: Verlag Dr. Hut Citation Key: janzen__2020__entwicklung","","","","#author/gender/:male; #degree/title/:dr.-ing.; #degree/granted-by/:kit; #is-about/topic/:beam-dynamics","","","","","","","","","","","","","","","","","","","","","","","","","","","","","","","","","","","","","","","","","","","","","","",""
"Q7WKEGU9","thesis","2020","Gomse, Johannes David","Development of Heat Exchanger Technology for Cryogenic Mixed Refrigerant Cycles","","","","","https://publikationen.bibliothek.kit.edu/1000119417","","2020","2025-06-13 13:27:28","2025-06-13 13:27:28","","","155","","","","","","","","","","Karlsruher Institut für Technologie","","en","","Doctoral thesis (Dr.-Ing.)","","","","","fulltext-url: none Citation Key: gomse__2020__development","","","","#author/gender/:male; #degree/title/:dr.-ing.; #degree/granted-by/:kit; #is-about/topic/:beam-dynamics","","","","","","","","","","","","","","","","","","","","","","","","","","","","","","","","","","","","","","","","","","","","","","",""
"U8GRWPKA","thesis","2021","Weber, Christina","Dynamic modelling of incidents for the protection of helium cryostats against excessive pressure","","","","","https://doi.org/10.5445/IR/1000132285","","2021","2025-06-13 13:27:28","2025-06-13 13:27:28","","","144","","","","","","","","","","Karlsruher Institut für Technologie","","en","","Doctoral thesis (Dr.-Ing.)","","","","","fulltext-url: https://publikationen.bibliothek.kit.edu/1000132285/112992329 Citation Key: weber__2021__dynamic","","","","#degree/title/:dr.-ing.; #author/gender/:female; #degree/granted-by/:kit; #is-about/topic/:beam-dynamics","","","","","","","","","","","","","","","","","","","","","","","","","","","","","","","","","","","","","","","","","","","","","","",""
"YE42MF2R","thesis","2023","Hucka, Jan-Paul Alexander","Control System for the Next Generation In-flight Separator Super-FRS applied to New Isotope Search with the FRS.","","","","","https://doi.org/10.26083/tuprints-00023299","The construction of the upcoming FAIR facility entails an upgrade of the existing GSI accelerator facility. One of the upgrades is the integration of the new LSA control system framework, which is licensed and adapted from CERN, in order to provide a unified control environment for all accelerators, rings and transfer lines at both the GSI and FAIR facility. As part of this work, it was possible to incorporate the FRS as a machine-model within LSA by developing and implementing Parameter hierarchies and Makerules to enable streamlined and maximum parallel operations. For this purpose a FRS General Target Hierarchy was implemented to virtually map targets, target ladders, degraders, degrader disks, degrader ladders, detectors and detector ladders as realistically as possible with additional Makerules to facilitate automated online energy-loss calculations, secondary beam production within targets, operator driven magnetic rigidity overwriting and ion-optical target alignment calculations. Additionally slits, pneumatic drives and stepper motors were introduced into the machine-model, as well. Benchmarking proved for the machine-model and LSA to be equivalent to previous control systems by reproducing old experimental settings within an accuracy of 10^-4 and 10^-3 for the magnetic rigidity and current, respectively. Contemporary experiments can be even identically reproduced within the measurement and setting precision. Additional testing with a Ar-40 and U-238 primary beam showed the machine-model's capabilities in correctly transporting primary and secondary beam fragments to the destined experimental station without previous setting calculation via LISE++, proving all functionalities operative. This foundation was used during FAIR Phase-0 experiments at the GSI to produce and using the methods described here it was possible to preliminarily identify up to 21 new isotopes with a relativistic Pb-208 primary beam at 1050 AMeV impinging on a beryllium target of 4 g/cm^2 thickness with a niobium stripper backing of 225 mg/cm^2 thickness to first produce Re-200, -201, -202, W-198, -199, Ta-195, -196, -197, Hf-191, -192, -193, Lu-189, -190, -191, Yb-186, -187, Tm-182, -183, -184, -185 and Er-181.","2023","2025-06-13 13:27:28","2025-09-03 03:56:03","","","245","","","","","","","","","","Technische Universität Darmstadt","Darmstadt","en","","Doctoral thesis (Dr. rer. nat.)","","","","","fulltext-url:https://tuprints.ulb.tu-darmstadt.de/23299/5/Dissertation_Hucka_v1_published.pdf Citation Key: hucka__2023__control","","","","#author/gender/:male; #degree/title/:dr.rer.nat.; #degree/granted-by/:tu-darmstadt; #is-about/facility/:fair/super-frs; #has-affiliation/:fair","","","","","","","","","","","","","","","","","","","","","","","","","","","","","","","","","","","","","","","","","","","","","","",""
"5B2D3YVC","thesis","2017","Kurichiyanil, Neeraj","Design and construction of a test stand for photocathode research and experiments.","","","","","https://tuprints.ulb.tu-darmstadt.de/5903/","Within the scope of this thesis, a test stand Photo-CATCH for research on semiconductor photocathodes used at the spin-polarized electron injector of the superconducting Darmstadt electron linear accelerator S-DALINAC is constructed and brought into operation. Ultra-high vacuum conditions are achieved in all parts of the system. Atomic-hydrogen assisted low-temperature cleaning of cathodes in a chamber with base pressure better than 3 E-11 mbar is used for preparing clean cathode surfaces for negative electron affinity (NEA) activation. Using a standardised activation procedure, atomic-hydrogen cleaning of heavily contaminated bulk-GaAs samples is optimized to an upper limit of 10 kL hydrogen-dosage. Cleaning of samples has been performed with a dosage as low as 0.7 kL. Activation of photocathodes with Cs+O2 and Cs+Li+O2 have been studied in a dedicated vacuum chamber with base pressure better than 2 E-11 mbar. By using a 405 nm laser, quantum efficiencies above 25 % have been achieved from an NEA-GaAs photocathode. Oxygen-induced quantum-efficiency degradation of NEA cathodes has been investigated. A vacuum lifetime of (298+/-35) hours was observed in the activation chamber for a novel two-stage activation using Cs, O2 and Li. This system can provide photocathodes with high quantum efficiency and lifetime for polarized and unpolarized beam production at the 60 keV electron beamline of Photo-CATCH. Additionally, atomic-hydrogen cleaned cathode samples can be transported to the photoelectron source at S-DALINAC using a transport-vessel conceptualized in this work.","2017","2025-06-13 13:27:28","2025-06-13 13:27:28","","","","","","","","","","","","","Technische Universität Darmstadt","","en","","Doctoral thesis (Dr. rer. nat.)","","","","","fulltext-url: https://tuprints.ulb.tu-darmstadt.de/5903/8/Dissertation_print2.pdf Citation Key: kurichiyanil__2017__design","","","","#author/gender/:male; #degree/title/:dr.rer.nat.; #degree/granted-by/:tu-darmstadt","","","","","","","","","","","","","","","","","","","","","","","","","","","","","","","","","","","","","","","","","","","","","","",""
"3LM5Y4JR","thesis","2017","Bitterling, Oliver","Development of Radiation-Tolerant Components for the Quench Detection System at the CERN Large Hadron Collider","","","","","https://doi.org/10.26083/tuprints-00017594","This works describes the results of a three year project to improve the radiation tolerance of the Quench Protection System of the CERN Large Hadron Collider. Radiation-induced premature beam aborts have been a limiting factor for accelerator availability in the recent years. Furthermore, the future upgrade of the Large Hadron Collider to its High Luminosity phase will further increase the radiation load and has higher requirements for the overall machine availability. Therefore equipment groups like the Quench protection groups have used the last years to redesign many of their systems to fulfill those requirements. In support of the development of radiation-tolerant systems, several proton beam irradiation campaigns were conducted to determine the inherent radiation tolerance of a selection of varied electronic components. Using components from this selection a new Quench Protection System for the 600 A corrector magnets was developed. The radiation tolerance of this system was further improved by developing a filter and error correction system for all discovered failure modes. Furthermore, compliance of the new system with the specification was shown by simulating the behavior of the system using data taken from the irradiation campaigns. The resulting system is operational since the beginning of 2016 and has in the first 9 months of operation not shown a single radiation-induced failure. Using results from simulations and irradiation campaigns the predicted failure cross section for the full new 600 A Quench Protection System is 4.358 ± 0.564 * 10^-10 cm2 which is one order of magnitude lower than the target set during the development of this system.","2017","2025-06-13 13:27:28","2025-09-03 03:59:40","","","129","","","","","","","","","","Technische Universität Darmstadt","","en","","Doctoral thesis (Dr. rer. nat.)","","","","","fulltext-url: https://tuprints.ulb.tu-darmstadt.de/6300/1/PhDThesis_V2.pdf Citation Key: bitterling__2017__development","","","","#author/gender/:male; #degree/title/:dr.rer.nat.; #is-about/facility/:cac/lhc; #degree/granted-by/:tu-darmstadt","","","","","","","","","","","","","","","","","","","","","","","","","","","","","","","","","","","","","","","","","","","","","","",""
"NCP2T5IH","thesis","2014","Milosic, Timo","Feasibility Study on Longitudinal Phase-Space Measurements at GSI UNILAC using Charged-Particle Detectors","","","","","https://tuprints.ulb.tu-darmstadt.de/4321/","Accelerator facilities require access to many beam parameters during operation. The field of beam instrumentation serves this crucial role in commissioning, setup and optimisation of the facility. An important information is contained in the phase-space distribution of the accelerated particles. In case of GSI (Helmholtzzentrum für Schwerionenforschung) those are ions from protons to uranium. If established methods to access certain beam parameters do not exist, new approaches have to emerge. This is the case for the presented measurement setup which has been designed and realised by Forck et al. to support commissioning of the GSI high-current injector. It is aiming at an experimental method to access the longitudinal phase-space distribution at low energies of 1.4 AMeV. Established methods for higher energies and based on the measurement of the electric field distribution are not feasible at non-relativistic velocities. The presented method is based on a time-of-flight (TOF) measurement between two particle detectors. A modification allows, alternatively, the direct measurement of the kinetic energy using a mono-crystalline (MC) diamond detector. Currently, besides others, the focus of the optimisation of the injector is put on the longitudinal phase-space distribution. It allows for a systematic optimisation of the matching into the accelerator cavities and, thus, an improved transmission as well as lower emittance values. The new accelerator facility FAIR (Facility for Antiproton and Ion Research), a large-scale upgrade at GSI, requires an improved beam quality at the existing injector. In this work the experimental setup is investigated for its feasibility to measure the longitudinal phase-space distribution. To this end, the phase and momentum of the single ions along the beam axis have to be determined with high precision. Finally, the longitudinal phase-space distribution is identified with the measured ensemble. The setup is presented in detail, introducing necessary concepts such as the phase space and emittance and is followed by a discussion of the data acquisition and data analysis. An important part of the latter is the introduction of a robust estimator for the covariance matrix of the measured distribution which is directly connected to the RMS emittance. However, the classical estimator is very sensitive to outliers in the measured data. The usual approach of subjective selection of cut regions is thereby avoided. The TOF setup has been tested with low and high current beams where a general sensitivity to the longitudinal phase-space distribution was confirmed. Furthermore, the gas pressure at the stripper section and the setup of the high-current slits, required for beam attenuation, have an impact on the measured distributions. Scattering of ions at the slits leads to a larger energy spread, larger bunch length and, consequently, emittance. Independent of the configuration, deviations from the expected values of the energy spread ∆E/⟨E⟩ ≈ 1 % and the Twiss parameter α ≈ 4 have been measured. The energy spreads were larger than the theory values by a factor of 1.5-1.6. However, a direct measurement of the bunch structure, while using sensible high-current slit settings, proved valuable. Low-current measurements with the MC diamond detector featured a gain loss of 5 % pulse height and 2 % pulse integral after irradiation with ≈ 3×10^4 argon ions. Although this effect is corrected in the data analysis, the energy spread is significantly larger than expected, like in the TOF measurements. Similarly, the values for α were below 0.5. Prominent trails in the measured distribution showed a broad energy spectrum and could be quantitatively attributed to interaction with the collimator apertures. As the measurements hint an insufficient energy resolution, this effect has been investigated in a Gaussian model space. The discrepancies between expected and measured values ∆E/⟨E⟩, α and emittance could be resolved by assuming a system response of 1.3 %. In the scope of this model space and knowledge of the TOF resolution an approximation to the real longitudinal phase-space parameter by back transformation of the covariance matrix was suggested. Furthermore, the Gaussian model space allowed to deduce an analytic formula for the required energy resolution. This showed a high dependency of the resolution on the Twiss parameter α which scales with 1/α. For instance, to target a precision of the emittance within 10 % requires a TOF resolution of better than 30 ps. This motivated a survey on the possible systematic contributions. The dominating contribution was found to be the inhomogeneity of the foils. The tantalum foil alone contributes an energy broadening of σE/⟨E⟩ ≈ 1 % and is of the same size of the expected energy spread of beam. Including all systematic sources quantitatively supports the considerations made in the Gaussian model space. While the experimental setup is not yet able to measure the full longitudinal phase-space distribution, it is capable of providing valuable information about the bunch structure. Several campaigns have been successfully supported with bunch-structure measurements.","2014-12-23","2025-06-13 13:27:28","2025-09-03 03:56:03","","","","","","","","","","","","","Technische Universität Darmstadt","Darmstadt","en","","Doctoral thesis (Dr. rer. nat.)","","","","","fulltext-url: https://tuprints.ulb.tu-darmstadt.de/4321/1/Milosic_PhD-Thesis_2013.pdf Citation Key: milosic__2014__feasibility","","","","#author/gender/:male; #degree/title/:dr.rer.nat.; #degree/granted-by/:tu-darmstadt; #is-about/facility/:fair/unilac; #has-affiliation/:fair","","","","","","","","","","","","","","","","","","","","","","","","","","","","","","","","","","","","","","","","","","","","","","",""
"XQUCFW6H","thesis","2016","Bruker, Max-Wilhelm","Untersuchung der Rückgewinnungseffizienz eines Kühlerelektronenstrahls in longitudinalem Magnetfeld","","","","","https://doi.org//20.500.12030/4579","Ein grundlegendes Problem von Hadronenspeicherringen ist die Erzeugung und Aufrechterhaltung eines Strahls mit niedrigem Phasenraumvolumen. Da dieses als Folge des Liouville'schen Theorems in einem geschlossenen Teilchenensemble nicht nachträglich durch konservative Kräfte verkleinert werden kann, kommen Strahlkühlungsverfahren zur Anwendung, die die o.g. Bedingungen umgehen. Der Begriff Kühlung ist hier als thermodynamisches Analogon zu verstehen, da die unerwünschte Geschwindigkeitsverteilung im Ruhesystem des Sollteilchens gleichbedeutend mit einer Temperatur ist. Ein etabliertes Verfahren ist die Elektronenkühlung, bei der dem Hadronenstrahl ein Elektronenplasma überlagert wird, das sich im Ruhesystem des Sollteilchens in Ruhe befindet und eine im Vergleich niedrige Temperatur hat. Durch Mehrfachstreuung findet ein Temperaturaustausch statt, wobei das Elektronenplasma kontinuierlich erneuert wird und daher kalt bleibt. Im Laborsystem ist das Elektronenplasma ein DC-Strahl, dessen kinetische Energie sich zu der des Hadronenstrahls verhält wie die Massen der Teilchen. Gleichzeitig wächst die Kühlkraft mit der Elektronendichte, sodass Strahlströme im Bereich von 1 A gewünscht sind. Bei Elektronenenergien von einigen MeV, wie sie in zukünftigen Anwendungen, z.B. im HESR, benötigt werden, ist der Betrieb nur mit Energierückgewinnung möglich, d.h. Quelle und Kollektor sind ungefähr auf demselben Potential und der Elektronenstrom fließt nicht durch die Hochspannungsquelle. Die elektrostatische Symmetrie eines solchen Aufbaus bewirkt, dass Sekundärelektronen, die an der Oberfläche des Kollektors erzeugt werden, sich in der entgegengesetzten Richtung durch das Strahlrohr bewegen und in dem als Entschleunigungsstrecke gedachten Abschnitt beschleunigt werden. Die Eigenschaften dieses unerwünschten Strahls sind schlecht definiert, weshalb er teilweise mit Begrenzungsflächen kollidiert. Die dadurch entstehende Strombelastung der Hochspannungsquelle, die entstehende Röntgenstrahlung und die Verschlechterung der Vakuumbedingungen sind unerwünscht, weshalb ein Interesse daran besteht, die Sekundärelektronen möglichst stark zu unterdrücken. Diese Arbeit beschreibt den Aufbau eines Experiments, das die detaillierte Untersuchung des Verhaltens des Sekundärelektronenstrahls erlaubt. Der erreichte Primärstrahlstrom beträgt 550 mA bei einer Kathodenspannung von -17 kV. Auf den Einsatz einer weiteren Beschleunigungsstrecke für hohe Energien wurde bewusst verzichtet, weil sich die entscheidenden Erkenntnisse über den Sekundärelektronenstrahl auch ohne diese zusätzliche Komplikation erhalten lassen. Dadurch steht ein kompaktes Gerät zur Verfügung, dessen Verhalten sich mit wenig Aufwand in Computersimulationen vorhersagen und erklären lässt. Durch Einsatz eines Wien-Filters analog zum COSY-Kühler wird eine vollständige Unterdrückung der Sekundärelektronen erreicht. Es zeigt sich aber, dass das Ableiten dieser Teilchen wiederum Sekundärelektronen mit neuer Energie- und Winkelverteilung erzeugt, die von den elektrischen und magnetischen Feldern beeinflusst werden. Dieser Prozess setzt sich überall, wo die Elektronen auftreffen, fort, was eine vollständige Unterdrückung eines Teilchenrückflusses erschwert. Eine Untersuchung der Verlustströme bei der vorhandenen Geometrie in Verbindung mit detaillierten Tracking-Simulationen erlaubt die Abschätzung der nach dem Wien-Filter verbleibenden Verluste in der Größenordnung von 1e-9 relativ zum Gesamtstrom, was im Vergleich mit anderen Störeinflüssen wie Restgasionisation vernachlässigbar ist. Hadron storage rings face the challenge of injecting and maintaining a low-emittance beam, i.e. one that occupies a small volume in phase space. As a consequence of Liouville's theorem, this volume cannot be compressed by conservative forces given a fixed ensemble of particles, which leads to the application of beam cooling methods that circumvent these conditions. The term cooling is a reference to thermodynamics in that the undesired velocity distribution in the rest frame of the nominal particle corresponds to a temperature. One of the established beam cooling methods is that of electron cooling, which uses an electron plasma superimposed on the hadron beam. In the rest frame of the nominal hadron, this plasma is at rest and at a comparatively low temperature. Multiple scattering gives rise to a temperature exchange wherein the electron plasma remains cold as it is continuously renewed. In the laboratory frame, the electron plasma is a d.c.~beam, the kinetic energy of which is related to that of the hadron beam in the same ratio as the masses of the particles. At the same time, beam currents of the order of 1 A are desired as the cooling force increases with electron density. At an electron energy of several MeV as required in future applications, e.g. in the HESR, this kind of beam can only be supplied using energy recovery, i.e. source and collector are at about the same potential and the beam current does not load the high voltage source. As a result of the electrostatic symmetry of such a system, secondary electrons emitted from the collector surface can move through the beam pipe in the opposite direction, which results in them being accelerated in the deceleration section. This undesired beam has ill-defined properties and partially collides with limiting apertures. As the resulting loading of the high voltage source, emission of x-rays, and deterioration of vacuum conditions interfere with the operational stability of the device, it is desirable to suppress the secondary electrons as strongly as possible. This document presents a set-up that permits a detailed analysis of the behaviour of the secondary electron beam under conditions similar to those in a real electron cooler. A primary beam current of 550 mA was attained at a cathode voltage of -17 kV. In contrast to a real cooler, an acceleration section between the cathode and the beam pipe was intentionally omitted because investigation of the secondary beam is possible without this additional complication. This results in a compact device, the behaviour of which can be predicted and explained by computer simulations without much effort. Using a Wien filter similar to that employed in the COSY cooler, the secondary electron beam from the collector is completely suppressed. However, collecting these particles in turn creates new secondaries with a new distribution of energy and angle, which then interact with the electric and magnetic fields. This process takes place at all points where electrons are collected, complicating a complete suppression of backflow. With the given geometry, analysis of the measured loss currents and detailed tracking simulations permit to estimate the real remaining losses after the Wien filter to be of the order of 1e-9 relative to the total current, rendering them negligible in comparison to other undesired effects such as residual gas ionisation.","2016","2025-06-13 13:27:28","2025-09-03 03:56:03","","","121","","","","","","","","","","Johannes Gutenberg-Universität Mainz","Mainz","de","","Doctoral thesis (Dr. rer. nat.)","","","","","fulltext-url: https://openscience.ub.uni-mainz.de/bitstream/20.500.12030/4579/1/100000835.pdf Citation Key: bruker__2016__untersuchung","","","","#author/gender/:male; #degree/title/:dr.rer.nat.; #is-about/accelerator-type/erl; #is-about/facility/:cosy; #degree/granted-by/:uni-mainz; #is-about/facility/:fair; #has-affiliation/:him; #has-affiliation/:fair","","","","","","","","","","","","","","","","","","","","","","","","","","","","","","","","","","","","","","","","","","","","","","",""
"UE9BUBHA","thesis","2022","Weih, Simon","Injector Optimization at the Superconducting Darmstadt Linear Electron Accelerator S-DALINAC","","","","","https://tuprints.ulb.tu-darmstadt.de/20632/","The former 5-cell capture cavity of the S-DALINAC injector was insufficiently adapted to the beam energies provided by the electron sources. This led to an inefficient energy gain and a deterioration of the beam quality in this acceleration structure. In order to optimize the performance of the injector, especially with regard to an accelerator operation in the energy-recovery mode, it was therefore necessary to replace the 5-cell cavity with a dedicated β-adapted capture structure. This project was implemented within the scope of this dissertation. A new β-reduced 6-cell structure was manufactured, tested and installed at the accelerator. Tuner frame components had to be adapted to the novel geometry and mechanical features of the cavity. To achieve an exchange of the cavities within a regular maintenance shutdown, full compatibility with the existing cryostat was prioritized during the design of the modified cryomodule components. In addition, a beam diagnostic setup was conceptualized, installed and commissioned upstream of the capture cavity. This setup was used to characterize momentum spreads of the beam along the normal-conducting injector section with a relative uncertainty of ±2 %. Furthermore, parameters of the beam entering the superconducting injector section, which have a significant influence on the achievable injector beam quality, could be optimized. After the cool-down of the installed capture cavity, full functionality of the upgraded cryomodule was shown. First beam parameter studies were conducted at the optimized injector. The results were benchmarked against the former injector setup. Besides a reduction of the momentum spread by a factor of around four, a substantially improved energy gain of up to 1.4 MeV was achieved in the new capture structure for an incident beam energy of 250 keV. Furthermore, a decreased bunch length was observed at the injector beam, which had already proven beneficial for the overall S-DALINAC performance during ERL experiments following the commissioning. The optimized injector is fully operational and is now available for further beam operation at the S-DALINAC.","2022","2025-06-13 13:27:28","2025-06-13 13:27:28","2023-11-03 07:39:34","","109","","","","","","","","","","Technische Universität Darmstadt","Darmstadt","en","","Doctoral thesis (Dr. rer. nat.)","","","","","fulltext-url: https://tuprints.ulb.tu-darmstadt.de/20632/1/Dissertation_Weih_genehmigt_v1.pdf DOI: 10.26083/tuprints-00020632 Citation Key: weih__2022__injector","","","","#author/gender/:male; #degree/title/:dr.rer.nat.; #degree/granted-by/:tu-darmstadt; #is-about/facility/:s-dalinac","","","","","","","","","","","","","","","","","","","","","","","","","","","","","","","","","","","","","","","","","","","","","","",""
"8F339853","thesis","2021","Boltz, Tobias","Micro-Bunching Control at Electron Storage Rings with Reinforcement Learning","","","","","https://doi.org/10.5445/IR/1000140271","","2021","2025-06-13 13:27:28","2025-06-13 13:27:28","","","152","","","","","","","","","","Karlsruhe Institute of Technology","Karlsruhe","en","","Doctoral thesis (Dr. rer. nat.)","","","","","fulltext-url: https://publikationen.bibliothek.kit.edu/1000140271/133990608 Citation Key: boltz__2021__microbunching","","","","#author/gender/:male; #degree/title/:dr.rer.nat.; #degree/granted-by/:kit; #is-about/topic/:beam-dynamics","","","","","","","","","","","","","","","","","","","","","","","","","","","","","","","","","","","","","","","","","","","","","","",""
"CYAADRJR","thesis","2023","Eggert, Tobias","Development of a Cryogenic DC Photoelectron Gun for GaAs Cathodes with Increased Charge Lifetime","","","","","https://doi.org/10.26083/tuprints-00023275","Electron beams can be generated by utilizing the internal photoelectric effect. In this matter, a special photocathode material is necessary for generating polarized electrons. Gallium arsenide (GaAs) proved to be the best choice. However, the production of polarized electrons requires a photo-emission close to the band gap, which in turn requires a negative-electron-affinity (NEA) coating consisting of caesium (Cs) and either oxygen or nitrogen trifluoride (NF3). This layer limits the possible operation time of the electron source as the layer deteriorates over time due to interactions with residual gas particles, with contamination through desorption and degradiation through ionized particles hitting the surface being the two main mechanisms. The latter is called ion back-bombardment (IBB) and is the main lifetime-limiting factor during high-current electron emission. Therefore, a reduction of IBB in order to increase operational lifetime and performance of electron sources is of great interest for many accelerator-based applications with polarized electrons. In this dissertation the design, assembly and first experimental results of a new kind of electron source is presented, which aims at reducing IBB by placing the cathode inside an almost closed cryogenic sub-volume. The inner walls of this volume are coated with activated charcoal making them act as a cryopump, reducing the local pressure significantly. The closed design limits the flux of particles from the outer, higher vacuum into the volume. Simulations of the hydrogen partial pressure, which contributes the most to IBB, shows a reduction of up to two magnitudes compared to conventional sources. As IBB intensity directly scales with the amount of residual gas molecules, a significant increase in lifetime can is anticipated. In addition, the cooling of the cathode itself compensates the heat load deposited by the laser beam, hence reducing heat-induced desorption of the NEA layer that would otherwise severely limit cathode lifetime for high-current applications. A pressure below 1 ⋅ 10^-11 mbar outside the sub-volume could be achieved after a four-week bake-out at 120 °C inside an aluminum vacuum chamber equipped with a 45 l/s ion-getter pump and four 430 l/s non-evaporable getter panels. Electrostatic field simulations for electrode voltages ranging from -5 kV to -30 kV have been conducted, showing a maximum field gradient of 11.1(1) MV/m at -30 kV. Experimentally, a stable voltage of -12 kV without and -14 kV with cooling of the electrode has be achieved. Simulations of the electron beam at potentials from -12 kV to -30 kV showed no beam loss for currents from 10 µA to 1 mA. The required cooling power was provided by a 1.1 W closed-cycle cryostat. A temperature of 21.3(1) K at the far end of the sub-volume has be reached allowing an effective pumping of hydrogen. A dedicated test stand was designed and setup at the Institut für Kernphysik of the Technische Universität Darmstadt to conduct measurements evaluating a potential lifetime enhancing effect. It does not feature a chamber to conduct the process of applying the NEA layer to the photocathode surface, also called photocathode activation, hence requiring the use of the existing test stand for Photo-Cathode Activation, Testing, and Cleaning using atomic Hydrogen (Photo-CATCH) for the cleaning and activation procedure. A measurement series demonstrated that a transport chamber, equipped with a NEG pump, is capable of retaining enough of the NEA layer, to allow a transfer of activated cathode from Photo-Catch to the new electron source. After transferring and storing for 20 h a quantum efficiency (QE) of up to 67 % using a re laser with 780 nm and 99 % with a blue 450 nm laser could be maintained. For a foreseen integration of the source into Photo-CATCH, simulations show that with minor modifications of the beamline an operation of both the cryogenic and the conventional source, already in place, is possible. A measurement demonstrating a life time enhancing effect could not be conducted, as the beam was lost at an unknown location in the system. Multiple approaches were conducted to identify the origin of the beam loss, offering room for further exploration.","2023","2025-06-13 13:27:28","2025-06-13 13:27:28","2023-11-03 07:53:14","","162","","","","","","","","","","Technische Universität Darmstadt","Darmstadt","en","Creative Commons Attribution Share Alike 4.0 International","Doctoral thesis (Dr. rer. nat.)","","","","","fulltext-url: https://tuprints.ulb.tu-darmstadt.de/23275/1/Dissertation_Tobias_Eggert.pdf Citation Key: eggert__2023__development","","","","#author/gender/:male; #degree/title/:dr.rer.nat.; #degree/granted-by/:tu-darmstadt","","","","","","","","","","","","","","","","","","","","","","","","","","","","","","","","","","","","","","","","","","","","","","",""
"JLGLHNQ7","thesis","2024","Dutine, Manuel","Entwicklung und test einer strahlpositionsmessung für den mehrfach rezirkulierenden ERL-betrieb des S-DALINAC","","","","","https://doi.org/10.26083/tuprints-00027838","Der S-DALINAC ist ein supraleitender rezirkulierender Elektronenbeschleuniger, der im cw-Betrieb bei einer Frequenz von 3 GHz arbeitet. Durch die Implementierung eines Weglängenanpassungssystems, das eine 360?-Phasenverschiebung ermöglicht, kann der Beschleuniger als Energy-Recovery-LINAC (ERL) betrieben werden. Der mehrfach rezirkulierende (multi-turn) ERL-Betrieb wurde im Jahr 2021 demonstriert. Beim Betrieb des Beschleunigers in diesem Modus gibt es zwei Strahlen in derselben Strahlführung, den einfach beschleunigten und den bereits einfach abgebremsten Strahl, mit einer longitudinalen Phasendifferenz von 180? und möglicherweise deutlich abweichenden Transversalpositionen. Eine Messung dieser Strahlpositionen muss zwangsweise nicht-destruktiv erfolgen, sonst kann der Betriebsmodus nicht aufrechterhalten werden. In dieser Arbeit wurden zwei Messsysteme entwickelt und konstruiert, die beide den notwendigen Anspruch der nicht-Destruktivität erfüllen und darüber hinaus bei Strahlströmen von 100 nA und weniger, wie sie beim Strahleinstellen genutzt werden, verwendet werden können. Als erste Messmethode wurde ein Hochfrequenz (HF)-Positionsmonitor mit einer Resonanzfrequenz von 6 GHz, die der doppelten Betriebsfrequenz des S-DALINAC entspricht, entworfen und dessen geometrische Kenngrößen durch Simulationen bestimmt. Der Monitor wurde so designt, dass er zwei Zellen besitzt, jeweils eine dedizierte Zelle für die Messung der horizontalen und vertikalen Strahlposition. Auf Basis der simulierten Geometrieparameter wurde der Monitor konstruiert und anschließend Frequenz und Kopplung abgestimmt. Im Rahmen einer Kommissionierungsmessung konnte erfolgreich eine Abhängigkeit der Signalstärke von der Vertikalposition des einfach abgebremsten Strahls gemessen werden. Weiterhin konnte eine Kalibrationsmessung mit dem einfach beschleunigten Strahl durchgeführt werden, wobei die Positionsgenauigkeit des Monitors abseits der Resonatormitte zu 30 𝜇m für die vertikale Position und 50 𝜇m für die horizontale Position bestimmt wurde. Als zweite Messmethode wurde ein Drahtscanner konstruiert, bei dem zwei Wolframdrähte mit jeweils einem Radius von 50 𝜇m durch den Strahl gefahren werden und die so verursachte Sekundärteilchenrate detektiert werden kann. Eine spezielle Datenaufnahme ermöglicht Datenraten von bis zu 420 Hz. Dadurch war es möglich eine auf dem Strahl liegende 50 Hz-Störung genauer zu untersuchen. Der Drahtscanner wurde erfolgreich dazu verwendet die Strahlpositionen beider Strahlen im multi-turn ERL-Betrieb zu messen. Dabei wurde eine Messgenauigkeit der Position von etwa 100 𝜇m erreicht. In der Gegenüberstellung beider Messmethoden zeigt sich, dass der HF-Monitor einen höheren Auslegungs-, Fertigungs- und Kalibrationsaufwand erfordert. Allerdings stellt er am S-DALINAC zurzeit die einzige Möglichkeit dar, die Strahlposition nicht-destruktiv und dauerhaft zu messen. Der Drahtscanner weist eine einfachere Handhabung auf und zeigt eine höhere Zeitauflösung, allerdings ist die Messdauer von bis zu 30 Sekunden zu lang, um ihn beim Einstellen des Strahls effizient verwenden zu können.","2024-08","2025-06-13 13:27:28","2025-06-13 13:27:28","","","87","","","","","","","","","","Technische Universität Darmstadt","","en","","Doctoral thesis (Dr. rer. nat.)","","","","","fulltext-url: https://tuprints.ulb.tu-darmstadt.de/27838/1/Dissertation_Dutine_Veröffentlichung.pdf Citation Key: dutine__2024__entwicklung","","","","#author/gender/:male; #degree/title/:dr.rer.nat.; #degree/granted-by/:tu-darmstadt; #is-about/facility/:s-dalinac","","","","","","","","","","","","","","","","","","","","","","","","","","","","","","","","","","","","","","","","","","","","","","",""
"A98VSZNR","thesis","2024","Papst, Oliver","Exploration of nuclear-structure effects on averaged decay quantities in the quasicontinuum","","","","","https://doi.org/10.26083/tuprints-00011437","In this work, the decay behavior of dipole strength of {$^9$}{$^6$}Mo and ?{$^5$}{$^0$}Nd after excitation with high-energy photons was investigated. For this purpose, multiple experiments at the {\ensuremath{\gamma}}? setup and clover array setup at the High-Intensity {\ensuremath{\gamma}}-ray Source (HI{\ensuremath{\gamma}}S) at Duke University and at the Darmstadt High-Intensity Photon Setup (DHIPS) of the superconducting Darmstadt electron linear accelerator (S-DALINAC) at Technische Universit{\""a}t Darmstadt were performed. For the ?{$^5$}{$^0$}Nd experiment at HI{\ensuremath{\gamma}}S, the laser-Compton backscattering photon beam was operated in a new high-resolution mode, with an energy resolution of {\ensuremath{\Delta}}E/E {$\approx$}â€¯2â€¯\%. The high energy resolution allowed, for the first time, the spectral separation of different decay components into the ground state band for a heavy deformed nucleus. Between 4â€¯MeV and 7â€¯MeV, an almost constant average branching ratio of 0.481(71) between the decay to the 2{$^+$}{$_1$} state and the ground state was observed. By introducing an internal fluctuation ratio s, the statistical distribution of partial transition widths was deduced. The observations are consistent with {\ensuremath{\chi}}?-distributed transition widths with degree of freedom {\ensuremath{\nu}}â€¯=â€¯1.82(10), and inconsistent with the Porter-Thomas distribution {\ensuremath{\nu}}â€¯=â€¯1. Additionally, in combination with the DHIPS experiment, properties of individual states and the photon-scattering cross section were determined. For the {$^9$}{$^6$}Mo experiment, utilizing {\ensuremath{\gamma}}{\ensuremath{\gamma}}-coincidence measurements in combination with a linearly polarized quasi-monochromatic photon beam, the photon strength functions (PSFs) were determined that are built on top of excited 2{$^+$} states, which were then combined into a single downward PSF. The general shape and slope of the determined PSF agree very well with experiments using complementary probes, however, it is much smoother and exhibits fewer fluctuations in comparison to the literature values. This deviation indicates a possible violation of the Brink-Axel hypothesis for the studied energy range.}","2024-07","2025-06-13 13:27:28","2025-06-13 13:27:28","","","","","","","","","","","","","Technische Universität Darmstadt","","en","","Doctoral thesis (Dr. rer. nat.)","","","","","fulltext-url: https://tuprints.ulb.tu-darmstadt.de/11437/1/2024_Oliver_Papst_Dissertation.pdf Citation Key: papst__2024__exploration","","","","#author/gender/:male; #degree/title/:dr.rer.nat.; #degree/granted-by/:tu-darmstadt; #is-about/facility/:s-dalinac","","","","","","","","","","","","","","","","","","","","","","","","","","","","","","","","","","","","","","","","","","","","","","",""
"TCR8M3CI","thesis","2023","Sahin, Elif","Lifetime measurement of the yrast 2⁺ state of ?⁹⁰W","","","","","https://doi.org/10.26083/tuprints-00024403","Over the past decades, studies of nuclear structure have led to numerous experiments aimed at understanding the properties of the nucleus. One of the main challenges of this field is the investigation of exotic nuclei, which are characterized by a large excess of neutrons or protons, and are located far from the stability line. To carry out this investigation, experimental techniques capable of producing and detecting these exotic nuclei are required. At the GSI Helmholtzzentrum für Schwerionenforschung in Germany, the DESPEC setup has been utilized to conduct important nuclear structure studies on exotic nuclei. This setup, in combination with the high-intensity primary beams available at GSI, has provided significant opportunities for the investigation of these exotic nuclei. In March 2021, an experiment was conducted at GSI where isotopes of interest were generated through the fragmentation of a primary ?⁰⁸Pb beam with an energy of 1 GeV/u directed at a ⁹Be target. The final products were then identified on an event-by-event basis in the FRS based on their proton number (Z) and mass-to-charge ratio (A/Q), and they were implanted in the DESPEC setup. To further investigate the nuclear structure of these exotic nuclei, measuring the lifetime of excited nuclear states was performed. The measurement was carried out using 36 ultra-fast LaBr₃(Ce) detectors from the FATIMA setup. This setup, through a fast-timing technique, enables the hard-to-reach short-lifetime values of those excited states. This work presents a new isomeric lifetime measurement for ?⁹⁰W. Additionally, we obtained the lifetime of the first 2⁺ state of ?⁹⁰W for the first time using the generalized centroid difference method. In view of the systematic behavior of the R₄₂ , B₂₂ , and B(E2) values, the known spectroscopic data on ?⁹⁰W matches the predictions for γ-softness. These experimental results have been compared to new theoretical calculations obtained within the interacting boson model (IBM-2). Both experimental and theoretical results agree that the known spectroscopic data on ?⁹⁰W matches the predictions for the most γ-soft, O(6)-like isotope in the tungsten isotopic chain, approaching the N=126 shell closure. Overall, our study provides new insights into the nuclear structure of exotic nuclei and highlights the importance of advanced experimental techniques in this field.","2023","2025-06-13 13:27:28","2025-06-13 13:27:28","","","147","","","","","","","","","","Technische Universität Darmstadt","","en","","Doctoral thesis (Dr. rer. nat.)","","","","","fulltext-url: https://tuprints.ulb.tu-darmstadt.de/24403/9/Dissertation_Sahin_v2.pdf Citation Key: sahin__2023__lifetime","","","","#author/gender/:male; #degree/title/:dr.rer.nat.; #degree/granted-by/:tu-darmstadt","","","","","","","","","","","","","","","","","","","","","","","","","","","","","","","","","","","","","","","","","","","","","","",""
"IDERA65E","thesis","2023","Steinhilber, Gerhart","The electron-gamma coincidence set-up at the S-DALINAC","","","","","https://doi.org/10.26083/tuprints-00022993","This work describes the development, construction and commissioning of a new setup for (e,e'γ)-coincidence measurements at the superconducting Darmstadt linear accelerator S-DALINAC. (e,e'γ) reactions are characterized by the pure electromagnetic interaction in the excitation and in the decay channels and thereby allow nuclear physics investigations with high precision. In contrast to inclusive electron scattering, this measurement method is directly sensitive to the interference of longitudinal and transverse form factors, which affects the angular distribution of the emitted photons. To establish the new (e,e?γ) setup, the existing large acceptance QCLAM electron spectrometer was combined with a new setup consisting of LaBr_3:Ce detectors. For the readout of the γ-ray detectors, a new data acquisition system was developed and combined with the existing QCLAM data acquisition system to form a coincidence data acquisition. A software package for data analysis was developed. In the first commissioning experiment on the 2_1^+ and 1_2^+ states of 12C, the functionality of the (e,e'γ)-setup could be demonstrated. Findings from this and from a second commissioning experiment on 96Ru, together with GEANT4 simulations, were used to optimize the setup with a particular focus on the reduction of background radiation in the γ-ray detectors. The full and optimized setup was used in a first production run on a 96Ru target to measure the γ-decay behavior below and above the neutron separation threshold. Isolated states were observed to decay via the 2_1^+ state of 96Ru. Above the neutron separation threshold, 96Ru decays by emission of a neutron to 95Ru. Depopulations of the low-lying states of 95Ru were observed.","2023","2025-06-13 13:27:28","2025-06-13 13:27:28","","","205","","","","","","","","","","Technische Universität Darmstadt","","en","","Doctoral thesis (Dr. rer. nat.)","","","","","fulltext-url: https://tuprints.ulb.tu-darmstadt.de/22993/1/GSteinhilber_Dissertation.pdf Citation Key: steinhilber__2023__electrongamma","","","","#author/gender/:male; #degree/title/:dr.rer.nat.; #degree/granted-by/:tu-darmstadt; #is-about/facility/:s-dalinac","","","","","","","","","","","","","","","","","","","","","","","","","","","","","","","","","","","","","","","","","","","","","","",""
"8AUREGN4","thesis","2022","Wolz, Tim","Controlled manipulation of atoms in rydberg quantum states for application in experiments with antihydrogen","","","","","https://doi.org/10.26083/tuprints-00020310","Antihydrogen atoms are synthesized via charge-exchange or three-body-recombination processes for stringent CPT symmetry and gravity tests on antimatter at CERN's Antiproton Decelerator. While the atoms are produced in a wide range of highly excited Rydberg states, experiments rely on ground state antihydrogen which are currently obtained only via spontaneous emission. Due to radiative lifetimes of the order of milliseconds, the decay toward ground state is slow. Magnetic neutral-atom traps allow to hold onto the initially formed antihydrogen. Here, ground state atoms are obtained via spontaneous decay along the trapping potential and spectroscopy measurements can be performed inside the trap. Typical traps capture maximum temperatures (for ground state atoms) of roughly 500mK. State-of-the-art formation temperatures, however, lie around 40K. Due to the large difference between formation and trappable temperature, currently best achieved trapping fractions of antihydrogen amount to only 0.01%. As an alternative, the formed anti-atoms can be extracted out of their formation region into a beam allowing for close to field-free measurements. At the given velocities, the Rydberg radiative decay toward ground state is too slow to establish a significant population of the ground state through spontaneous emission even within a few meter long beam path. In addition, an efficient beam formation would require antihydrogen in ground state close to the formation region. This work thus deals with the controlled manipulation of Rydberg atoms to stimulate their decay toward ground state. In order to address the initial distribution of Rydberg levels with deexcitation lasers, state-mixing can be achieved through pulsed electric fields that are added to the already present magnetic one in state-of-the-art formation traps. Another possibility lies in mixing the states with light in the THz and microwave frequency range. In both cases, visible lasers allow to very efficiently transfer the mixed population toward the ground state via intermediate strongly bound states that decay on a few nanosecond timescales. In a three-body-recombination reaction the capture of positrons into a bound state of antiprotons can be enhanced relying on stimulated radiative recombination. This approach can be combined with the developed techniques to deexcite bound levels. In trap experiments use-cases of deexcitation for cooling within a magnetic field gradient to enhance the trapping fraction of antihydrogen atoms exist. The second part of the thesis deals with the experimental implementation of the methods theoretically identified in part one. Deexcitation light sources are tested and a hydrogen Rydberg beamline for a proof-of-principle experiment is designed, built and commissioned. Different Rydberg beam production schemes are discussed and experimentally assessed. Rydberg state formation is observed within a microwave discharge plasma and a hydrogen 2s to Rydberg excitation laser is commissioned.","2022","2025-06-13 13:27:28","2025-06-13 13:27:28","","","147","","","","","","","","","","Technische Universität Darmstadt","","en","","Doctoral thesis (Dr. rer. nat.)","","","","","fulltext-url: https://tuprints.ulb.tu-darmstadt.de/20310/1/Dissertation_WOLZ_online.pdf Citation Key: wolz__2022__controlled","","","","#author/gender/:male; #degree/title/:dr.rer.nat.; #degree/granted-by/:tu-darmstadt","","","","","","","","","","","","","","","","","","","","","","","","","","","","","","","","","","","","","","","","","","","","","","",""
"R62U8T6Z","thesis","2021","Beck, Tobias","Novel decay properties of positive-parity low-spin states of deformed gadolinium and dysprosium nuclei","","","","","https://doi.org/10.26083/tuprints-00019255","Atomic nuclei are complex many-body quantum systems. Still, selected properties can often be modeled by macroscopic equilibrium shapes. Their evolution with nucleon number exhibits all signs of phase-transitional behavior. A prominent example for a transition between spherical and axially-symmetric deformed phases is the region of the nuclear chart in the vicinity of N = 90. It is characterized by a rapid onset of deformation with neutron number which is discernible from a multitude of observables such as isomer shifts, excitation energies, and transition strengths. Mixed-symmetry states ? states with nontrivial symmetry properties regarding their proton and neutron subsystems ? have proven their sensitivity to the underlying shell structure as well as shape evolution across quantum phase transitions. Especially the electromagnetic transitions between the 1+ scissors mode and the 0+2 state are strongly affected by the amount of nuclear deformation. In this work, the elusive E2 properties of mixed-symmetry states are established as novel signatures for phase- transitional behavior. This includes their extraction for the transitional nucleus 154Gd and the quadrupole deformed nuclei 162,164Dy using the method of nuclear resonance fluorescence at the High-Intensity γ-ray Source in Durham, NC, USA in connection with calculations in the proton-neutron version of the algebraic Interacting Boson Model. Precision values for the branching ratios between the scissors mode and the 2+1 state of 164Dy uncover significant deviations from the Alaga predictions for K = 1 states. From a two-state mixing calculation, the K- mixing matrix element along with first information on ?K = 0 M1 excitation strength is obtained. The latter is about two orders of magnitude smaller than usual collective ?K = 1 M1 strengths. This mixing is caused by the Coriolis interaction. It represents a first-order perturbation of a Hamiltonian which is diagonal in K. The associated mixing matrix element is twice as large as the one obtained from the second-order effect which admixes ground and γ bands.","2021","2025-06-13 13:27:28","2025-06-13 13:27:28","","","","","","","","","","","","","Technische Universität Darmstadt","","en","","Doctoral thesis (Dr. rer. nat.)","","","","","fulltext-url: https://tuprints.ulb.tu-darmstadt.de/19255/1/Beck_PhD_2021_online.pdf Citation Key: beck__2021__novel","","","","#author/gender/:male; #degree/title/:dr.rer.nat.; #degree/granted-by/:tu-darmstadt","","","","","","","","","","","","","","","","","","","","","","","","","","","","","","","","","","","","","","","","","","","","","","",""
"ZDPW5BBF","thesis","2021","Kern, Ralph","Isovector one-quadrupole-phonon excitations of heavy vibrational nuclei","","","","","https://doi.org/10.26083/tuprints-00018581","The investigation and identification of mixed-symmetry states stand in the focus of this work. They are formed from collective vibrations and rotations of valence neutrons and protons, where the two nucleon groups oscillate partly out-of-phase with respect to each other. In vibrational nuclei, the $2^+_\mathrm{1,ms}$ state is the lowest-lying mixed-symmetry level. For the $N=80$ isotones, the sub-shell closure at $Z=58$ highly effects the structure of the $2^+_\mathrm{1,ms}$ state. Up to $Z=56$, the isotones have isolated $2^+_\mathrm{1,ms}$ states, but for $^{138}$Ce ($Z=58$), it is strongly fragmented. This behaviour is explained by the valence-shell stabilization, which is lacking at the proton sub-shell closure $Z=58$. For addressing the question how the $2^+_\mathrm{1,ms}$ state behaves while going beyond the proton sub-shell closure, projectile Coulomb-excitation experiments were performed. They took place at HIE-ISOLDE at CERN using the $\gamma$-ray spectrometer Miniball with the radioactive ion beams of the $N=80$ isotones $^{140}$Nd and $^{142}$Sm. The enhanced $B(M1;2^+_3\to2^+_1)=0.26^{+0.11}_{-0.10}\,\mu_\mathrm{N}^2$ strength and the low upper limit $B(M1;2^+_4\to2^+_1)¡0.04\,\mu_\mathrm{N}^2$ of $^{140}$Nd showed the restoration of the valence-shell stabilization at $Z=60$. From the $M1$ strength distribution, the quality of the $F$ spin of $^{140}$Nd was determined by the $F$-spin mixing matrix element $V_\mathrm{F-mix}¡7^{+13}_{-7}\,\mathrm{keV}$. The reduced mixing matrix element supports the proposed restoration of the valence-shell stabilization. For $^{142}$Sm, the Coulomb-excitation analysis delivered an upper limit $B(M1;2^+_3\to2^+_1)¡0.14^{+0.37}_{-0.01}\,\mu_\mathrm{N}^2$, which is not in conflict with the conclusions from the $^{140}$Nd experiment. A complementary $\gamma$-$\gamma$ correlation measurement after $\beta^+$/$\epsilon$ decay to determine the indispensable $E2$/$M1$ multipole-mixing ratio $\delta$ of the $2^+_3\to2^+_1$ transition of $^{142}$Sm was designed for the Heavy Ion Laboratory in Warsaw and accepted. For the stable $^{202}$Hg, a projectile Coulomb-excitation experiment was conducted at the ATLAS facility at the ANL using the $\gamma$-ray spectrometer Gammasphere. Simultaneously, angular particle-$\gamma$ correlations were measured with the aim of deducing $\delta$. In $^{202}$Hg a pronounced $B(M1;2^+_7\to2^+_1)=0.18(8) \,\mu_\mathrm{N}^2$ with $\delta=0.06(4)$ was found, while an upper limit for the neighboring transition was obtained, $B(M1;2^+_8\to2^+_1)¡0.027 \,\mu_\mathrm{N}^2$. For the first time in the mass region $A\approx200$, the $F$-spin mixing quality was determined, for $^{202}$Hg and $^{204}$Hg, $V_\mathrm{F-mix}=9(2)^{+3}_{-3}\,\mathrm{keV}$ and $11(1)^{+4}_{-5}\,\mathrm{keV}$, respectively. Consequently, $F$ spin can be considered a sufficiently good approximate quantum number in the investigated nuclei of $N,Z=80$ near doubly-magic isotopes.","2021","2025-06-13 13:27:28","2025-06-13 13:27:28","","","195","","","","","","","","","","Technische Universität Darmstadt","","en","","Doctoral thesis (Dr. rer. nat.)","","","","","fulltext-url: https://tuprints.ulb.tu-darmstadt.de/18581/20/PhD-RK-TUDa_pub.pdf Citation Key: kern__2021__isovector","","","","#author/gender/:male; #degree/title/:dr.rer.nat.; #degree/granted-by/:tu-darmstadt","","","","","","","","","","","","","","","","","","","","","","","","","","","","","","","","","","","","","","","","","","","","","","",""
"9GJC9GS6","thesis","2020","Ries, Philipp","The low-lying photonresponse of the even-even chromium isotopes","","","","","https://doi.org/10.25534/tuprints-00011909","Most of this work is dedicated to the nuclear photoresponse of the stable even-even chromium isotopes. These nuclei are of great interest, due to their unique position at the lower end of the medium heavy nuclei and with regards to magic nucleon number. They were investigated with the nuclear resonance fluorescence method at the accelerator facilities of the Darmstadt super-conducting electron accelerator S-DALINAC and the high-intensity γ-ray source HIγS. Numerous excited states were observed, many of those for the first time. Spin and parity quantum numbers as well as transition strengths were determined for these states. This enables the photoresponse to be distinguished between electric and magnetic dipole strength distribution. Therefore, it is possible to analyze the behavior of known modes, such as the scissors mode, the spin-flip resonance and in particular the pygmy dipole resonance, across a shell closure. In order to do so, the interpretation of the obtained data is supported by calculations within the nuclear shell model and the relativistic mean-field model.","2020-07","2025-06-13 13:27:28","2025-06-13 13:27:28","","","","","","","","","","","","","Technische Universität Darmstadt","","en","","Doctoral thesis (Dr. rer. nat.)","","","","","fulltext-url: https://tuprints.ulb.tu-darmstadt.de/11909/13/Diss_PRies_publication.pdf Citation Key: ries__2020__lowlying","","","","#author/gender/:male; #degree/title/:dr.rer.nat.; #degree/granted-by/:tu-darmstadt","","","","","","","","","","","","","","","","","","","","","","","","","","","","","","","","","","","","","","","","","","","","","","",""
"R9AQMSB9","thesis","2020","Wiederhold, Johannes","γ-spectroscopic determination of mean lifetimes and magnetic moments of excited nuclear states","","","","","https://doi.org/10.25534/tuprints-00011446","The mean lifetime of an excited nuclear state is an important observable directly related to the transition probability. Information on the mean lifetimes of nuclear excited states can give insight into the evolution of the nuclear shape as a function of nucleon number. For this work, mean lifetimes of the rare-earth isotopes 174,176,178,180Hf and 152Gd have been measured. The mean lifetimes have been determined with the fast-timing technique, already introduced in the 1950s, but applicable to a wider range of excited nuclear states, due to rapid progress in the development of new scintillation detectors in the last two decades. Both experiments have been performed at the FN Tandem accelerator of the IFIN-HH with the ROSPHERE detector array. A possible new signature for the known quantum phase transition at N=90 has been established with the results from the 152Gd experiment and the correlation to other observables, such as the E0 transition strength, has been investigated. The evolution of collectivity and the rotational structure of the hafnium isotopes have been investigated and a maximum of the collectivity at N=100 has been identified. In total 13 mean lifetimes have been determined for the 174,176,178,180Hf isotopes. The nuclear magnetic dipole moment is an important indicator of the composition of the proton neutron wave function, and therefore the single particle properties of the nuclear state. The second part of this thesis presents the results from a g-factor measurement of the 2+1 state of 18O with the recently developed ECR-TDRIV technique. The method is in particular foreseen for the application to radioactive ion beams, but has to be tested with stable beams. The analysis procedure of the 18O experiment is outlined and the results for the g factor are compared to previous measurements and shell model calculations.","2020-02","2025-06-13 13:27:28","2025-06-13 13:27:28","","","","","","","","","","","","","Technische Universität Darmstadt","","en","","Doctoral thesis (Dr. rer. nat.)","","","","","fulltext-url: https://tuprints.ulb.tu-darmstadt.de/11446/1/dissertation_jwiederhold_14022020.pdf Citation Key: wiederhold__2020__gspectroscopic","","","","#author/gender/:male; #degree/title/:dr.rer.nat.; #degree/granted-by/:tu-darmstadt","","","","","","","","","","","","","","","","","","","","","","","","","","","","","","","","","","","","","","","","","","","","","","",""
"CJYX93HT","thesis","2020","Friman-Gayer, Udo","Probing nuclear structure relevant for neutrinoless double-beta decay with nuclear resonance fluorescence","","","","","https://doi.org/10.25534/tuprints-00011385","Neutrinoless double-beta (0νββ) decay is a hypothetical second-order process of the weak interaction, which, if observed, would reveal neutrinos as the first example of so-called Majorana particles which are their own antiparticles. Furthermore, since the decay rate for 0νββ decay is directly related to the effective mass of the electron neutrino, it would allow for a direct determination of the neutrino mass. However, an obstacle for the planning of future 0νββ-decay searches and for a quantitative extraction of the neutrino mass are currently the poorly constrained nuclear matrix elements which mediate the decay process. These matrix elements have the be supplied by nuclear theory, which is challenged with the phenomena of nuclear shape evolution and shape coexistence that prevail in regions of the nuclear chart where most 0νββ-decay candidates are located. A major problem is the lack of sensitive experimental data, which are required to fix the parameters of effective theories. Based on a previous successful study, the nuclear structure of the candidate pairs 82Se/82Kr and 150Nd/150Sm was investigated in this work using the method of nuclear resonance fluorescence. The observables of interest were the decay channels of a low-lying collective nuclear excitation, the scissors mode, which are expected to be highly sensitive to the location of the candidate pairs in the phase diagram of nuclear shapes. The scissors mode can be studied selectively and with a high degree of model indepedence with the chosen method. The experiments were performed at the High-Intensity Gamma-Ray Source which currently provides the most intense, linearly polarized, quasi-monochromatic photon beam at the energies of interest. Using the high sensitivity of the polarized beam, magnetic dipole excitations, which are the manifestations of the scissors mode in even-even nuclei, were identified and their decay behavior was characterized. A known drawback of experiments with monoenergetic photon beams, namely the lack of a photon-flux calibration, was solved in the present work without any additional instrumentation by calibrating the flux on the nonresonant scattering of photons on the targets. For this purpose, a detailed Monte-Carlo particle simulation application was developed. For all nuclei of interest, decay branches on the order of few percent could either be observed, or constrained to such small values. Two effective nuclear models, the shell model and the interacting boson model, which are also frequently used to predict 0νββ decay matrix elements, were used for a preliminary interpretation of the data. For the nucleus 82Se, the shell model gave a good description of the energies of excited 1+ states and the total observed strength. The good agreement allowed for an interpretation of the structure of the wave functions of the scissors mode candidates, which advised against a simple relation between the measured quantities and the shape coexistence in that nucleus. For the higher-mass isotopes, a careful parameter adjustment in the framework of the interacting boson model was able to reproduce the entire low-energy structure of 150Nd and, with minor exceptions also of 150Sm. The new parameter sets in this model were used together with our collaborator to update previous predictions of nuclear matrix elements for 0νββ decay. Note that the analysis of the data on the A=150 nuclei was done by Jörn Kleemann. This work presents only his main results.","2020-01","2025-06-13 13:27:28","2025-06-13 13:27:28","","","","","","","","","","","","","Technische Universität Darmstadt","","en","","Doctoral thesis (Dr. rer. nat.)","","","","","fulltext-url: https://tuprints.ulb.tu-darmstadt.de/11385/7/dissertation_ug.pdf Citation Key: friman-gayer__2020__probing","","","","#author/gender/:male; #degree/title/:dr.rer.nat.; #degree/granted-by/:tu-darmstadt","","","","","","","","","","","","","","","","","","","","","","","","","","","","","","","","","","","","","","","","","","","","","","",""
"HFG8DY97","thesis","2020","Berger, Marcel","Kernstrukturuntersuchungen bis zur teilchenseparationsschwelle mit der methode der kernresonanzfluoreszenz","","","","","https://doi.org/10.25534/tuprints-00012852","Die Lebensdauer eines Kernzustands ist eine essenzielle Messgröße der Kernstrukturphysik und mit der Übergangswahrscheinlichkeit verknüpft. Werden diese Größen systematisch in Abhängigkeit von der Protonen- und Neutronenzahl betrachtet, so können sie Aufschluss über das Verhalten der Kernstruktur geben. In dieser Arbeit werden zwei verschiedene Experimente diskutiert. Der Verlauf der Übergangswahrscheinlichkeit des ersten angeregten Zustands zum Grundzustand von Kernen mit gerader Anzahl an Neutronen entlang der Zinnisotopenkette ist nicht zu Gänze verstanden. Es liegen Diskrepanzen zwischen experimentellen Daten vor sowie unterschiedliche Vorhersagen theoretischer Modelle. Die Methode der Kernresonanzfluoreszenz bietet die Möglichkeit die Übergangswahrscheinlichkeit quasi modellunabhänig zu messen. Daher wird zum einen in dieser Arbeit das Zerfallsverhalten des ersten 2⁺-Zustands in ???Sn mit dieser Methode vermessen. Bei der Analyse wurden insbesondere systematische Effekte betrachtet. Es wurde die Übergangstärke des ersten angeregten Zustands von ???Sn zu B(E2; 0⁺ → 2⁺)= 0.214(11)e?b? bestimmt. Ebenfalls wurden Indizien für einen möglichen Unterschalenabschluss entlang der Zinnisotopenkette diskutiert. Atomkerne am Quantenformphasenübergang, bei dem die Kerngestalt von einer Sphäre zu einem axial deformierten Rotor übergeht, sind zum Verständnis der Kernstruktur wichtig. Hier ist oftmals der niedrigliegende Bereich der photonuklea- ren Antwort gut bekannt und verstanden. In dieser Arbeit wird daher zum anderen die photonukleare Antwort von einem Atomkern am Quantenformphasenübergang, ?⁵⁴Gd, erstmals von mittleren Energien bis zur Teilchenseparationsschwelle untersucht. Es konnten keine signifikanten Unterschiede von experimentellen Daten zum statistischen Modell beobachtet werden, wodurch eine Pygmy-Dipol-Resonanz in 154Gd nicht bestätigt werden kann. Eine genaue Kenntnis des Photonenflusses ist ein essenzieller Bestandteil der Analyse eines Kernresonanzfluoreszenzexperiments. Daher wurde weiterhin ein Aufbau zur Überwachung des Photonenflusses am Darmstadt High Intensity Photon Setup mittels des photoneninduzierten Aufbruchs von Deuterium entwickelt. In dieser Arbeit werden sowohl der Aufbau als auch erste experimentelle Befunde und Optimierungsmöglichkeiten diskutiert.","2020","2025-06-13 13:27:28","2025-06-13 13:27:28","","","","","","","","","","","","","Technische Universität Darmstadt","","en","","Doctoral thesis (Dr. rer. nat.)","","","","","fulltext-url: https://tuprints.ulb.tu-darmstadt.de/19255/1/Beck_PhD_2021_online.pdf Citation Key: berger__2020__kernstrukturuntersuchungen","","","","#author/gender/:male; #degree/title/:dr.rer.nat.; #degree/granted-by/:tu-darmstadt","","","","","","","","","","","","","","","","","","","","","","","","","","","","","","","","","","","","","","","","","","","","","","",""
"ASHIHVXL","thesis","2020","D'Alessio, Antonio","B(E2)-stärke des 2+1-zustandes von 12C aus (e,e?)-daten & neuplanung des vieldraht-driftkammer detektors am QCLAM-spektrometer","","","","","https://doi.org/10.25534/tuprints-00014222","Der erste Teil dieser Arbeit beschreibt die Untersuchung der Übergangsstärke des 2+1-Zustandes von 12C mit (e,e?)-Experimenten. Hierfür wurden Messungen am Lintott-Magnetspektrometer am S-DALINAC durchgeführt. Durch die Elektronenstrahlenergie von 42,5MeV und Streuwinkel von 69?, 81? und 93? konnten extrem niedrige Impulsüberträge von 0,252 fm^-1 bis 0,322 fm^-1 erreicht werden. Über Relativmessungen des Grundzustandes zum angeregten Zustand wurden Wechselwirkungsquerschnitte des 2+1 Zustandes von 12C bestimmt. Die daraus resultierenden Messdaten dienen als Grundlage einer Extrapolation des Formfaktors über ein analytisches Modell zum Impulsübertrag am Photonenpunkt q = 0,023fm^-1. Durch die neu gemessen Daten konnte die Ungenauigkeit des B(E2,2+1-¿GZ) von 5,5% auf 2,5% verringert werden, da insbesondere die Daten bei niedrigen Impulsüberträgen die Genauigkeit der Extrapolation bestimmen. Diese Präzision ermöglicht es, die Unsicherheiten des Quadrupolmoments des 2+1 -Zustandes von momentan 35% auf 23% zu reduzieren. Dies bietet neue Möglichkeiten zur Überprüfung von theoretischen ab inito-Methoden wie dem No Core Shell-Model. Im zweiten Teil dieser Arbeit wird die Neuplanung des Vieldraht- Driftkammer Detektors des QCLAM-Spektrometers vorgestellt. Der Augenmerk wurde bei der Neuplanung auf eine verbesserte Energieauflösung und Effizienz des Detektors gelegt. Hierfür wurde ein Gehäuse entworfen, indem die eigentlichen Drahtkammern liegen. Der neue Entwurf besteht aus zwei X-Ebenen und zwei U-Ebenen. Der Abstand der Signaldrähte in den X-Ebenen wurde von 3mm auf 2,5mm reduziert. In den U-Ebenen sind die Drähte um 28,32? zu den Drähten in den X-Ebenen verdreht, hierdurch ergibt sich ein Abstand der Drähte von 2,84mm. Der verringerte Abstand führt zu einer Verbesserung der Auflösung und zu einer Erhöhung der Effizienz insbesondere im Niederenergiebereich des Spektrums.","2020","2025-06-13 13:27:28","2025-06-13 13:27:28","","","","","","","","","","","","","Technische Universität Darmstadt","","en","","Doctoral thesis (Dr. rer. nat.)","","","","","fulltext-url: https://tuprints.ulb.tu-darmstadt.de/14222/1/Dissertation_DAlessio.pdf Citation Key: dalessio__2020__be2starke","","","","#author/gender/:male; #degree/title/:dr.rer.nat.; #degree/granted-by/:tu-darmstadt","","","","","","","","","","","","","","","","","","","","","","","","","","","","","","","","","","","","","","","","","","","","","","",""
"IGAFI7FJ","thesis","2020","Hilcker, Michaela","A superfluid liquid helium target for electron scattering experiments at the S-DALINAC","","","","","https://nbn-resolving.de/urn:nbn:de:tuda-tuprints-128111","The aim of this work was to develop a superfluid helium target for electron scattering experiments at the S-DALINAC. The target consists of a multistage helium cryostat including target cell and corresponding scattering chamber. It is initially filled with liquid helium at boiling temperature and then cooled down to 1.8 K via vapor pressure reduction. The infrastructure of the QCLAM spectrometer provides a set of basic conditions for the design. Difficulties in handling liquid helium provide further challenges. After the delivery of the required components, the cryostat had to be assembled and tested. The development of a suitable cooling procedure was a particularly critical point. The functionality of the cryostat was demonstrated in a following experiment. The assumed advantages of superfluid helium instead of liquid helium at boiling temperature as target material were confirmed. A commissioning experiment at the QCLAM spectrometer was performed. By evaluating the spectrum of elastically scattered electrons, the target thickness could be measured experimentally. It agrees with the geometric manufacturer's specifications. During the experiment, the focusing of the electron beam on the target was difficult. Therefore, simulations on a modified target cell geometry with an increased target area were performed.","2020","2025-06-13 13:27:28","2025-06-13 13:27:28","","","","","","","","","","","","","Technische Universität Darmstadt","","en","","Doctoral thesis (Dr. rer. nat.)","","","","","fulltext-url: https://tuprints.ulb.tu-darmstadt.de/12811/1/20200714%20-%20A%20superfluid%20liquid%20Helium%20Target%20for%20Electron%20Scattering%20Experiments%20at%20the%20S-DALINAC.pdf Citation Key: hilcker__2020__superfluid","","","","#degree/title/:dr.rer.nat.; #author/gender/:female; #degree/granted-by/:tu-darmstadt; #is-about/facility/:s-dalinac","","","","","","","","","","","","","","","","","","","","","","","","","","","","","","","","","","","","","","","","","","","","","","",""
"PL32NICW","thesis","2020","Klaus, Tobias","Elektrische dipol-polarisierbarkeit und spin-M1-stärke aus 90zr(p,p?)-daten unter 0?","","","","","https://doi.org/10.25534/tuprints-00012687","In der vorliegenden Arbeit wurden Impulshöhenspektren aus einem 90Zr(p,p?)-Streuexperiment in einem Energiebereich von (6-23)MeV analysiert, mit dem Ziel, die magnetische Dipolstärke und die elektrische Dipol-Polarisierbarkeit zu bestimmen. Letzteres konnte nur über den Photoabsorptionswirkungsquerschnitt ermittelt werden, aus dem noch weitere physikalische Größen wie die elektrische Dipolstärke und die Gamma-Stärkefunktion berechnet worden sind. Das Streuexperiment wurde 2010 am Research Center for Nuclear Physics in Osaka, Japan, mit einer Einschussenergie von Ep=295MeV durchgeführt. Die Impulshöhenspektren wurden in einen doppelt differentiellenWirkungsquerschnitt umgerechnet, um aus diesem die einzelnen Multipolbeiträge mittels einer Multipolentfaltung zu extrahieren. Im Rahmen der Multipolentfaltung konnte gezeigt werden, dass sich der Beitrag der effektiven Ladung in den Modellwinkelverteilungen des E1-Multipolanteils negativ auf deren Ergebnis auswirkt und Modellwinkelverteilungen ohne den Anteil der effektiven Ladung zu bevorzugen sind. Von den extrahierten Multipolanteilen wurden aus den beiden am stärksten auftretenden Multipolanteilen E1 und M1 physikalisch relevante Größen generiert. Für den M1-Multipolanteil sind die reduzierte Übergangsstärke B(M1) und ihre Gesamtstärke im Energiebereich von (6-14)MeV bestimmt und mit (gamma,gamma?)-Daten verglichen worden. Weiterhin konnten aus der B(M1)-Stärke und dem E1- Multipolanteil Photoabsorptionswirkungsquerschnitte gebildet werden, wobei letzteres mit Hilfe der Virtuelle-Photonen-Methode umgesetzt wurde. Beide Anteile am Photoabsorptionswirkungsquerschnitt konnten so untereinander und in ihrer Summe mit (gamma,x)-Daten verglichen werden. Über den E1-Anteil des Photoabsorptionswirkungsquerschnitts ergaben sich weitere physikalische Größen wie die reduzierte Übergangsstärke B(E1), die elektrische Dipol-Polarisierbarkeit und die Gamma-Stärkefunktion. Über die B(E1)-Stärke konnte die B(E1)-Gesamtstärke im Energiespektrum ermittelt werden. Weiterhin war es möglich, die Ergebnisse der B(E1)-Stärke mit einem vorangegangenen (p,p?)-Experiment und (gamma,gamma?)-Daten im Energiebereich der PDR zu vergleichen. Die elektrische Dipol-Polarisierbarkeit konnte mit Hilfe einer Quasiparticle-Random-Phase-Aproximation (QRPA)- Rechnung und einer angepassten Extrapolation im Energiebereich von ca. (6-50)MeV angegeben werden. Dieses Ergebnis wurde mit denen von Modellrechnungen verglichen, welche anhand von eingeschränkten Symmetrieenergieparametern die Dipol-Polarisierbarkeit verschiedener Kerne bestimmen soll. Des weiteren wurde ein Modelltest von modifizierten Lorenzkurven, die zur Beschreibung der Gamma- Stärkefunktionen beliebiger Kerne genutzt werden können, anhand des experimentell bestimmten E1-Anteils der Gamma-Stärkefunktion durchgeführt. Anhand der ermittelten Ergebnisse und zugänglich gemachten Relationen der dominierenden Multipolanteile wurde der Frage nachgegangen, ob das E1-M1-Verhältnis in einer früheren Arbeit abweichend bestimmt wurde.","2020","2025-06-13 13:27:28","2025-06-13 13:27:28","","","","","","","","","","","","","Technische Universität Darmstadt","","en","","Doctoral thesis (Dr. rer. nat.)","","","","","fulltext-url: https://tuprints.ulb.tu-darmstadt.de/12687/1/Dissertation_TobiasKlaus_Final_2020.pdf Citation Key: klaus__2020__elektrische","","","","#author/gender/:male; #degree/title/:dr.rer.nat.; #degree/granted-by/:tu-darmstadt","","","","","","","","","","","","","","","","","","","","","","","","","","","","","","","","","","","","","","","","","","","","","","",""
"QJBZ8SCN","thesis","2019","Koseoglou, Pavlos","Lifetime measurements in the neutron-rich 148Ce nuclide at the low-Z boundary of the N=90 shape-phase transition","","","","","https://nbn-resolving.de/urn:nbn:de:tuda-tuprints-85923","A quantum shape phase transition (QSPT) in atomic nuclei is characterized by a sudden change of the shape of the nucleus due to changes in the location of the nuclear potential minimum. A first-order QSPT exists in the transition from spherical shapes to the axially symmetric deformed shapes. There are models describing even-even nuclei in terms of their shape and their oscillations and rotations symmetries, such us the U(5) symmetry (for spherical shapes - vibrator) and SU(3) symmetry (for axially symmetric deformed shapes - rotor). Along the QSPT the spherical minimum, corresponding to a spherical shape, starts vanishing and the deformed one, corresponding to a deformed shape, appears. While the nuclear potentials of a vibrator and a symmetric rotor have one minimum, the potential of a nucleus near the critical point (CP) of the first-order QSPT between them presents the two competing minima. The X(5) model provides some signatures of the isotopes at the CP. A first-order QSPT is known in the even-even N=90 isotones with Z=60?66. With Z=58, 148Ce lies in the low-Z boundary of this transition from spherical to axially symmetric deformed shapes. This nucleus is studied in this work. Key observables revealing the nuclear shape, such as the energy ratio R4/2=E(4+1)/E(2+1) and the transition strength ratio B4/2=B(E2;4+1→2+1)/B(E2;2+1→0+1), are compared with the predictions from models describing nuclei along this transition and specially near the CP. The experimental analysis to obtain the lifetimes of the first 2+ and first 4+ states of 148Ce using fast-timing techniques is shown in this work. The data were taken within the EXILL&FATIMA campaign performed at the high-flux reactor of the Institut Laue-Langevin in Grenoble, where fission fragments of 235U and 241Pu were measured by a hybrid spectrometer, consisting of high-resolution germanium and fast-responding lanthanum bromide scintillator detectors. The measurement of the lifetime of the first 4 + state of 148 Ce allows the calculation of the B4/2 observable and contributes in the study of the shape of the nucleus. Beside the comparison with the models, the whole N ≈ 90 region is being investigated within the interacting boson model. The shape evolution of the cerium, the neodymium and the samarium chains is studied and shows the importance of the increasing axially asymmetry.","2019","2025-06-13 13:27:28","2025-06-13 13:27:28","","","","","","","","","","","","","Technische Universität Darmstadt","","en","","Doctoral thesis (Dr. rer. nat.)","","","","","fulltext-url: https://tuprints.ulb.tu-darmstadt.de/8592/15/Phd_thesis_Koseoglou.pdf Citation Key: koseoglou__2019__lifetime","","","","#author/gender/:male; #degree/title/:dr.rer.nat.; #degree/granted-by/:tu-darmstadt","","","","","","","","","","","","","","","","","","","","","","","","","","","","","","","","","","","","","","","","","","","","","","",""
"XRQRXTAE","thesis","2019","Napiralla, Philipp","Employing γ-ray tracking as an event-discrimination technique for γ-spectroscopy with AGATA","","","","","https://doi.org/10.25534/tuprints-00009673","This doctoral thesis focuses on the utilization of γ-ray tracking for the distinction between different scenarios, such as various possible incident γ-ray energies or different points of their origin. Such scenarios arose in an experimental benchmark test of the so-called Coulex-multipolarimetry, as well as in a first simulation-based approach to potential competitive double γ-decay experiments with the Advanced GAmma Tracking Array AGATA. The first benchmark of the Coulex-multipolarimetry was performed during the PreSPEC campaign at the GSI Helmholtzzentrum für Schwerionenforschung in 2014 to identify the potential πp3/2 → πp1/2 spin-flip transition in the neutron- rich 85Br via measurement of the E2/M1 multipole mixing ratio δ. The achieved performance of said first benchmark test is presented using standard methods of γ-spectroscopy as well as γ-ray tracking and derived methods. The competitive double γ decay, measured for the first time in 137Ba in 2015 via LaBr3(Ce) detectors, is a potential source for new information about nuclear structure. Since angular and energy correlations between the emitted γ rays are one of the main sources of said information, AGATA with its high angular and energy resolution appears to be predestined for this task. Due to its comparatively small time resolution capabilities, a successful distinction between single and double γ-decay events, however, has to fully rely on γ-ray tracking techniques. Whether such measurements of the double γ decay with AGATA are feasible is verified in this work based on simulations. Novel insights into γ-ray tracking which arose during the analysis resulted in the development of a novel γ-ray tracking algorithm, called ExpTrack , based on experimentally achieved Compton-scattering angles. This new approach is also presented in this work.","2019","2025-06-13 13:27:28","2025-06-13 13:27:28","","","","","","","","","","","","","Technische Universität Darmstadt","","en","","Doctoral thesis (Dr. rer. nat.)","","","","","fulltext-url: https://tuprints.ulb.tu-darmstadt.de/9673/1/Dissertation_Napiralla.pdf Citation Key: napiralla__2019__employing","","","","#author/gender/:male; #degree/title/:dr.rer.nat.; #degree/granted-by/:tu-darmstadt","","","","","","","","","","","","","","","","","","","","","","","","","","","","","","","","","","","","","","","","","","","","","","",""
"JRFWFURN","thesis","2019","Witt, Waldemar","Type-II shell evolution in 98zr","","","","","https://nbn-resolving.de/urn:nbn:de:tuda-tuprints-85367","The atomic nuclei in the Zirconium isotopic chain show a ground-state shape transition uniquely pronounced in the nuclear chart with respect to its abruptness. Between the (mostly) ground-state spherical 96Zr and the ground-state deformed 100Zr, 98Zr lies somewhere between the beginning and the ending of this narrow transition area. This work quantifies the sudden onset of quadrupole collectivity at the transitional nucleus 98Zr. As measure for quadrupole collectivity, the first-time determination of the B(E2;2+ -¿ 0+g.s.) transition strength value of 98Zr was performed: A Coulomb excitation experiment with a radioactive 98Zr ion beam at the Argonne National Laboratory (USA) yielded a decisively small upper limit for the transition strength of interest. Complementary, the respective lifetime of the 2+1 level was measured with the RDDS method employing a 96Zr(18O, 16O)98Zr two-neutron transfer reaction at IFIN-HH (Romania). The analysis of the two independent experiments is described and the results combined and discussed. The findings are compared to recent theory and confirm the predicted shape coexistence in 98Zr as effect of type-II shell evolution. Consequently, the nucleus 98Zr is placed at the brink of the examined structural change and identified as closest nucleus to the critical point of the underlying quantum phase transition.","2019","2025-06-13 13:27:28","2025-06-13 13:27:28","","","","","","","","","","","","","Technische Universität Darmstadt","","en","","Doctoral thesis (Dr. rer. nat.)","","","","","fulltext-url: none Citation Key: witt__2019__typeii","","","","#author/gender/:male; #degree/title/:dr.rer.nat.; #degree/granted-by/:tu-darmstadt","","","","","","","","","","","","","","","","","","","","","","","","","","","","","","","","","","","","","","","","","","","","","","",""
"AW7U6UDB","thesis","2018","Lizarazo, Cesar","Gamma-ray spectroscopy of 92,94Se isomeric decay","","","","","https://nbn-resolving.de/urn:nbn:de:tuda-tuprints-72660","The isomeric decay of 92,94Se has been studied by means of gamma-ray decay spectroscopy, in order to explore the nuclear structure of these very neutron-rich exotic nuclei far way from the ?stability line?. The experiment was conducted in March 2015 at the Radioactive Ion Beam Factory of the RIKEN Nishina Center (RIBF-RIKEN) located in Japan. A radioactive beam of exotic nuclei was delivered by the BigRIPS fragment separator, tuned to select the desired products of the in-flight fission of a 238U primary beam on a Be target. This secondary beam impinged on a liquid Hydrogen (LH2) target, producing Selenium nuclei via different nucleon knock-out reactions. The final products passed through the ZeroDegree mass spectrometer, where they were identified on an event-by-event basis by means of determination of the proton number (Z) and mass-to-charge ratio (A/Q), and were finally implanted into a stack of silicon layers of the AIDA detector system. The existence and subsequent decay of isomeric excited states of these nuclei was studied with the EURICA gamma-ray HPGe detector placed around the AIDA layers. New spectroscopic information has been obtained for both isotopes, leading to an extension of their level schemes. In particular, the isomeric state of 94 Se has been observed for the first time. The possible causes of isomerism in these nuclei have been discussed and compared with the results, and it has been found that the presence of oblate-deformed quasi-particle states play an important role in the description of the isomerism phenomenon. The level schemes obtained have been compared with the predictions of different state-of-the-art beyond mean-field calculations, which propose all a prolate-to-oblate shape transition with increasing neutron number taking place between N=56 and N=60 (90,92,94 Se). Based on the observed structure of the level schemes and the deformation character of the isomeric states, the idea of a shape transition into an oblate structure at N=60 is supported.","2018-02","2025-06-13 13:27:28","2025-06-13 13:27:28","","","","","","","","","","","","","Technische Universität Darmstadt","","en","","Doctoral thesis (Dr. rer. nat.)","","","","","fulltext-url: none Citation Key: lizarazo__2018__gammaray","","","","#author/gender/:male; #degree/title/:dr.rer.nat.; #degree/granted-by/:tu-darmstadt","","","","","","","","","","","","","","","","","","","","","","","","","","","","","","","","","","","","","","","","","","","","","","",""
"SNPVDXHW","thesis","2018","Lettmann, Marc","Spectroscopy of neutron-rich germanium and krypton isotopes - a quest of triaxiality","","","","","https://nbn-resolving.de/urn:nbn:de:tuda-tuprints-73821","This work covers the spectroscopic analysis of 84,86,88Ge and 94,96Kr isotopes populated by different reactions within the SEASTAR campaign 2015. The experimental setup and the data analysis are described in detail. This analysis includes necessary functionality checks and calibrations of the detectors along the beam line. In-flight γ-ray spectroscopy of 84,86,88Ge was performed after various knock-out reactions. γ-spectroscopy of neutron-rich 88Ge was performed for the first time. The Doppler-corrected γ-ray spectra are analyzed with simulated lineshapes of occurring transitions. In total 16 transitions are observed ten of which so far unknown. New level schemes for 86,88 Ge are proposed based on the observed transition intensities and systematics of neighboring Ge isotopes. The obtained level schemes are compared to state-of-the-art theoretical calculations. The assignment of a 3⁺ state of 86Ge agrees with new shell model and SCCM predictions. The agreement to the level orderings from the collective model by Davydov and co-workers points to an amount of rigid triaxiality in 86Ge. This is the first indication of rigid triaxiality in an unstable, neutron-rich nucleus. In addition, an analysis of reaction cross sections, as well as cross sections for the excitation of a particular state is performed. This data set represents one of the first results for this newly-accessible region of the nuclear chart. Furthermore, 84,86Ge and 94,96Kr are investigated after (p,p') reactions, which excite different states than the knock-out reactions. These states are candidates for octupole 3⁻ states, which are the first benchmark for the octupole degree of freedom in this exotic region. The obtained (p,p') cross sections of the 2⁺₁ states from 94,96Kr are compared to the transition strength known from literature based on the deformation length.","2018","2025-06-13 13:27:28","2025-06-13 13:27:28","","","","","","","","","","","","","Technische Universität Darmstadt","","en","","Doctoral thesis (Dr. rer. nat.)","","","","","fulltext-url: none Citation Key: lettmann__2018__spectroscopy","","","","#author/gender/:male; #degree/title/:dr.rer.nat.; #degree/granted-by/:tu-darmstadt","","","","","","","","","","","","","","","","","","","","","","","","","","","","","","","","","","","","","","","","","","","","","","",""
"8NZSJX2I","thesis","2018","Reese, Michael","Intermediate-energy coulomb excitation with the PreSPEC-AGATA setup","","","","","https://nbn-resolving.de/urn:nbn:de:tuda-tuprints-73279","This thesis is about the improvement of software tools and methods for analyzing high resolution γ-ray spectroscopy data of intermediate energy Coulomb excitation experiments at the PreSPEC-AGATA setup. In the past, pioneering experiments have been done in the RISING campaign at GSI. The PreSPEC-AGATA setup has been the next step in the evolution of this type of experiments, with better and more complex instrumentation, leading to higher sensitivity and resolution. This work is relevant for for the preparation of the even more demanding future HISPEC setup at the upcoming FAIR facility. HISPEC experiments will study low-lying excited states of nuclei far from stability, in order to test the validity of nuclear structure models in that area of the nuclear chart. More complex instrumentation results in more complex data analysis programs. In order to deal with the complexity involved in developing such software for the upcoming experiments, a more systematic approach to the development process is needed. Within this work, a software framework was developed to facilitate a systematic and clean software design. This might be helpful for upcoming NUSTAR experiments at FAIR, where a large number of independent detector systems have to be integrated into a big setup. The design of the framework is discussed in the second chapter of this thesis. One important reaction mechanism for the HISPEC experiments is Coulomb excitation at energies of around 150 MeV/u. Because of the purely electromagnetic nature of the interaction, Coulomb excitation is described well by theoretical models. In the third chapter of this thesis, a numerical simulation program for relativistic ion-ion collisions was developed that solves the coupled channel equations for electric Coulomb excitation. In the fourth chapter, the relevant detector systems of the PreSPEC setup are presented, and the calibration of them is discussed. A main aspect of the work was the development of improved ways to analyze data from these devices, and, if possible to provide semi-automatic implementations for their calibration. In the last chapter, the total efficiency of the PreSPEC-setup was determined for a typical Coulomb excitation experiment, and the possibility to measure projectile excitation cross-sections relative to a target excitation cross-section is demonstrated.","2018","2025-06-13 13:27:28","2025-09-03 03:56:03","","","","","","","","","","","","","Technische Universität Darmstadt","","en","","Doctoral thesis (Dr. rer. nat.)","","","","","fulltext-url: none Citation Key: reese__2018__intermediateenergy","","","","#author/gender/:male; #degree/title/:dr.rer.nat.; #degree/granted-by/:tu-darmstadt; #has-affiliation/:fair","","","","","","","","","","","","","","","","","","","","","","","","","","","","","","","","","","","","","","","","","","","","","","",""
"ZTYFCJS3","thesis","2017","Stegmann, Robert","One-quadrupole-phonon states of heavy vibrational nuclei studied in coulomb excitation","","","","","https://nbn-resolving.de/urn:nbn:de:tuda-tuprints-69399","One-quadrupole-phonon states of vibrational nuclei have been observed throughout the nuclear chart. Collective quadrupole excitations of symmetric and mixed-symmetric character allow for investigating the underlying microscopic nuclear structure as well as the effective proton-neutron interaction. Isovector valence-shell excitations are distinct especially near shell closures. The N = 80 isotones around the doubly-magic nucleus Sn-132 and the region around the doubly-magic nucleus Pb-208 are of particular interest. Projectile Coulomb-excitation experiments on the radioactive nucleus Sm-142 and the stable nuclei Hg-202 and Hg-204 were performed in order to further our understanding of nuclear structure in these regions. The decay strength of the first excited state of Sm-142 is determined to B(E2;2_1^+ -¿ 0_1^+) = 32 (4) W.u. It is a foundation for the investigation of a possible restoration of shell stabilization in N = 80 isotones above the Z = 58 subshell closure. The 2_1,ms^+ state of Po-212 has recently been identified. The nucleus Hg-204 is the particle-hole conjugate to Po-212 with respect to the doubly-magic nucleus Pb-208. Hg-204 was investigated together with its neighboring even-even isotope Hg-202 for comparison to the situation in Po-212. One quadrupole-phonon mixed-symmetry states are identified in both nuclei, with transition strengths of B(M1;2_7^+ -¿ 2_1^+) = 0.16 (7) ?_N^2 in Hg-202 and B(M1;2_2^+ -¿ 2_1^+) = 0.20 (2)?_N^2 in Hg-204. This is the first time, that isovector valence-shell excitations have been identified in this mass region, using complete sets of decay strengths.","2017","2025-06-13 13:27:28","2025-06-13 13:27:28","","","","","","","","","","","","","Technische Universität Darmstadt","","en","","Doctoral thesis (Dr. rer. nat.)","","","","","fulltext-url: none Citation Key: stegmann__2017__onequadrupolephonon","","","","#author/gender/:male; #degree/title/:dr.rer.nat.; #degree/granted-by/:tu-darmstadt","","","","","","","","","","","","","","","","","","","","","","","","","","","","","","","","","","","","","","","","","","","","","","",""
"5QFQWG7V","thesis","2016","Sua, Martha Liliana Cortes","Inelastic scattering of Ni and Zn isotopes off a proton target","","","","","https://nbn-resolving.de/urn:nbn:de:tuda-tuprints-55953","Inelastic proton scattering of 70,72,74Ni and 76,78,80Zn was performed at the RIBF facility of the RIKEN Nishina Center, Japan, as part of the first SEASTAR campaign. Radioactive isotopes were produced by the in-flight fission of a beam of 238U ions incident on a 3 mm thick Beryllium target. After production, neutron-rich radioactive isotopes were selected and identified on an event-by-event basis using the BigRIPS separator. Selected isotopes of interest were focused onto the liquid hydrogen target of the MINOS device and gamma-rays from inelastic (p, p') reactions were detected with the DALI2 array, consisting of 186 NaI crystals. Outgoing beam-like particles were identified using the ZeroDegree spectrometer. Gamma-rays produced in the reaction were Doppler corrected and the first 2+ and 4+ states in all the isotopes were identified. Detailed data analysis was performed including the implementation of algorithms that discriminate events where more than one particle was present. Using detailed Geant4 simulations, exclusive cross-sections for inelastic proton scattering were obtained. Deformation lengths were deduced from the experimental cross-sections using the coupled-channel calculation code ECIS-97. The deformations lengths of 72,74Ni and 76,80Zn were found to be fairly constant at a value of 0.8(2) fm, suggesting similar vibrational amplitudes, while the isomeric presence in the secondary beams of 70Ni and 78Zn allowed only lower limits for those two isotopes. By combining the deformation lengths with the known B(E2; 0+ -¿ 2+) values, the neutron-to-proton matrix element ratios, Mn/Mp, were obtained. A clear indication of the closed proton shell in the 72,74Ni could be observed, as Mn/Mp ¿ N/Z, indicating an increased contribution of the neutrons to the vibrational amplitude. For the case of 76,80Zn, Mn/Mp ¡ N/Z, indicating an open proton shell.","2016-06","2025-06-13 13:27:28","2025-09-03 03:56:03","","","","","","","","","","","","","Technische Universität Darmstadt","","en","","Doctoral thesis (Dr. rer. nat.)","","","","","fulltext-url: none Citation Key: sua__2016__inelastic","","","","#degree/title/:dr.rer.nat.; #author/gender/:female; #degree/granted-by/:tu-darmstadt; #has-affiliation/:fair","","","","","","","","","","","","","","","","","","","","","","","","","","","","","","","","","","","","","","","","","","","","","","",""
"TZMYNIL7","thesis","2016","Birkhan, Jonny Hubertus","Elektrische dipol-polarisierbarkeit und spin-M1-stärke aus 48ca(p,p')-daten unter 0?","","","","","https://nbn-resolving.de/urn:nbn:de:tuda-tuprints-52167","In dieser Arbeit wurden 48Ca(p,p')-Daten analysiert, die unter einem Streuwinkel von 0? bei einer Einschussenergie von 295 MeV am Research Center of Nuclear Physics in Osaka, Japan, gemessen worden waren. Die Analysen zielten darauf ab, die statische elektrische Dipol-Polarisierbarkeit für den Bereich der isovektoriellen Dipol-Riesenresonanz (IVGDR) und die totale elektromagnetische M1-Stärke für den prominenten Spin-M1-Übergang bei einer Anregungsenergie von 10,22 MeV zu bestimmen. Die Polarisierbarkeit wurde aus den Protonenstreudaten für den Anregungsenergiebereich von (11-26) MeV extrahiert. Die benötigten E1-Wirkungsquerschnitte gingen aus einer Multipolentfaltung der experimentellen Wirkungsquerschnitte hervor. Mit Hilfe der Methode virtueller Photonen konnten diese in einen analogen Photoabsorptionsquerschnitt umgerechnet werden. Aus der Verteilung der Photoabsorptionsquerschnitte wurde die Polarisierbarkeit berechnet. Die Analyse der (p,p')-Daten hat deutlich gemacht, dass sowohl die Festlegung eines geeigneten maximalen Streuwinkels in der Methode virtueller Photonen und die Methode der Multipolentfaltung im Bereich der IVGDR zu Problemen führen kann. In der Analyse stellte es sich als schwierig heraus, einerseits E1- und M1-Beiträge zum experimentellen Wirkungsquerschnitt auf der niederenergetischen Flanke der Resonanz eindeutig zu trennen und andererseits ein geeignetes Untergrundmodell auf der höherenergetischen Flanke festzulegen. Je nachdem mit welchen Modellwinkelverteilungen der Wirkungsquerschnitte die Multipolentfaltungen durchgeführt wurden, lag das Ergebnis bei (1,36 +/- 0,14) fm? oder (1,50 +/- 0,09) fm?. Mit einem um Protonenemissionen erweiterten 48Ca(e,e'n)-Datensatz und mit 40Ca(gamma,abs)-Daten aus konnte ein Wertebereich für die Polarisierbarkeit des Kerns 48Ca im gleichen Anregungsenergiebereich bestimmt werden. Die Polarisierbarkeit liegt demnach zwischen (1,50 +/- 0,02) fm? und (1,69 +/- 0,03) fm?. Darüber hinaus gibt es sowohl durch die Messung am Kern 40Ca als auch am Kern 48Ca mit polarisierten Protonen Hinweise, dass weitere relevante E1-Stärke bei höheren Anregungsenergien bis zu etwa 60 MeV zu finden ist. Mit den Photoabsorptionsquerschnitten des Kerns 40Ca wurde eine Polarisierbarkeit für den Kern 48Ca im Bereich von (10-60) MeV geschätzt. Sie beträgt (2,09 +/- 0,02) fm? und unterscheidet sich signifikant von einer theoretischen Vorhersage aus der Energiedichte-Funktionaltheorie mit (2,31 +/- 0,09) fm?. Die Ergebnisse der vorliegenden Arbeit können zusammen mit dem entsprechenden Ergebnis für den Kern 208Pb verwendet werden, um die Wertebereiche der Parameter der Kernmodelle weiter einzuschränken. Dazu müssen bestehende Modellrechnungen für den ausgewerteten Anregungsenergiebereich wiederholt werden. Dann können die Ergebnisse der vorliegenden Arbeit einen wichtigen Beitrag zur Bestimmung der Dicke der Neutronenhaut im Kern 48Ca leisten und zur Eingrenzung der Symmetrieenergie-Parameterwerte in der Zustandsgleichung der Kernmaterie. Im Kern 48Ca konzentriert sich nahezu die gesamte experimentell bestimmbare Spin-M1-Stärke in dem \einsplus-Zustand bei 10,22 MeV. Dabei ist der Beitrag zur Spin-M1-Stärke durch das isoskalare Matrixelement im Vergleich zu dem anderen Extremfall, dem Kern 208Pb, maximal. Daher musste in der Analyse ein isoskalarer Beitrag zur Anregung des Zustandes berücksichtigt werden. Die Auswertung der Daten der vorliegenden Arbeit stützte sich auf die für Gamow-Teller-Übergänge etablierte Methode, mit der die hadronische isovektorielle Anregungsstärke aus dem experimentellen Wirkungsquerschnitt bei 0? bestimmt wird. Diese Methode nutzt die Proportionalität zwischen dem Wirkungsquerschnitt und der Anregungsstärke, die für Einschussenergien bei etwa 300 MeV eine geeignete Näherung darstellt. Der Proportionalitätsfaktor ist der sogenannte Einheitsquerschnitt. Diese Methode wurde auf die Anregung von Spin-M1-Übergängen mit Protonen unter den Annahmen übertragen, dass zwischen benachbarten Isobaren Isospinsymmetrie besteht und dass die Einheitsquerschnitte bei der Anregung analoger Zustände gleich sind. Damit war es für den besagten Zustand des Kerns 48Ca möglich, die totale elektromagnetische Spin-M1-Stärke aus dem experimentellen Wirkungsquerschnitt bei 0? zu bestimmen. Dies setzte aber voraus, dass der experimentelle Wirkungsquerschnitt auf seinen isovektoriellen Anteil reduziert werden konnte. Dies war in der vorliegenden Arbeit mit Hilfe einer Entfaltung der experimentellen Wirkungsquerschnitte mit isoskalaren und isovektoriellen Modellwinkelverteilungen aus DWBA-Rechnungen möglich. Zusätzlich boten 48Ca(p,n)-Daten die Möglichkeit, die totale Spin-M1-Stärke des Kerns 48Ca auch aus dem Übergang in den analogen Zustand des Kerns 48Sc zu berechnen. Damit konnte anhand von unabhängigen Daten und einer bereits etablierten Methode überprüft werden, ob die gleiche Methode auch bei (p,p')-Daten sinnvolle Ergebnisse liefert. In der vorliegenden Arbeit wurden zusätzlich ältere (p,p')-Daten verwendet, so dass Daten bei 200 MeV und 295 MeV zur Verfügung standen. In allen Fällen waren die Ergebnisse aus den Daten des Kerns 48Ca nicht nur untereinander sondern auch mit dem Elektronenstreuergebnis von B(M1) = (3,9 +/- 0,3) ??_N verträglich. Da diese Methode auch im Fall des Kerns 208Pb(p,p') Ergebnisse lieferte, die in keinem direkten Widerspruch zu den Resultaten aus (gamma,gamma')- und (n,n'gamma)-Messungen standen, wurde das Verfahren als geeignet eingestuft, um die totale Spin-M1-Stärke unter den genannten Bedingungen aus (p,p')-Daten zu extrahieren. Für den diskutierten Zustand des Kerns 48Ca wird ein gewichteter Mittelwert von B(M1) = (3,82 +/- 0,26) ??_N als Ergebnis angegeben. Damit kann das Ergebnis aus einem kürzlich durchgeführten (gamma,n)-Experiment mit B(M1) = (6,8 +/- 0,5) ??_N nicht bestätigt werden.","2016","2025-06-13 13:27:28","2025-06-13 13:27:28","","","","","","","","","","","","","Technische Universität Darmstadt","","en","","Doctoral thesis (Dr. rer. nat.)","","","","","fulltext-url: none Citation Key: birkhan__2016__elektrische","","","","#author/gender/:male; #degree/title/:dr.rer.nat.; #degree/granted-by/:tu-darmstadt","","","","","","","","","","","","","","","","","","","","","","","","","","","","","","","","","","","","","","","","","","","","","","",""
"VQEH6LF6","thesis","2016","Kremer, Christoph","Linking partial and quasi dynamical symmetries in rotational nuclei and shell evolution in 96-Zr","","","","","https://nbn-resolving.de/urn:nbn:de:tuda-tuprints-52687","The first part of this thesis revolves around symmetries in the sd-IBA-1. A region of approximate O(6) symmetry for the ground-state band, a partial dynamical symmetry (PDS) of type III, in the parameter space of the extended consistent-Q formalism is identified through quantum number fluctuations. The simultaneous occurrence of a SU(3) quasi dynamical symmetry for nuclei in the region of O(6) PDS is explained via the beta=1, gamma=0 intrinsic state underlying the ground-state band. The previously unrelated concepts of PDS and QDS are connected for the first time and many nuclei in the rare earth region that approximately satisfy both symmetry requirements are identified. Ground-state to ground-state (p,t) transfer reactions are presented as an experimental signature to identify pairs of nuclei that both exhibit O(6) PDS. In the second part of this thesis inelastic electron scattering off 96-Zr is studied. The experiment was performed at the high resolution Lintott spectrometer at the S-DALINAC and covered a momentum-transfer range of 0.28 - 0.59 fm^(-1). Through a relative analysis using Plane Wave Born Approximation (PWBA) the B(E2;2+2-¿0+1) value is extracted without incurring the additional model dependence of a Distorted Wave Born Approximation (DWBA). By combining this result with known multipole mixing ratios and branching ratios all decay strengths of the 2+2 state are determined. A mixing calculation establishes very weak mixing (V = 76 keV) between states of the ground-state band and those of the band build on top of the 0+2 state which includes the 2+2 state. The occurrence of these two isolated bands is interpreted within the shell model in terms of type II shell evolution.","2016","2025-06-13 13:27:28","2025-06-13 13:27:28","","","","","","","","","","","","","Technische Universität Darmstadt","","en","","Doctoral thesis (Dr. rer. nat.)","","","","","fulltext-url: https://tuprints.ulb.tu-darmstadt.de/5268/1/Dissertation_published.pdf Citation Key: kremer__2016__linking","","","","#author/gender/:male; #degree/title/:dr.rer.nat.; #degree/granted-by/:tu-darmstadt","","","","","","","","","","","","","","","","","","","","","","","","","","","","","","","","","","","","","","","","","","","","","","",""
"4GKJ57KH","thesis","2016","Zweidinger, Markus","Kernstrukturuntersuchungen in mittelschweren atomkernen mit der methode der kernresonanzfluoreszenz","","","","","https://nbn-resolving.de/urn:nbn:de:tuda-tuprints-56154","Die vorliegende Arbeit beschäftigt sich mit der Untersuchung der Dipolstärkeverteilung der stabilen Isotope 92Zr und 94Zr. Beide weisen sowohl eine gerade Protonen- als auch Neutronenanzahl auf. Angewendet wurde die Methode der Kernresonanzfluoreszenz, bei der reelle Photonen verwendet werden, um den Kern aus dem Grundzustand heraus in einen angeregten Zustand zu versetzen. Die Messungen wurden an zwei verschiedenen Experimentierplätzen durchgeführt. Zum einen am Darmstadt High Intensity Photon Setup (DHIPS) und zum anderen an der High Intensity Gamma-ray Source (HIGS). Während aus den Messungen an DHIPS Informationen über die Spinquantenzahl und den integrierten Wirkungsquerschnitt einzelner Zustände gewonnen werden können, geben die Messungen an HIGS Aufschluss über die Paritätsquantenzahl und das mittlere Verzweigungsverhältnis. Insgesamt konnten 105 dipolangeregte Zustände im Isotop 92Zr und 124 im Kern 94Zr identifiziert werden. Von diesen konnten, mit wenigen Ausnahmen, alle zum ersten Mal beobachtet werden. Die extrahierte Dipolstärkeverteilung wird auf das Auftreten der Pygmy Dipol Resonanz, die in benachbarten Kernen nachgewiesen werden konnte und der Spinflip M1-Resonanz, die in vorangegangenen Experimenten im Isotop 90Zr beobachtet werden konnte, untersucht. Zusätzlich dazu wird der Zwei-Phononenzustand durch den Vergleich mit der globalen Systematik identifiziert. Des Weiteren wird das bestimmte mittlere Verzweigungsverhältnis mit Rechnungen, die im Rahmen des statistischen Modells durchgeführt wurden, verglichen.","2016","2025-06-13 13:27:28","2025-06-13 13:27:28","","","","","","","","","","","","","Technische Universität Darmstadt","","en","","Doctoral thesis (Dr. rer. nat.)","","","","","fulltext-url: none Citation Key: zweidinger__2016__kernstrukturuntersuchungen","","","","#author/gender/:male; #degree/title/:dr.rer.nat.; #degree/granted-by/:tu-darmstadt","","","","","","","","","","","","","","","","","","","","","","","","","","","","","","","","","","","","","","","","","","","","","","",""
"N8JGJLU6","thesis","2015","Stahl, Christian","New methods for the γ-ray spectroscopy with position-sensitive detector systems","","","","","https://nbn-resolving.de/urn:nbn:de:tuda-tuprints-49556","This doctoral thesis describes two new experimental techniques for in-beam γ-ray spectroscopy that exploit the position-sensitivity of the latest generation of high-purity Germanium detectors, so-called γ-ray tracking detectors. These detectors allow to determine the interaction points of γ-ray quanta within the detector material with unrivaled accuracy. The continuous-angle Doppler-Shift Attenuation Method extends the well-known DSA Method for the measurement of nuclear level lifetimes by providing a complete description of the observed characteristic, Doppler-broadened γ-ray lineshapes as a function of the energy and detection polar angle of the γ-rays. The method?s power is demonstrated by the precise lifetime determination of the 2+1 and 3?1 state of 136 Xe from data taken with the AGATA demonstrator. The method of Coulex-Multipolarimetry with relativistic heavy-ion beams allows for the measurement of electromagnetic multipole-mixing ratios of γ-radiation. The core of the method is the determination of velocity-dependent Coulomb excitation cross sections at two different relativistic ion energies. These can be determined in one single measurement by distinguishing excitations in two spatially separated targets via different observed Doppler-shifts that can be reliably separated in γ-ray tracking detectors. This method was employed during the PreSPEC-AGATA campaign in the experiment S426 at GSI?s FRS in 2014.","2015-07","2025-06-13 13:27:28","2025-06-13 13:27:28","","","","","","","","","","","","","Technische Universität Darmstadt","","en","","Doctoral thesis (Dr. rer. nat.)","","","","","fulltext-url: none Citation Key: stahl__2015__new","","","","#author/gender/:male; #degree/title/:dr.rer.nat.; #degree/granted-by/:tu-darmstadt","","","","","","","","","","","","","","","","","","","","","","","","","","","","","","","","","","","","","","","","","","","","","","",""
"2I9ABZCY","thesis","2015","Ralet, Damian","Lifetime measurement in the mass region A<code>126</code>100 with the PreSPEC-AGATA setup","","","","","https://nbn-resolving.de/urn:nbn:de:tuda-tuprints-46132","Mid-shell nuclei in the mass region A<code>126</code>100 show collective behavior. For instance, neutron rich even-even molybdenum isotopes are associated with a shape-phase transition. A spherical vibrator nucleus is observed for N=48 neutrons, while measurements indicate a deformed rotor nucleus for N=64 neutrons. In order to characterize the shape of molybdenum nuclei better, thus the shape-phase transition in molybdenum isotopes, a PreSPEC-AGATA experiment was performed at GSI. In particular, the experiment aimed at measuring the lifetime of the 4+ excited state of 108Mo to deduce the decay transition rate of the 4+ state. The production of 108Mo was performed in two steps. First, the GSI Fragment-Separator (FRS) selected 109Tc ions produced via fission of a 238U beam. Then, 109Tc ions underwent a fragmentation reaction on a beryllium secondary target. Half-speed of light fragments produced in this second reaction were identified by the Lund-York-Cologne CAlorimeter (LYCCA). gamma-rays were detected by the AGATA array positioned around the secondary target at forward angles. A complex electronics and data-acquisition system was set up to record the coincidences between a flying ion and the gamma-rays it emitted. The interaction position of gamma-rays inside an AGATA crystal is determined with good resolution. Therefore, combined with the large Doppler shift of the gamma-ray, it provides a unique possibility to measure lifetime with the Geometrical-Doppler-Shift-Attenuation method. From the data analysis which included several new techniques, the half-life of T1/2 = 11 (+16;-6) ps was extracted for the first 4+ state of 108Mo. The statistics recorded in this experiment is relatively low which leads to a large uncertainty on this measurement. With this large uncertainty, it is not possible to conclude on the exact behavior of the 108Mo nucleus, even though the comparison of our measurement with geometrical models would favor a transitional nucleus with approximate X(5) solution of the Bohr-Hamiltonian. However, this measurement proves the possibility of lifetime determination coupling relativistic ion beams with the AGATA array. Therefore, it represents a crucial step towards more precise measurements that will be performed at HISPEC with the increased beam intensity provided by the Super-FRS at FAIR.","2015","2025-06-13 13:27:28","2025-09-03 03:56:03","","","","","","","","","","","","","Technische Universität Darmstadt","","en","","Doctoral thesis (Dr. rer. nat.)","","","","","fulltext-url: https://tuprints.ulb.tu-darmstadt.de/4613/13/TUDthesis.pdf Citation Key: ralet__2015__lifetime","","","","#author/gender/:male; #degree/title/:dr.rer.nat.; #degree/granted-by/:tu-darmstadt; #has-affiliation/:fair","","","","","","","","","","","","","","","","","","","","","","","","","","","","","","","","","","","","","","","","","","","","","","",""
"L5H6AYX3","thesis","2015","Romig, Christopher","Investigation of nuclear structure with relative self-absorption measurements","","","","","https://nbn-resolving.de/urn:nbn:de:tuda-tuprints-44468","In this work, a special application of the nuclear resonance fluorescence technique has been used and further advanced to study nuclear structure effects: so-called relative self-absorption experiments. They allow for the direct determination of ground-state transition widths of excited states, an important quantity for comparisons to model calculations, as well as the level width and the branching ratio to the ground state of individual states in a model-independent way. Two self-absorption measurements have been performed. On the one hand, the absolute excitation widths and the decay pattern of low-lying excited dipole states in the energy regime of the pygmy dipole resonance have been investigated in the nucleus $^{140}$Ce. The results of the nuclear resonance fluorescence measurement, which is part of a self-absorption experiment, as well as of the actual self-absorption measurement are presented for 117 and 104 excited states of $^{140}$Ce, respectively. They are compared to previous measurements and discussed with respect to the statistical model. On the other hand, a high-precision measurement of the self absorption of the $T=1$, $J^{\pi}=0^+_1$ level at an excitation energy of \unit[3563]{keV} in $^6$Li has been conducted. A precisely measured level width of this state can serve as a benchmark for modern ab-inito calculations.","2015","2025-06-13 13:27:28","2025-06-13 13:27:28","","","","","","","","","","","","","Technische Universität Darmstadt","","en","","Doctoral thesis (Dr. rer. nat.)","","","","","fulltext-url: https://tuprints.ulb.tu-darmstadt.de/4446/1/doctoral-thesis-romig-final.pdf ISBN: 978-3-8439-2021-6 Citation Key: romig__2015__investigation","","","","#author/gender/:male; #degree/title/:dr.rer.nat.; #degree/granted-by/:tu-darmstadt","","","","","","","","","","","","","","","","","","","","","","","","","","","","","","","","","","","","","","","","","","","","","","",""
"ZJEKEGE6","thesis","2014","Guastalla, Giulia","Shell structure in the vicinity of the doubly magic 100Sn via coulomb excitation at PreSPEC","","","","","https://nbn-resolving.de/urn:nbn:de:tuda-tuprints-42853","The PreSPEC setup in combination with the high intensity primary beams available at GSI provided unique opportunities for the key nuclear structure studies on exotic nuclei. The experiment performed on the neutron deficient 104Sn aimed to deduce the reduced transition probability of the first excited 2+ state quantified by the B(E2; 0+ → 2+) value. This result is the central point in the discussion of the evolution of nuclear structure in proximity of the doubly magic nucleus 100Sn. As 100Sn is not yet accessible for such measurements, a series of experiments have been performed for neutron-deficient Sn isotopes over the past few years. These data showed excessive ex- perimental B(E2) strength compared to shell model calculations below neutron number N=64 and they are therefore not excluding a constant or even increasing collectivity below 106Sn. Hence, the measurement of the B(E2) value in the next even-even isotope toward 100Sn, i.e. 104Sn, was a crucial step to verify the robustness of the shell gap of 100Sn. Moreover, 104Sn is the heaviest isotope of the Sn isotopic chain for which a shell model calculation without significant truncation of the valence space can be performed and therefore with this experimental value the validity of Large Scale Shell Model (LSSM) calculations could be tested. As a main result of the experiment a B(E2) value corresponding to 0.10(4) e2b2 has been extracted for 104Sn. The experi- mental value showed a very good agreement with the predicted one and, despite the large error bar, it clearly established a downward trend of the B(E2) values of the Sn isotopic chain toward A=100. This implied enhanced stability of the N = Z = 50 shell closure against ph-excited quadrupole modes. However, an experiment of this kind is very challenging for several reasons. First, 104Sn lies in proximity of the proton drip line and has therefore a small production cross section, second, the high energy of the beam causes a large background which by far dominates the γ-ray spectra. To over- come the last aspect, an investigation of the components of the background has been performed taking advantage of the complexity of the PreSPEC experimental setup, which provides over 1000 parameters for the detailed analysis of the events. In addi- tion to the known radiation produced in atomic processes, evidences of interactions of high energy protons, provoking a loss of the detection efficiency and a worsening of the quality of the data, have been observed. However, from the new information obtained on the background in the PreSPEC data, several improvements of the setup are sug- gested in view of new challenging experiments in the future with HISPEC/DESPEC at the FAIR facility.","2014-11","2025-06-13 13:27:28","2025-09-03 03:56:03","","","","","","","","","","","","","Technische Universität Darmstadt","","en","","Doctoral thesis (Dr. rer. nat.)","","","","","fulltext-url: none Citation Key: guastalla__2014__shell","","","","#degree/title/:dr.rer.nat.; #author/gender/:female; #degree/granted-by/:tu-darmstadt; #has-affiliation/:fair","","","","","","","","","","","","","","","","","","","","","","","","","","","","","","","","","","","","","","","","","","","","","","",""
"9BFMQEPH","thesis","2014","Walz, Christopher","The two-photon decay of the 11/2- isomer of 137Ba and mixed-symmetry states of 92,94Zr and 94Mo","","","","","https://nbn-resolving.de/urn:nbn:de:tuda-tuprints-40566","The first part of this thesis covers the two-photon decay of the 11/2- isomer in 137Ba. Clear evidence of this exotic decay mode is found, which opens up the possibility to use the two-photon decay probability as a general tool to investigate the structure of atomic nuclei. Details on the experiment are given, and the major challenges to successfully perform this difficult experiment are outlined. The two-photon decay experiment was conducted with the new LaBr3-detector ball which was setup from scratch in the framework of this thesis. The properties and performance of this powerful detector system - consisting of 18 large LaBr3-detectors - are discussed. Furthermore, proton scattering at 200 MeV has been performed on the nuclei 92,94Zr, 94,96Mo and 70Zn.The measured cross sections are compared to calculations in the framework of the Quasi-Particle Phonon Model (QPM). Conclusions about the validity of the QPM results are drawn. A comparison of the excitation cross sections of the 2+1 states and the one-phonon quadrupole states with mixed neutron and proton symmetry (2+ms) allows to prove the special character of the 2+ms states independently of electromagnetic transition strengths. The possible existence of 3- and 4+ states with mixed proton and neutron symmetry is discussed. Furthermore the origin of collectivity of low-lying states in spherical nuclei is investigated in the QPM.","2014-07","2025-06-13 13:27:28","2025-06-13 13:27:28","","","","","","","","","","","","","Technische Universität Darmstadt","","en","","Doctoral thesis (Dr. rer. nat.)","","","","","fulltext-url: none Citation Key: walz__2014__twophoton","","","","#author/gender/:male; #degree/title/:dr.rer.nat.; #degree/granted-by/:tu-darmstadt","","","","","","","","","","","","","","","","","","","","","","","","","","","","","","","","","","","","","","","","","","","","","","",""
"822BKGX8","thesis","2014","Krugmann, Andreas","Off-yrast low-spin structure of deformed nuclei at mass number a≈150","","","","","https://nbn-resolving.de/urn:nbn:de:tuda-tuprints-42898","The present work consists of two independent parts. The first part deals with the investigation of the 0+1 -¿ 0+2 transition in 150Nd with inelastic electron scattering and in the second part a proton scattering experiment for the investigation of dipole excitations is presented. In the first part of this thesis a pioneer experiment in inelastic electron scattering is introduced. At an electron energy of 75 MeV, excitation energy spectra have been measured at the high resolution 169? spectrometer at the S-DALINAC. The aim of this investigation was the determination of the ρ?(E0;0+1 -¿ 0+2) transition strength in the heavy deformed nucleus 150Nd. The experimental form factor of this particular transition has been compared to a theoretical form factor that has been constructed by an effective density operator on a microscopic level with the help of the generator coordinate method. The required collective wave functions have been calculated in the Confined β-soft rotor model. In this model-dependent analysis the E0 transition strength has been determined for the first time. Furthermore the evolution of the E0 transition strength as a function of the potential stiffness has been investigated from the X(5) phase shape transitional point to the Rigid Rotor limit. It has been shown, that the E0 strength is relatively high at the shape-phase transitional point and starts to decrease with increasing stiffness and vanishes completely at the Rigid Rotor limit. Additionally the wave functions of the macroscopic collective Confined β-soft rotor model have been compared to those from a microscopic mean field Hamiltonian. Good agreement has been found. The second part of this thesis covers a polarized-proton scattering experiment on the heavy deformed nucleus 154Sm, that has been performed at the RCNP in Osaka, Japan. Utilizing the method of polarization transfer observables, a separation of spinflip and non-spinflip parts of the cross section has been done. Here, for the first time, the Pygmy Dipole Resonance (PDR) has been identified in the heavy deformed nucleus 154Sm that appears as a double-hump structure in the E1 response. A possible interpretation of this double-hump structure in terms of a deformation splitting analogously to the Giant Dipole Resonance (GDR) has been given. In case of the spinflip cross section, a broad distribution in the excitation energy range between 6 and 12 MeV has been observed. The distribution and the extracted sum strength are in good accordance with previous experiments.","2014-06","2025-06-13 13:27:28","2025-06-13 13:27:28","","","","","","","","","","","","","Technische Universität Darmstadt","","en","","Doctoral thesis (Dr. rer. nat.)","","","","","fulltext-url: https://tuprints.ulb.tu-darmstadt.de/4289/13/diss_krugmann_ulb_03.pdf Citation Key: krugmann__2014__offyrast","","","","#author/gender/:male; #degree/title/:dr.rer.nat.; #degree/granted-by/:tu-darmstadt","","","","","","","","","","","","","","","","","","","","","","","","","","","","","","","","","","","","","","","","","","","","","","",""
"RP96NEVB","thesis","2014","Möller, Thomas","Aspects of nuclear collectivity studied in projectile coulomb excitation experiments","","","","","https://nbn-resolving.de/urn:nbn:de:tuda-tuprints-40263","Projectile Coulomb excitation experiments have been performed on the nuclei 130,132Ba, 154Sm, and 194,196Pt. A detailed description of the experiments and the data analysis is given. The results on absolute decay rates of the low-lying collective states of these nuclei allow for a comparison with predictions from different theoretical models of nuclear quadrupole collectivity. For the nucleus 154Sm the data on the decay rates of the states of the first K=0 band support the assignment of this band as the beta band of this nucleus. The results for the nuclei 194,196Pt allow for a comparison with the selection rules of the O(6) dynamical symmetry of the Interacting Boson Model. The nucleus 196Pt indeed manifests the O(6) symmetry. The results on B(M1;2^+_i \to 2^+_1) values of the nuclei 130,132Ba complete the experimental data on the evolution of the one quadrupole-phonon state of mixed proton-neutron symmetry (2^+_{1,ms}) in the A=130 mass region. The results support the previous observation of increased fragmentation of the 2^+_{1,ms} state for mid-shell nuclei, although one candidate of a 2^+_{1,ms} state of 130Ba, if confirmed, would alter this interpretation.","2014","2025-06-13 13:27:28","2025-06-13 13:27:28","","","","","","","","","","","","","Technische Universität Darmstadt","","en","","Doctoral thesis (Dr. rer. nat.)","","","","","fulltext-url: https://tuprints.ulb.tu-darmstadt.de/4026/2/Thesis.pdf Citation Key: moller__2014__aspects","","","","#author/gender/:male; #degree/title/:dr.rer.nat.; #degree/granted-by/:tu-darmstadt","","","","","","","","","","","","","","","","","","","","","","","","","","","","","","","","","","","","","","","","","","","","","","",""
"YNZ2FTG7","thesis","2014","Beller, Jacob Daniel","Systematische untersuchung exotischer zerfallskanäle der scherenmode in gadoliniumisotopen","","","","","https://nbn-resolving.de/urn:nbn:de:tuda-tuprints-38590","Die Isotope 152,154,156Gd liegen in einer Region der Nuklidkarte, in der plötzliche Änderungen der Kerndeformation als Funktion der Teilchenzahl auftreten. Neue Zerfallskanäle der nuklearen Scherenmode an diesem Formphasenübergang wurden mit komplementären experimentellen Methoden studiert. Die M1-Anregungsstärken der J^pi=1^+ Zustände in 152,154Gd wurden in Kernresonanzfluoreszenzexperimenten bestimmt. Dabei ergaben sich summierte M1-Anregungsstärken für 152Gd von sum B(M1) = 0.46(9) \mu_N^2 und für 154Gd von sum B(M1) = 3.12(35) mu_N^2. Mit gamma-gamma-Koinzidenzmessungen nach dem Elektroneneinfang der Kerne 152,154Tb konnten neue Zerfallskanäle dieser 1^+ Zustände zu den 0^+_{2,3}, 2^+_{2,3} und 1^-_1 Zuständen identifiziert werden. Ein Kernresonanzfluoreszenzexperiment mit quasi-monochromatischen, linear polarisierten Photonen zeigte, dass auch der J^\pi=1^+ Zustand der Scherenmode mit der größten M1-Anregungsstärke im statisch deformierten Kern 156Gd einen Zerfall zum ersten angeregten 0^+ Zustand aufweist. Die neuen Eigenschaften der Scherenmode wurden innerhalb des Interacting Boson Models 2 beschrieben und wurden dazu verwendet, die Parameter des Majoranaoperators festzulegen. Die neuen Parameter zur Beschreibung des Atomkerns 154Gd haben einen direkten Einfluss auf die Berechnung von Matrixelementen für den neutrinolosen doppelten beta-Zerfall von 154Sm zu dem 0^+_2 Zustand von 154Gd. Dabei ergibt sich ein wesentlich größeres Matrixelement als zuvor angenommen.","2014","2025-06-13 13:27:28","2025-06-13 13:27:28","","","","","","","","","","","","","Technische Universität Darmstadt","","en","","Doctoral thesis (Dr. rer. nat.)","","","","","fulltext-url: https://tuprints.ulb.tu-darmstadt.de/3859/7/thesis.pdf Citation Key: beller__2014__systematische","","","","#author/gender/:male; #degree/title/:dr.rer.nat.; #degree/granted-by/:tu-darmstadt","","","","","","","","","","","","","","","","","","","","","","","","","","","","","","","","","","","","","","","","","","","","","","",""
"GF76U2FV","thesis","2013","Bauer, Christopher","Level lifetimes and quadrupole moments from projectile coulomb excitation of A<code>126</code>130 nuclei","","","","","http://tubiblio.ulb.tu-darmstadt.de/63030/","The chain of experimentally accessible Barium isotopes represents a broad field regarding the evolution of nuclear quadrupole collectivity from the shell closure at N=82 towards and even beyond spherical-to-deformed shape transitions. Several isotopes ranging from stable Ba-130,132 towards radioactive Ba-140,142 have been studied with the projectile Coulomb excitation technique including the application of the Doppler-shift attenuation method (DSAM). Thereby lifetimes of quadrupole-collective states of Ba-132 and Ba-140 could be determined for the first time. Furthermore the static electric quadrupole moments of the first 2+ states for Ba-130,132 and Ba-140,142 were determined. The results are compared to Monte Carlo Shell Model and Beyond-Mean-Field calculations.","2013-06","2025-06-13 13:27:28","2025-06-13 13:27:28","","","","","","","","","","","","","Technische Universität Darmstadt","","en","fulltext-url: none","Doctoral thesis (Dr. rer. nat.)","","","","","ISBN: 978-3-8439-1124-5 Citation Key: bauer__2013__level","","","","#author/gender/:male; #degree/title/:dr.rer.nat.; #degree/granted-by/:tu-darmstadt","","","","","","","","","","","","","","","","","","","","","","","","","","","","","","","","","","","","","","","","","","","","","","",""
"SIAZAC4R","thesis","2013","Obeid, Abdulrahman Scheikh","Excitation strengths and transition radii differences of one-phonon quadrupole excitations from electron scattering on 92,94Zr and 94Mo","","","","","https://nbn-resolving.de/urn:nbn:de:tuda-tuprints-37742","In the framework of this thesis electron scattering experiments on low-energy excitations of 92Zr and 94Zr were performed at the S-DALINAC in a momentum transfer range q = 0.3 ? 0.6 fm^?1. The nature of one-phonon symmetric and mixed-symmetric 2+ and 3? states of 92Zr was investigated by comparison with predictions of the quasi-particle phonon model (QPM). Theoretical (e, e?) cross sections have been calculated within the distorted wave Born approximation(DWBA) to account for Coulomb distortion effects. The reduced strengths of the one-quadrupole phonon states and the one-octupole phonon state have been extracted. The similarity of the momentum-transfer dependence of the form factors between the 2+ states supports the one-phonon nature of the 2+2 state of 92Zr. A new method based on the Plane Wave Born Approximation (PWBA) for a model-independent determination of the ratio of the E2 transition strengths of fully symmetric (FSS) and mixed-symmetry (MSS) one-phonon excitations of heavy vibrational nuclei is introduced. Due to the sensitivity of electron scattering to charge distributions, the charge transition-radii difference can be determined. The basic assumptions (independence from the ratio of Coulomb corrections and from absolute values of transition radii) are tested within the Tassie model, which makes no specific assumptions about the structure of the states other than collectivity. It is shown that a PWBA analysis of the form factors, which usually fails for heavy nuclei, can nevertheless be applied in a relative analysis. This is a new promising approach to determine the ground state transition strength of the 2+ MSS of vibrational nuclei with a precision limited only by the experimental information about the B(E2; 2+1 → 0+1) strength. The PWBA approach furthermore provides information about differences of the proton transition radii of the respective states, containing independent information about the mixed-symmetry character of 2+ states and the sign change of leading valence shell components between FSS and MSS. For 92Zr, the proton transition radii difference of the 2+1 and 2+2 states agree with zero within about 0.5 fm, consistent with predictions of a sign change of the leading neutron component in the wave function of the mixed-symmetry 2+2 state, while the leading proton components remain unchanged. The extracted B(E2) strength of the transition of the 2+ 2 state of 94Zr using the new method is smaller than the B(E2) value of the 2+1 state in contrast to a previous but in agreement with a recent (n,n?γ) experiment. The transition radii difference in 94Zr is ?0.24(34) fm compatible with zero. Additional data available on 94Mo were analyzed showing that the momentum transfer dependence of Coulomb corrections leads to a difference of more than 10% between the lowest and the highest measured momentum transfer. If corrected by the Tassie model, a transition radii difference R = ?0.13(5) fm differing from zero is found. This can be interpreted as a sign of an increase of the leading proton two-quasiparticle component in the wave function of the mixedsymmetry 2+ state. The B(E2) ratio for 94Mo, 0.193(1), differs from literature, 0.138(2).","2013","2025-06-13 13:27:28","2025-06-13 13:27:28","","","","","","","","","","","","","Technische Universität Darmstadt","","en","","Doctoral thesis (Dr. rer. nat.)","","","","","fulltext-url: none Citation Key: obeid__2013__excitation","","","","#author/gender/:male; #degree/title/:dr.rer.nat.; #degree/granted-by/:tu-darmstadt","","","","","","","","","","","","","","","","","","","","","","","","","","","","","","","","","","","","","","","","","","","","","","",""
"UM3YH4CU","thesis","2012","Alikhani, Babak","Aufbau und Inbetriebnahme des DAGATA-Polarimeters","","","","","https://nbn-resolving.de/urn:nbn:de:tuda-tuprints-29934","Die vorliegende Arbeit präsentiert erstmals die Kalibrierung eines hochsegmentierten HPGe-Detektors, des DAGATA-Detektors (DArmstadt GAmma-ray Tracking Assembly), als ein Compton-Polarimeter. Dabei wurde eine Methode entwickelt, die auf der (quasi-)kontinuierlichen Messung des Compton-Streuwinkels basiert. Hier werden die Ergebnisse der Polarisationssensitivität des 36-fach segmentierten DAGATA-Polarimeters gezeigt. Die Polarisationssensitivität wurde in einem Experiment anhand einer 60Co-Quelle mit einer Aktivität von 680 kBq für zwei Übergangsenergien aus der 4+ - 2+ - 0+ -Kaskade in 60Ni kalibriert. Mit der Polarisationssensitivität konnte auch die Figure-of-Merit für die Photonenenergien von 1173 und 1332 keV berechnet werden. Beim Kalibrierungsexperiment zur Bestimmung der Polarisationssensitivität des DAGATA-Polarimeters handelte es sich um ein Koinzidenzexperiment mithilfe zweier externen Detektoren. Die Richtungen der externen Detektoren definierten eine Quantisierungsachse bezüglich jedes Detektors. Somit wurden die polarisierten Photonen aus Koinzidenzmessungen gewonnen. Die emittierten Photonen besitzen einen Polarisationsgrad von 1/6, wenn der Winkel zwischen ihren Emissionsrichtungen 90? beträgt. Die unpolarisierten Photonen erhielt man in Singlemessungen. In dieser Arbeit wurden die theoretischen Grundlagen der Polarisation behandelt und wichtige Observablen hergeleitet, die bei der Messung der Polarisation verwendet wurden. Das DAGATA-Polarimeter ist ein neuartiges Compton-Polarimeter. Es werden neue Größen benötigt, um seine Polarisationssensitivität erst erhalten zu können. Die Analyse des Experiments geschah aufgrund von Informationen, die die Segmente des DAGATA-Polarimeters lieferten. Damit konnten die Wechselwirkungsorte bis auf die Segmentvolumen bestimmt werden. Zur Auswertung der experimentellen Daten wurden die Schwerpunkte der Segmente verwendet (Segmentbasis), die aus den Simulationen bestimmt wurden. Die für die Analyse benötigten Winkel wurden aus den Schwerpunktkoordinaten berechnet und in Form einer Tabelle aufgelistet. Durch Einführung einer neuen Asymmetrie, die auf den unterschiedlichen Streuverteilungen der polarisierten und unpolarisierten Ereignisse zwischen Detektorsegmenten basierte, wurde die Polarisationssensitivität des DAGATA-Polarimeters definiert. Die aus dem Kalibrierungsexperiment bestimmten Polarisationssensitivitäten auf Segmentbasis betrugen 21(3)% bei 1173 keV und 19(1)% bei 1332 keV. Im Vergleich zu vierfach segmentierten Polarimetern besitzt das DAGATA-Polarimeter eine höhere Polarisationssensitivität.","2012","2025-06-13 13:27:28","2025-06-13 13:27:28","","","","","","","","","","","","","Technische Universität Darmstadt","","de","","Doctoral thesis (Dr. rer. nat.)","","","","","fulltext-url: none Citation Key: alikhani__2012__aufbau","","","","#author/gender/:male; #degree/title/:dr.rer.nat.; #degree/granted-by/:tu-darmstadt","","","","","","","","","","","","","","","","","","","","","","","","","","","","","","","","","","","","","","","","","","","","","","",""
"RJ464CV2","thesis","2012","Schnorrenberger, Linda","Characterization of gamma-ray detectors with tagged photons","","","","","http://tubiblio.ulb.tu-darmstadt.de/57527/","","2012","2025-06-13 13:27:28","2025-06-13 13:27:28","","","","","","","","","","","","","Technische Universität Darmstadt","","en","","Doctoral thesis (Dr. rer. nat.)","","","","","fulltext-url: none ISBN: 978-3-8440-0802-9 Citation Key: schnorrenberger__2012__characterization","","","","#degree/title/:dr.rer.nat.; #author/gender/:female; #degree/granted-by/:tu-darmstadt","","","","","","","","","","","","","","","","","","","","","","","","","","","","","","","","","","","","","","","","","","","","","","",""
"H2Z42JD8","thesis","2011","Fritzsche, Matthias","Untersuchung der pygmy dipol resonanz in 60ni","","","","","http://tubiblio.ulb.tu-darmstadt.de/55943/","Diese Arbeit präsentiert die Ergebnisse von Photonenstreuexperimenten am Z=28 Kern 60Ni. Diese Experimente wurden zum Einen mit kontinuierlicher Bremsstrahlung und zum Anderen mit monoenergetischen, linear polarisierten Photonen durchgeführt. In 60Ni konnten dabei meh- rere E1 und M1 Anregungen im Energiebereich zwischen 4 und 10 MeV identifiziert werden. Für diese Anregungen konnten Spin- und Paritätsquantenzahlen zugewiesen werden. Die E1 Stärke und ihre energetische Verteilung ähnelt sehr stark der Stärkeverteilungen in schwereren Kernen. Dadurch kann die Systematik der E1 Stärke erweitert werden. Ziel ist es außerdem ei- ne globale Systematik der E1 Stärke für Kerne verschiedener Massenregionen zu erstellen. Aus der Untersuchung der E1 Summenstärken in Abhängigkeit der Neutronen- und Protonenzahlen geht hervor, daß das Verhältnis, sowie die Asymmetrie der Neutronen und Protonen die B(E1) Summenstärke beeinflusst. Jedoch sind diese Untersuchungen aufgrund unvollständiger expe- rimenteller Daten nicht eindeutig, sondern weisen nur Tendenzen auf. Im zweiten Teil dieser Arbeit soll der bei Messungen mit kontinuierlicher Bremsstrahlung auftre- tende Untergrund untersucht werden. Hierfür werden Simulationen des experimentellen Auf- baus vorgestellt und der Anteil der an Target und Umgebung gestreuten Photonen am Kernre- sonanzfluoreszenz Spektrum untersucht.","2011","2025-06-13 13:27:28","2025-06-13 13:27:28","","","","","","","","","","","","","Technische Universität Darmstadt","","en","","Doctoral thesis (Dr. rer. nat.)","","","","","ISBN: 978-3-8439-0198-7 Citation Key: fritzsche__2011__untersuchung","","","","#author/gender/:male; #degree/title/:dr.rer.nat.; #degree/granted-by/:tu-darmstadt","","","","","","","","","","","","","","","","","","","","","","","","","","","","","","","","","","","","","","","","","","","","","","",""
"PNGFUBL5","thesis","2011","Goel, Namita","Spatial characterisation of a 36-fold segmented AGATA detector via a novel scanning system","","","","","http://tubiblio.ulb.tu-darmstadt.de/50997/","The core principle of segmented gamma-tracking germanium detector arrays like AGATA and GRETA, that will be used in future for 4pi gamma detection, is the application of pulse shape analysis (PSA). The 3D position sensitivity of the HPGe detectors is based on differences in the shape of the charge pulses associated with different interaction points inside the whole volume. It is therefore necessary for this analysis to have a data base containing pulses for all the interaction points inside the detector volume. A full 3D scanning of the detectors, which experimentally determines pulse shapes for each position inside the active volume, is therefore needed. In this thesis, a novel scanning system is presented to determine the HPGe detector pulse shapes as a function of the gamma-ray interaction position inside the detector. The device is based on a pulse shape comparison scan (PSCS) and the positron annihilation correlation (PAC) method which makes it about 100 times faster than the conventional coincidence based scanners. The performance and efficiency of the system is superior because of using a position sensitive detector (PSD)/gamma camera. It consists of a LYSO scintillating crystal optically coupled to a position sensitive photomultiplier tube. The individual multianode readout (IMAR) approach is used to achieve a spatial resolution of <code>126</code> 1 mm and to optimize its field of view to <code>126</code> 28 cm^2. A Compton scattering imaging technique is implemented to perform an accurate position calibration of the gamma camera. The employment of PSD yields an added advantage of imaging capability which allows to study e.g. the details of the inner structure of HPGe detectors and electric field anisotropy effects. The position response of a planar HPGe detector is obtained using the apparatus and the risetime distribution plots are compared with those obtained via a conventional scanning system. However, to validate the aforementioned scanning principle, an AGATA symmetric detector is tested. The risetime values are measured as a function of the interaction position in both the coaxial and quasi-planar region of the detector. Furthermore, the Multi Geometry Simulation (MGS) code is used to generate theoretical distribution plots for comparison. The transition in charge carrier transport behaviour as a function of the depth is studied for the region of the complex electric field. Systematic deviations between simulation and measurement are observed for the critical front part of the AGATA detector. They are interpolated as due to a non-linear impurity concentration profile of the germanium crystal, asking for rigorous scanning of all detectors in the future.","2011-06","2025-06-13 13:27:28","2025-06-13 13:27:28","","","","","","","","","","","","","Technische Universität Darmstadt","","en","","Doctoral thesis (Dr. rer. nat.)","","","","","fulltext-url: none Citation Key: goel__2011__spatial","","","","#degree/title/:dr.rer.nat.; #author/gender/:female; #degree/granted-by/:tu-darmstadt","","","","","","","","","","","","","","","","","","","","","","","","","","","","","","","","","","","","","","","","","","","","","","",""
"TEIG82EN","thesis","2010","Coquard, Laurent","Evolution of the one-quadrupole phonon 2+_1,ms mixed-symmetry state in 124,126,128,130,132xe","","","","","https://nbn-resolving.de/urn:nbn:de:tuda-tuprints-22116","Collective nuclei are characterized by rotational and vibrational states due to a common and therefore “collective” behavior of the two constituents of the nucleus: protons and neutrons. The evolution of the collectivity (spontaneous deformation) is governed by the proton-neutron interaction in the valence shell. Nuclear states that are particularly sensitive to the proton-neutron interaction in the valence shell are the so called mixed symmetry states (MSSs). In this work we trace the evolution of the fundamental MSS, i.e the one-quadrupole phonon 2+_1,ms state, in a transitional region from vibrational nuclei (134Xe) to gamma-soft nuclei reflecting the O(6)-like structure of the IBM-2 (124,126Xe). Projectile-Coulomb excitation of Xe isotopes has been performed at Argonne National Laboratory (ANL) using the Gammasphere array for the detection of gamma-rays. First, our data on more than 50 absolute E2 transition rates between off-yrast low-spin states of 124,126Xe enable us to quantitatively test O(6) symmetry in these two nuclei. As a result we find that O(6) symmetry is more strongly broken in the A=130 mass region than previously thought. Then, 19 absolute E2 transition strengths have been obtained in 128Xe including the first measurement of the critical B(E2) decays from the second and third Jpi=0+ states. These data are compared with the theoretical predictions of the critical point symmetry E(5) and let us conclude that 128Xe is not an E(5) nucleus as previously suggested, leaving 130Xe as the most likely candidate amongst the xenon isotopes. Finally, the one-phonon 2+_1,ms states or at least a fragment of it have been identified in 128,130,132,134Xe. This enables us to trace the evolution of the one-phonon 2+_1,ms states in the even-even stable xenon isotopic chain from the vibrators near N=82 to the gamma-soft nuclei towards mid-shell.","2010-06","2025-06-13 13:27:28","2025-06-13 13:27:28","","","","","","","","","","","","","Technische Universität Darmstadt","","en","","Doctoral thesis (Dr. rer. nat.)","","","","","fulltext-url: none Citation Key: coquard__2010__evolution","","","","#author/gender/:male; #degree/title/:dr.rer.nat.; #degree/granted-by/:tu-darmstadt","","","","","","","","","","","","","","","","","","","","","","","","","","","","","","","","","","","","","","","","","","","","","","",""
"KJKNZLN9","thesis","2009","Müller, Sebastian Hermann","Bestimmung von photo-neutron-wirkungsquerschnitten in kernen der seltenen erden für den astrophysikalischen p-prozess mit bremsstrahlung am s-DALINAC","","","","","http://tubiblio.ulb.tu-darmstadt.de/36613/","","2009","2025-06-13 13:27:28","2025-06-13 13:27:28","","","","","","","","","","","","","Technische Universität Darmstadt","","en","","Doctoral thesis (Dr. rer. nat.)","","","","","fulltext-url: none ISBN: 978-3-86853-083-4 Citation Key: muller__2009__bestimmung","","","","#author/gender/:male; #degree/title/:dr.rer.nat.; #degree/granted-by/:tu-darmstadt; #is-about/facility/:s-dalinac","","","","","","","","","","","","","","","","","","","","","","","","","","","","","","","","","","","","","","","","","","","","","","",""
"4E4VNXVE","thesis","2020","Pommerenke, Hermann Winrich","Compact radio-frequency quadrupoles for industrial and medical applications","","","","","https://doi.org/10.18453/rosdok_id00002956","This thesis involves the development of two radio-frequency quadrupole particle accelerators (RFQ) operating at 750 MHz. The first part covers radio-frequency (RF) design studies of the proton PIXE-RFQ. RF measurement results and tuning procedure are presented, showing very good agreement with simulations. The second part reports the development of the Carbon-RFQ for cancer therapy. The Carbon-RFQ features trapezoidal vanes whose fields are described using a novel semi-analytic approach. Dipole modes were detuned by a novel cavity length adjustment technique.","2020","2025-06-13 13:27:28","2025-06-13 13:27:28","2024-12-10 08:58:29","","","","","","","","","","","","Universität Rostock","","en","","Doctoral thesis (Dr.-Ing.)","","","","","fulltext-url: https://rosdok.uni-rostock.de/file/rosdok_disshab_0000002457/rosdok_derivate_0000099121/Pommerenke_Dissertation_2021.pdf DOI: 10.18453/rosdok_id00002956 Citation Key: pommerenke__2020__compact","","","","#author/gender/:male; #degree/granted-by/:uni-rostock; #degree/title/:dr.-ing.","","","","","","","","","","","","","","","","","","","","","","","","","","","","","","","","","","","","","","","","","","","","","","",""
"URGF6EAU","thesis","2020","Papke, Kai","Methods for the design and analysis of higher-order mode couplers applied to superconducting accelerating structures","","","","","https://doi.org/10.18453/rosdok_id00002899","Higher-order modes (HOMs) may affect beam stability and refrigeration requirements of superconducting proton linacs such as the SPL which is being studied at CERN. One option being considered to limit these effects is the use of coaxial HOM couplers. In this work, potentially dangerous modes are analyzed and corresponding damping requirements derived. The design process of coaxial HOM couplers is examined under new aspects. Several prototypes are elaborated and compared in terms of mode damping, thermal loads, structural deformations, mechanical tolerances, and multipacting.","2020","2025-06-13 13:27:28","2025-06-13 13:27:28","2024-12-10 08:58:39","","","","","","","","","","","","Universität Rostock","","en","","Doctoral thesis (Dr.-Ing.)","","","DOI.org (Datacite)","","fulltext-url: https://rosdok.uni-rostock.de/file/rosdok_disshab_0000002434/rosdok_derivate_0000096616/Papke_Dissertation_2021.pdf Citation Key: papke__2020__methods","","","","#author/gender/:male; #degree/granted-by/:uni-rostock; #degree/title/:dr.-ing.","","","","","","","","","","","","","","","","","","","","","","","","","","","","","","","","","","","","","","","","","","","","","","",""
"B678HDX3","thesis","2020","Tulu, Eden Tafa","Developing an electron multipacting-free cathode unit of the superconducting radio frequency photoinjector","","","","","https://doi.org/10.18453/rosdok_id00002903","Future light sources such as synchrotron radiation sources have in common that they require injectors, which provide high-brilliance, high-current electron beams in almost continuous operation. Superconducting radio frequency photoinjector (SRF gun) provided a promising approach. However, some limitations occur caused by electron multipacting in the cathode vicinity, which prevent the superconducting radio frequency photoinjector (SRF gun) from maximum productivity. The aim of this thesis is to develop a new design of the photocathode channel.","2020","2025-06-13 13:27:28","2025-06-13 13:27:28","2024-12-10 08:58:47","","","","","","","","","","","","Universität Rostock","","en","","Doctoral thesis (Dr.-Ing.)","","","DOI.org (Datacite)","","fulltext-url: https://rosdok.uni-rostock.de/file/rosdok_disshab_0000002436/rosdok_derivate_0000096895/Tulu_Dissertation_2021.pdf Citation Key: tulu__2020__developing","","","","#degree/granted-by/:uni-rostock; #degree/title/:dr.-ing.; #author/gender/:female","","","","","","","","","","","","","","","","","","","","","","","","","","","","","","","","","","","","","","","","","","","","","","",""
"2FB37GBD","thesis","2020","Gorgi Zadeh, Shahnam","Accelerating cavity and higher order mode coupler design for the future circular collider","","","","","https://doi.org/10.18453/rosdok_id00003023","This thesis takes the first steps towards a detailed design for the large RF system of the lepton collider version of the Future Circular Collider (FCC-ee). First, this thesis investigates a suitable baseline option for the RF system of FCC-ee. This includes the search for an appropriate RF frequency and number-of-cells per cavity for each working point of FCC-ee. RF accelerating cavities and higher order mode (HOM) couplers are then designed based on the requirements of each operation energy. The performances of the HOM damped cavities are finally evaluated using various numerical methods.","2020","2025-06-13 13:27:28","2025-06-13 13:27:28","2024-12-10 08:59:04","","","","","","","","","","","","Universität Rostock","","en","","Doctoral thesis (Dr.-Ing.)","","","","","fulltext-url: https://rosdok.uni-rostock.de/file/rosdok_disshab_0000002516/rosdok_derivate_0000100582/GorgiZadeh_Dissertation_2021.pdf Citation Key: gorgizadeh__2020__accelerating","","","","#author/gender/:male; #degree/granted-by/:uni-rostock; #degree/title/:dr.-ing.","","","","","","","","","","","","","","","","","","","","","","","","","","","","","","","","","","","","","","","","","","","","","","",""
"HI77EWEL","thesis","2022","Hallilingaiah, Gowrishankar Thalagavadi","Investigation and development of a transverse deflecting structure","","","","","https://doi.org/10.18453/rosdok_id00004375","The thesis described the development of a beam separator device for the ELBE accelerator in Dresden, Germany, facilitating simultaneous operation of multiple secondary user stations. After reviewing deflecting structures, an RF cavity was chosen as the optimal solution. Extensive electromagnetic and multiphysics analysis were conducted to optimize the cavity design. A copper deflecting cavity was manufactured and underwent rigorous high-power testing, successfully meeting the design requirements. The cavity is now ready for installation in the ELBE beamline.","2022","2025-06-13 13:27:28","2025-09-03 03:51:51","2024-12-10 09:03:55","","","","","","","","","","","","Universität Rostock","","en","","Doctoral thesis (Dr.-Ing.)","","","DOI.org (Datacite)","","fulltext-url: https://rosdok.uni-rostock.de/file/rosdok_disshab_0000003009/rosdok_derivate_0000209092/Hallilingaiah_Dissertation_2023.pdf Citation Key: hallilingaiah__2022__investigation","","","","#author/gender/:male; #degree/granted-by/:uni-rostock; #degree/title/:dr.-ing.; #is-about/facility/:anka; #is-about/facility/:elbe","","","","","","","","","","","","","","","","","","","","","","","","","","","","","","","","","","","","","","","","","","","","","","",""
"JZABLSLY","thesis","2021","Ledroit, Ben","Target induced halo formation and collimation following MAGIX at MESA","","","","","https://doi.org/10.25358/openscience-5808","Der Mainz Energy-recovering Superconducting Accelerator (MESA) ist ein rezirkulierender Elektronen-Linearbeschleuniger (Linac), der sich derzeit am Institut für Kernphysik der Johannes Gutenberg-Universität Mainz im Bau befindet. MESA wird in der Lage sein, im Energy Recovery Linac (ERL) Modus zu arbeiten, in dem die Energie des beschleunigten Strahls durch anschließende Entschleunigung zurückgewonnen wird. Diese Technik ermöglicht das Erreichen von hohen Strahlleistungen und damit verbundenen hohen Luminositäten, die für Experimente zur Verfügung stehen, bei bedeutend kleinerer installierter Verstärkerleistung im Vergleich zu konventionellen Linacs. Das Mainz Gas Internal Experiment (MAGIX) nutzt die MESA Strahlströme von anfangs 1 mA bei 105 MeV Strahlenergie im ERL Modus, um eine Vielzahl von kernphysikalischen Experimenten mit Gas-Jet Targets zu realisieren. Für diese Experimente wird eine Luminosität von mindestens 10^35 cm^-2 s^-1 angestrebt. Der ERL Modus setzt eine Rezirkulation des beschleunigten Strahls durch den Beschleuniger nach Passieren des Targets voraus und die Degradierung des Strahls durch die Strahl-Target-Wechselwirkung muss begrenzt werden, um den ordungsgemäßen Strahltransport für die Energierückgewinnung zu gewährleisten. Die Strahldegradierung an MAGIX ist bestimmt durch die Streuung von Strahlelektronen am Target, was zu der Bildung eines Strahlhalos nach dem Target führt und Strahlverluste in nachfolgenden Beschleunigersektionen verursacht. Kollimatoren werden in den Sektionen nach MAGIX benötigt, um den Strahlhalo abzufangen damit Strahlverluste kontrolliert werden, und die verlorene Strahlleistung führt zu einer Reduzierung der Energierückgewinnungseffizienz sowie radioaktiver Aktivierung von bestrahltem Gerät. Die targetinduzierte Strahldegradierung limitiert folglich die praktisch erreichbare Luminosität am Experiment. Die Bildung des Halos und das Verhalten der nachfolgend auftretenden Strahlverluste für die angestrebten MAGIX-Experimente an MESA werden in Simulationen in dieser Arbeit studiert. Anschließend wird ein geeignetes Kollimationssystem präsentiert und die resultierende Aktivierung der Beschleunigerausstattung untersucht, um ein Luminositätslimit für den Betrieb von MAGIX im MESA ERL Modus abzuschätzen. Die vorgestellten Ergebnisse zeigen, dass der Betrieb von Wasserstoff- und Helium-Targets Targets bei der angestrebten Luminosität an MESA möglich ist, wohingegen eine Beschränkung der Luminosität für schwerere Targetgase benötigt wird.  The Mainz Energy-recovering Superconducting Accelerator (MESA) is a recirculating electron linear accelerator (Linac), that is currently under construction in the Institute for Nuclear Physics at the Johannes Gutenberg-University Mainz. MESA will be able to operate in energy recovery linac (ERL) mode, in which the energy of the accelerated beam is recovered through subsequent deceleration. This technique enables reaching high beam powers and therefore high luminosities available for experiments with considerably less installed amplifier power compared to conventional Linacs. The Mainz Gas Internal Target Experiment (MAGIX) takes advantage of the MESA beam currents of initially up to 1 mA at 105 MeV beam energy available in ERL mode to realize a variety of nuclear physics experiments. These experiments aim for a luminosity of minimum 10^35 cm^-2 s^-1. The ERL mode requires recirculation of the accelerated beam through the accelerator after passing the target and degradation of the beam through the beam-target interaction must be limited to ensure proper beam transport for energy recovery. The beam degradation at MAGIX is governed by scattering of beam electrons on the target, which leads to beam halo formation after the target and induces beam losses in following accelerator sections. Collimators are needed in sections downstream of MAGIX to intercept the beam halo in order to control beam losses and the lost beam power leads to a reduction of ERL efficiency as well as radioactive activation of exposed equipment. The target induced beam degradation consequently limits the practically achievable luminosity at the experiment. The formation of the halo and the behavior of subsequently occurring beam losses for the envisaged MAGIX experiments at MESA are studied in simulations in this thesis. A suitable collimation system is presented in the following and the resulting activation of accelerator equipment is examined to estimate a luminosity limit for MAGIX operation in MESA ERL mode. The presented results show that the operation of hydrogen and helium targets at the aimed at luminosity is possible, whereas a restriction of luminosity is required for heavier target gases.","2021","2025-06-13 13:27:28","2025-06-13 13:27:28","","","","","","","","","","","","","Johannes Gutenberg-Universität Mainz","","en","","Doctoral thesis (Dr. rer. nat.)","","","","","fulltext-url: https://openscience.ub.uni-mainz.de/bitstream/20.500.12030/5817/1/ledroit_ben-target_induced-20210422114847950.pdf Citation Key: ledroit__2021__target","","","","#author/gender/:male; #degree/title/:dr.rer.nat.; #is-about/accelerator-type/erl; #degree/granted-by/:uni-mainz; #is-about/facility/:mesa","","","","","","","","","","","","","","","","","","","","","","","","","","","","","","","","","","","","","","","","","","","","","","",""
"3D5DYKEC","thesis","2013","Greschner, Martin","Aufbau und Inbetriebnahme einer Photoneutronenquelle","","","","","https://nbn-resolving.org/urn:nbn:de:bsz:14-qucosa-118665","Das Institut für Kern- und Teilchenphysik (IKTP) der Technischen Universität Dresden (TUD) hat im Forschungszentrum Dresden-Rossendorf (FZD) ein Labor zur Untersuchung von neutroneninduzierten kernphysikalischen Prozessen in Materialien, die für die Fusionsforschung relevant sind, aufgebaut. Das Labor ist ausgestattet mit drei intensiven Neutronenquellen: einer 14 MeV-Neutronenquelle, einer weißen kontinuierlichen Photoneutronen-Quelle, die näher in dieser Arbeit beschrieben wird, und einer gepulsten Photoneutronen-Quelle, die vom FZD inKooperation mit der TUD aufgebaut wurde. Die kontinuierliche Photoneutronen-Quelle basiert auf einem Radiator aus Wolfram (engl. Tungsten Photoneutron Source (TPNS)). TPNS nutzt die im ELBE-Beschleuniger (Elektronen Linearbeschleuniger für Strahlen hoher Brillianz und niedriger Emittanz (ELBE)) beschleunigten Elektronen zur Neutronenerzeugung. Der Prozess läuft über Zwischenschritte ab, indem bei der Abbremsung der Elektronen im Radiator Bremsstrahlungsphotonen entstehen, die anschließend Neutronen durch (γ,xn)-Reaktionen erzeugen. Das Neutronenspektrum der TPNS kann mittels Moderatoren so modifiziert werden, dass es dem in der ersten Wand im Fusionsreaktor entspricht. Dies ermöglicht Untersuchungen mit einem für einen Fusionsreaktor typischen Neutronenspektrum. Die technische Verwirklichung des Projektes, die Inbetriebnahme der Anlage sowie die Durchführung der ersten Experimente zur Neutronenerzeugung ist Inhalt dieser Arbeit. Die Neutronenquelle ist insbesondere für qualitative Untersuchungen in der Fusionsneutronik bestimmt. Der Fusionsreaktor produziert, im Vergleich zu einem Spaltungsreaktor, keine langlebigen Isotope als Abfall. Die wesentliche Aktivität des Reaktors ist in Konstruktionsmaterialien akkumuliert. Durch sorgfältige Auswahl der Materialien kann man die Aktivierung minimieren und damit künftig wesentlich weniger radioaktives Inventar produzieren als in Spaltreaktoren. Ziel der kernphysikalischen Untersuchungen ist, solche Materialien für den Aufbau eines Fusionsreaktors zu erforschen, die niedrigaktivierbar sind, das heißt wenig Aktivität akkumulieren können, und eine Halbwertzeit von einigen Jahren haben. Es ist das Ziel, alle Konstruktionsmaterialien nach 100 Jahren wiederverwenden zu können. Die Neutronenflussdichte einer Photoneutronenquelle ist einige Größenordnungen höher als die, die mittels eines DT-Neutronengenerators mit anschließender Moderation erreicht werden kann. Die gesamte Arbeit ist in drei Teile geteilt. Der erste Teil leitet in die Problematik der Energieversorgung ein und zeigt die Kernfusion als eine vielversprechende Energiequelle der naher Zukunft auf. Das Neutronenlabor der TUD, in dem die TPNS aufgebaut ist, wird ebenfalls kurz vorgestellt. Der zweite Teil befasst sich mit der TPNS selbst, mit ihrem physikalischen Entwurf, der Konstruktion und dem Aufbau bis zu der Inbetriebnahme sowie dem ersten Experiment an der TPNS. Der letzte, dritte Teil ist die Zusammenfassung der vorhandenen Ergebnisse und gibt einen Ausblick auf die zukünftige Vorhaben.  The Institute for Nuclear and Particle Physics at the Technische Universität Dresden (TUD) has build a neutron physics laboratory at Forschungszentrum Dresden-Rossendorf (FZD) to investigate nuclear processes in materials. The experiments are focused on materials relevant to nuclear fusion. The laboratory is equipped with three intensive neutron sources. The first is a 14 MeV monochromatic neutron source based on the DT reaction (owned by TUD); the other two are continuous and pulsed white photoneutron sources based on (γ,xn) reactions. One pulsed photoneutron source is realized by FZD in cooperation with the TUD. The continuous photoneutron source utilises a tungsten radiator (Tungsten Photoneutron Source) to produce neutrons with a wide energy spectra. The TPNS uses the ELBE-accelerator as a source of electrons for neutron production. This process involves an intermediate step, where slowed down electrons produce bremsstrahlung (γ -rays) absorbed by tungsten nuclei. Consecutively, the excited nuclei emit neutrons. The neutron flux of the photoneutron source is five orders of magnitude higher than the flux of the DT neutron sources with appropriate moderation. The neutron spectrum of TPNS can be modified by moderators, in such a way that the spectrum is comparable to that in the first wall of a Tokamak-Reactor. That allows investigations with the typical neutron spectrum of the fusion reactor. The technical solution, initial operation and the first experiment are described in this work. The neutron source is, in particular, dedicated to quantitative investigations in fusion neutronics. A fusion reactor produces radioactive isotopes as a nuclear waste. The main activity is accumulated in the structural materials. Carefully selected structural materials can significantly minimize the activity and thereby the amount of nuclear waste. The purpose of this project is to find constructional materials with half-lives shorter than several years, which can be recycled after about 100 years. The work is divided into three parts. The first part is dedicated to the energy supply problem and nuclear fusion is addressed as a promising solution of the near future. The neutron laboratory housing the TPNS is also briefly described. The second part deals with the tungsten photoneutron source, the design, construction, operation and the first experiments for neutron production. The third part summarises results and presents an outlook for future experiments with the TPNS.","2013-07-18","2025-06-13 13:27:28","2025-06-13 13:27:28","","","186","","","","","","","","","","Technische Universität Dresden","","de","","Doctoral thesis (Dr. rer. nat.)","","","","","fulltext-url: https://tud.qucosa.de/api/qucosa%3A27060/attachment/ATT-0/ Citation Key: greschner__2013__aufbau","","","","#author/gender/:male; #degree/title/:dr.rer.nat.; #degree/granted-by/:tu-dresden","","","","","","","","","","","","","","","","","","","","","","","","","","","","","","","","","","","","","","","","","","","","","","",""
"7P73THRD","thesis","2011","Vossberg, Markus","Der neue RFQ für den Hochladungsinjektor der GSI","","","","","https://nbn-resolving.org/urn:nbn:de:hebis:30-109069","Für das Helmholtzzentrum für Schwerionenforschung (GSI), in Darmstadt, wurde ein neuer RFQ zur Beschleunigung schwerer Ionen für den Hochladungsinjektor (HLI) entwickelt. Dieser RFQ hat den bereits vorhandenen ersetzt und soll, für die Anpassung des HLI an die neue 28 GHz-ECR-Ionenquelle, den Duty-cycle von 25 % auf 100 % erhöhen, um superschwere Ionen zu erzeugen und die Experimente mit schweren Ionen zu versorgen. Der RFQ hat die Aufgabe schwere, hochgeladene Ionen von 4 keV/u auf 300 keV/u zu beschleunigen. Wichtige Eigenschaften sind ein hoher Strahlstrom, eine hohe Strahl-Transmission, eine kleine Strahlemittanz und eine geringe transversale Emittanzzunahme. Die Erhöhung der Injektionsenergie von 2,5 keV/u auf 4 keV/u ermöglicht eine Verkleinerung des Konvergenzwinkels. Der Aufbau des 4-Rod-RFQs für den HLI ist Thema der vorliegenden Arbeit. Die Auslegung des HLI-RFQs bezieht sich auf ein festgelegtes max. Masse zu Ladungsverhältnis von A/q = 6, bei einer Betriebsfrequenz von 108,408 MHz. Die Ionen sollen bei einem Strahlstrom von 5 mA von 4 keV/u auf 300 keV/u beschleunigt werden. Durch die spezielle teilchendynamische Auslegung konnte die Länge des Tanks von vorher 3 m auf jetzt 2 m verkürzt werden. Dies begünstigt den CW-Betrieb der Struktur. Durch den CW-Betrieb hat man eine hohe Leistungsaufnahme, dies erfordert eine besondere teilchendynamische und hochfrequenztechnische Auslegung der RFQ-Struktur und eine effiziente Kühlung. Zur Simulation der Hochfrequenzeigenschaften wurde ein Modell des RFQ mit dem Programm Microwave Studio (MWS) erstellt. Die Simulationen ergaben einen nur 2 m langen RFQ mit sehr hoher Transmission > 95%. Nach den entsprechenden Simulationsrechnungen bezüglich der Teilchendynamik und der Hochfrequenzeigenschaften wurde der RFQ aufgebaut. Der zeitaufwändige Aufbau lässt sich in drei Abschnitte einteilen. Die Elektroden wurden präzise ausgemessen. Danach wurden Stützen, Elektroden und Tuningplatten an der Bodenplatte montiert und in den Tank eingesetzt. Im Tank wurden die Elektroden justiert, die zuerst außerhalb vermessen wurden. Die korrekte Position der Elektroden zur Referenzfläche wurde berechnet und mit Hilfe eines Faro-Gage im Tank eingemessen. Die maximale Abweichung der Elektrodenposition konnte auf 0,03 mm reduziert werden. Nach der mechanischen Einrichtung folgte die HF-Anpassung des Resonators. Durch das Erhöhen der Tuningplattenpositionen zwischen den Stützen konnte die Resonanzfrequenz von 90,8 MHz auf 108,4 MHz erhöht werden. Als nächstes wurde die Spannungsverteilung im Tank gemessen und mit Hilfe der Tuningplatten konnte sie so eingestellt werden, dass die maximale Abweichung zur mittleren Elektrodenspannung bei nur ± 2% liegt. Zur weiteren Hochfrequenzabstimmung wurde die Wirkung zweier Tauchkolben mit einem Durchmesser von 75 mm untersucht. Die Tauchkolben ermöglichen eine Anpassung der Frequenz im Bereich von 1,4 MHz. Sie sollen die möglichen Frequenzverschiebungen durch beispielsweise thermische Effekte, auf Grund des HF-Betriebs, regulieren. Für die Hochfrequenzabstimmung wurde eine Ankoppelschleife gefertigt und angepasst. Die Güte des Resonators betrug Q0 = 3100, bei einem RP-Wert RP = 100 kΩm, d.h. die zur Versorgung stehende HF-Leistung (50 kW im CW-Betrieb) reicht aus. An der GSI wurde nach dem Transport eine Kontrolle der Elektroden vorgenommen, danach wurde der RFQ erst einzeln, danach als komplette HLI Einheit getestet. Dazu wurden verschiedene Pulsmessungen und Emittanzmessungen mit Argon 7+ und Argon 8+ durchgeführt. Bei der ersten Strahlinbetriebnahme wurden die Transmission, die Ionenenergie und die Emittanz mit verschiedenen Ionen gemessen. Die ersten Tests des HLI-RFQ waren sehr vielversprechend. In den Tests war zu sehen, dass die vorgenommenen Arbeiten, wie Justage und HF-Abstimmung der Resonanzstruktur, erfolgreich waren. Danach wurde der Strahlbetrieb mit Calcium, bei einer Leistung von 50 kW, durchgeführt. Die gemessene Transmission bei einer Spannung von 43 kV lag bei 70 %. Im Mai 2010 gab es eine 14Stickstoff2+ -Strahlzeit mit einer gepulsten Leistung von N = 90 kW. Danach wurde Anpassungstests mit verschiedenen Schwerionen durchgeführt. Im November 2010 wurden neue Tuningplatten mit einer besseren Stützenkontaktierung sowie einer besseren Kühlung eingebaut. Die Elektroden wurden nach diesen Maßnahmen auf ± 0,04 mm einjustiert. Die Flatness liegt bei ± 2,1 %, die Güte beträgt Q0 = 3300. Der RFQ wurde in die Beamline eingebaut und geht im Januar 2011 in Betrieb.","2011","2025-06-13 13:27:28","2025-06-13 13:27:28","","","","","","","","","","","","","Goethe-Universität Frankfurt am Main","","de","","Doctoral thesis (Dr. rer. nat.)","","","","","fulltext-url: https://publikationen.ub.uni-frankfurt.de/files/22146/Dissertation_Vossberg.pdf Citation Key: vossberg__2011__neue","","","","#author/gender/:male; #degree/title/:dr.rer.nat.; #degree/granted-by/:uni-frankfurt","","","","","","","","","","","","","","","","","","","","","","","","","","","","","","","","","","","","","","","","","","","","","","",""
"JDNSSDR7","thesis","2024","Vilsmeier, Dominik","Efficient modeling and mitigation of quadrupole errors in synchrotrons and their beam transfer lines","","","","","https://doi.org/10.21248/gups.85890","Diese Arbeit beschäftigt sich mit der Bestimmung von Fehlern der Quadrupolfeldstärken in Synchrotronen sowie mit der Minderung des Einflusses ebensolcher Fehler in Strahltransportlinien. Es wird die Notwendigkeit verdeutlicht, mögliche Fehlerquellen in allen Abschnitten einer Beschleunigeranlage gleichermaßen zu betrachten, um gleichbleibend gute Konditionen für die laufenden Experimente zu gewährleisten. Während die vorgestellten Methoden exemplarisch für das SIS18 Synchrotron und die HEST Transferlinien am GSI Helmholtzzentrum für Schwerionenforschung untersucht wurden, sind diese ebenso relevant und anwendbar für die zukünftigen Beschleunigeranlagen und Transferlinien der Facility for Antiproton and Ion Research in Europe (FAIR). Teil 1 dieser Arbeit beschäftigt sich mit dem Problem der Bestimmung von Fehlern der Quadrupolfeldstärken mittels Response-Matrix Messungen an Synchrotronen. Der Fokus der Untersuchung liegt hierbei auf dem Einfluss der Verfügbarkeit von Steerer Magneten und Strahllage Monitoren (BPMs) sowohl auf die Lösbarkeit des dazugehörigen inversen Problems als auch auf die durch die Messungenauigkeiten bedingten Abweichungen der zu bestimmenden Fehler der Quadrupolfeldstärken. Das Problem wird sowohl mithilfe von analytischen Berechnungen als auch mit entsprechenden Simulationen untersucht. Es wird ein analytischer Ausdrucks für die Jacobi-Matrix entwickelt und die theoretischen Grenzen der Lösbarkeit des inversen Problems werden mithilfe dieses Ausdrucks hergeleitet. Darüber hinaus wird gezeigt, dass der analytische Ausdruck der Jacobi-Matrix für die Fitting-Methode verwendet werden kann, was den benötigten Rechenaufwand erheblich reduziert, konkret um einen Faktor $N_{Steerer} \times N_{Quadrupole}$, wobei das Symbol $N$ die Anzahl der Beschleuniger-Elemente des jeweiligen Typs bezeichnet. Die vorgestellten Ergebnisse werden außerdem mithilfe von zweckbestimmten Messungen am SIS18 Synchrotron getestet. Komplementär zu Teil 1 beschäftigt sich Teil 2 dieser Arbeit mit dem Einfluss von Fehlern der Quadrupolfeldstärken in Transferlinien bezüglich der Erfüllung der durch die Experimente vorgegebenen Anforderungen an die jeweilige Transferlinie. Es wird ein präventiver Ansatz entwickelt, welcher das Ziel hat, den Einfluss möglicher Fehler der Quadrupolfeldstärken auf die resultierende Leistung der Transferlinie durch die gezielte Auswahl geeigneter Konfigurationen der Quadrupolfeldstärken zu minimieren. Solch robuste Quadrupolkonfigurationen ermöglichen einen stabilen Betrieb der Transferlinien zur Versorgung der Experimente und reduzieren die Zeit, die Operateure aufwenden müssen, um die Transferlinien nachzujustieren. Es wird das Konzept der Robustheit von Quadrupolkonfigurationen eingeführt und mithfile von analytischen Berechnungen sowie mit Simulationen untersucht. Durch die Simulationsdaten werden veschiedene charakterisierende Eigenschaften von robusten Quadrupolkonfigurationen identifiziert. Darüber hinaus werden verschiedene Methoden, die die Gesamteffizienz des Rechenprozesses, der der Identifizierung von robusten Quadrupolkonfigurationen dient, maßgeblich verbessern, vorgestellt. Die Ergebnisse und Methoden werden anhand von zwei Experimenten an Transferlinien am GSI Helmholtzzentrum für Schwerionenforschung und am Forschungszentrum Jülich untersucht.  This thesis investigates the problem of estimating quadrupole errors on synchrotrons as well as how to minimize the influence of quadrupole errors for beam transfer lines (beamlines). It emphasizes the importance to treat possible error sources in all parts of an accelerator in order to provide constantly high beam quality to the experimental stations. While the presented methods have been investigated by using the example of the SIS18 synchrotron and the HEST beamlines at GSI Helmholtz Centre for Heavy Ion Research, they are equally relevant for the future synchrotrons and beamlines of the Facility for Antiproton and Ion Research in Europe (FAIR). Part 1 discusses the problem of estimating quadrupole errors via orbit response measurements at synchrotrons. An emphasis is put on investigating the influence of the availability of steerer magnets and beam position monitors (BPMs) on the solvability of the inverse problem as well as on the propagation of measurement uncertainty for the estimation of quadrupole errors. The problem is approached via analytical considerations as well as via dedicated simulation studies. By developing an analytical expression for the Jacobian matrix, the theoretical boundaries for the solvability of the inverse problem are derived. Moreover, it is shown that the analytical expressions for the Jacobian matrix can be used during the fitting procedure to achieve a significant improvement in the computational efficiency by a factor $N_{steerers} \times N_{quadrupoles}$, where $N$ denotes the number of lattice elements of the respective type. The presented results are tested via dedicated measurements at the SIS18 synchrotron. Part 2 discusses – complementary to part 1 – the influence of quadrupole errors in beam transfer lines with respect to the beam quality requirements given by the experimental stations. A preventive approach is presented which allows to minimize the influence of possible quadrupole errors on the degradation of beam quality. By identifying and selecting robust quadrupole configurations, a stable operation of the beamline can be enabled and the time needed by operators to readjust the beamline parameters can be reduced. The concept of beamline robustness is developed and is studied with the help of dedicated simulations. The simulation results are used to identify certain properties that distinguish robust from nonrobust quadrupole configurations. Also, various methods for improving the computational process of identifying robust quadrupole configurations are presented. The methods and results are tested via dedicated measurements at two different beamlines at GSI Helmholtz Centre for Heavy Ion Research and at Forschungszentrum Jülich.","2024-06-24","2025-06-13 13:27:28","2025-09-03 03:56:03","","","","","","","","","","","","","Goethe-Universität Frankfurt am Main","","en","","Doctoral thesis (Dr. rer. nat.)","","","","","fulltext-url: https://publikationen.ub.uni-frankfurt.de/files/85890/Dissertation_DominikVilsmeier.pdf Citation Key: vilsmeier__2024__efficient","","","","#author/gender/:male; #degree/title/:dr.rer.nat.; #is-about/facility/:fair/sis18; #degree/granted-by/:uni-frankfurt; #has-affiliation/:fair","","","","","","","","","","","","","","","","","","","","","","","","","","","","","","","","","","","","","","","","","","","","","","",""
"RFGB59NX","thesis","2024","Müller, Patrick","Optimization of superconducting crossbar H-mode cavity preparation","","","","","https://doi.org/10.21248/gups.86407","In dieser Dissertation werden die Erfahrungen mit verschiedenen Präparationsmethoden für CH-Kavitäten beschrieben, um die Leistung der Kavitäten nach der Herstellung weiter zu steigern. Die Leistung wird anhand von zwei wichtigen HF-Parametern bewertet: dem elektrischen Feld Ea und der intrinsischen Güte Q0. Im Gegensatz zu normalleitenden (NC) Kavitäten kann die intrinsische Güte von supraleitenden (SC) Kavitäten mit zunehmendem elektrischem Feld erheblich variieren. Das optimale Ergebnis für die Kavitätenpräparation ist die Erhöhung des maximalen elektrischen Feldes unter Beibehaltung eines höheren Q0 über die gesamte Feldspanne. Da Q0 umgekehrt proportional zu den Kavitätsverlusten ist, reduziert eine Erhöhung des Qualitätsfaktors die Kryoverluste für den Betrieb bei gegebenem Feldniveau. Die Entwicklung der Kavitätenperformanz im Verlauf dieser Arbeit dargestellt. Die meisten SC-Kavitäten sind elliptische Strukturen, welche bei hoher Geschwindigkeit und Tastrate angewendet werden. Die Präparationsmethoden wurden daher überwiegend auf diese Strukturen angewandt und optimiert. Diese Arbeit konzentriert sich auf die Umsetzung der zuverlässigsten und vielversprechendsten Oberflächenbehandlungen mittels des ersten vom IAP entwickelten SC 360MHz CH-Prototyps. Diese Kavität wies nach 11 Jahren Lagerung eine verminderte Leistung auf, welche mit Röntgenstrahlung bei bereits niedrigen elektrischen Feldern einherging. Dies deutet auf eine unbeabsichtigte Belüftung mit normaler Luft hin, durch die Partikel eingeführt wurden, die als verstärkende Quellen von Elektronen fungierten. Außerdem musste der Leistungskoppler aufgrund einer starken Überkopplung neu ausgelegt werden. Die Kavität wurde für 48 Stunden bei 120◦ C mittels Heizbändern in der Experimentierhalle des IAP’s ausgeheizt, was zu einer Verbesserung des Qualitätsfaktors bei niedrigen Werten und zu einer Verkürzung der für die Konditionierung von Multipacting-Barrieren erforderlichen Zeit führte. Allerdings wurde durch diese Behandlung das maximale erreichbare elektrische Feld weiter verringert. Die Verbesserung der Güte ist auf das Ausgasen der Kohlenwasserstoffe während des Backvorgangs zurückzuführen. Die negative Auswirkung auf das maximale elektrische Feld ist weniger auf das Backen selbst zurückzuführen als auf den Transport der Kavität und die verwendeten Vakuumkomponenten, die in der Versuchshalle gelagert sind. Die beobachtete Leistungseinschränkung lässt sich hauptsächlich durch Partikel im Inneren des Resonators erklären, da Feldemission bei niedrigen Feldstärken auftrat. Eine Hochdruckspülung mit ultrareinem Wasser (HPR) ist das Standardverfahren, um nach Behandlungen, bei denen das Risiko einer Oberflächenkontamination besteht, eine hohe Reinheit der inneren Oberflächen zu erreichen. Die HPR wurde in Zusammenarbeit mit dem Helmholtz-Institut-Mainz und der Gesellschaft für Schwerionenforschung geplant und durchgeführt. Der Resonator zeigte bereits während der Messung der Q-E-Kurve eine Zunahme der transmittierten Leistung bei konstanter Vorwärtsleistung, was vor der HPR nicht der Fall war. Bei der CW-HF-Konditionierung zeigte die Kavität den höchsten Gradienten bei einem deutlich schwächeren Q-Abfall bei hohen Feldstärken. Sowohl bei der Messung von 2008 als auch bei der beschriebenen Messung wurde die Kavität mit einer HPR-Behandlung fertiggestellt, aber für die HPR-Behandlung bei HIM in Mainz wurden einige Anpassungen vorbereitet. Der CH Prototyp verfügt über keine zusätzlichen Spülports und wurde daher mit zwei verschiedenen Düsen mit unterschiedlichen Sprühwinkeln gespült, um die erreichbaren inneren Resonatorflächen zu maximieren. Die Verwendung mehrerer Sprühwinkel könnte auch für CH-Kavitäten mit Spülöffnungen von Vorteil sein und sollte für zukünftige HPR-Anwendungen in Betracht gezogen werden. Die Heliumbehandlung wurde am CH-Prototyp 2,5 Stunden lang durchgeführt und lieferte vielversprechende Ergebnisse in Bezug auf die Güte und die Gradientenoptimierung. Während dieses Prozesses wurde die emittierte Röntgenstrahlung in Richtung am Arbeitsplatzs gemessen und zeigte starke zeitabhängige Fluktuationen. Dies deutete auf die Beseitigung von Partikeln hin und wurde anschließend durch einen Anstieg des elektrischen Feldes von 8,4 auf 8,7 MV/m bestätigt. Eine unerwartete Auswirkung wurde bei der Q-Steigung im mittleren bis hohen Feld festgestellt, bei der der Qualitätsfaktor im Vergleich zum HF-konditionierten Fall eine Erhöhung von 5% oberhalb von 2MV/m aufwies. Dieser systematische Anstieg wurde für diesen Beschleuniger vor der Behandlung bisher nicht beobachtet. Stickstoffgedopte Kavitäten zeigen ein ähnliches Verhalten, bei dem Wechselwirkungen innerhalb der Oxidschicht mit Änderungen der Qualitätsfaktoren korreliert sind. Da Helium ein nicht reaktives Element ist, sind mögliche Erklärungen für diesen Effekt der Sputterprozess und die Einlagerung von Helium innerhalb der Oberfläche. Eine Serie von Heliumbehandlungen ist geplant, um ein optimiertes und sicheres Rezept für CH-Kavitäten zu finden. Die Q-E-Messung nach der Abkühlung und vor der Behandlung wird auch zeigen, ob der Leistungsgewinn durch ein Aufwärmen auf Raumtemperatur beeinträchtigt wird. Die in dieser Arbeit skizzierte Behandlungssequenz wird für CH-Kavitäten dringend empfohlen. Das Ausheizen hat sich bei der Verringerung des Multipactings and der Güteabnahme bei hohen Feldern als wirksam erwiesen und bleibt von der anschließenden HPR unbeeinflusst. In dieser Arbeit wurden keine negativen Auswirkungen der HPR auf das Multipactingverhalten festgestellt. Anschließend wird eine CW-HF-Konditionierung durchgeführt, bis keine weitere Leistungszunahme der Kavität mehr zu verzeichnen ist. Wenn die Kavität immer noch durch Feldemission begrenzt ist, sollte eine Wiederholung der HPR-Behandlung in Betracht gezogen werden, da bei sorgfältiger Durchführung der HPR keine der bisherig gefertigten CH-Kavitäten hierdurch begrenzt war. Es ist auch anzumerken, dass die Heliumbehandlung nur an der 360MHz CH-Kavität durchgeführt wurde, als diese eine geringe Strahlung durch Feldemission aufwies. Das Risiko des Heliumprocessing an CH-Kavitäten unter starker Feldemission ist unbekannt. Es ist zu erwarten, dass die Elektronenströme und damit die Ionenbeschusslawinen zunehmen und ein größeres Risiko für die Beschädigung von der Komponenten darstellen. Nach dem derzeitigen Kenntnisstand sollte die Heliumbehandlung nur für gut vorbereitete Kavitäten mit minimaler Feldemission in Betracht gezogen werden.","2024","2025-06-13 13:27:28","2025-06-13 13:27:28","","","","","","","","","","","","","Goethe-Universität Frankfurt am Main","","en","","Doctoral thesis (Dr. rer. nat.)","","","","","fulltext-url: https://publikationen.ub.uni-frankfurt.de/files/86407/Dissertation_Patrick_Mueller_inklLinzenz.pdf Citation Key: muller__2024__optimization","","","","#author/gender/:male; #degree/title/:dr.rer.nat.; #degree/granted-by/:uni-frankfurt","","","","","","","","","","","","","","","","","","","","","","","","","","","","","","","","","","","","","","","","","","","","","","",""
"QIPADR3V","thesis","2024","Lubynets, Oleksii","Collective phenomena in (multi)strange-hadron production at high µB: performance of the CBM experiment at FAIR","","","","","https://doi.org/10.21248/gups.85576","The strong force is one of the four fundamental interactions, and the theory of it is called Quantum Chromodynamics (QCD). A many-body system of strongly interacting particles (QCD matter) can exist in different phases depending on temperature (T) and baryonic chemical potential (µB). The phases and transitions between them can be visualized as µB−T phase diagram. Extraction of the properties of the QCD matter, such as compressibility, viscosity and various susceptibilities, and its Equation of State (EoS) is an important aspect of the QCD matter study. In the region of near-zero baryonic chemical potential and low temperatures the QCD matter degrees of freedom are hadrons, in which quarks and gluons are confined, while at higher temperatures partonic (quarks and gluons) degrees of freedom dominate. This partonic (deconfined) state is called quark-gluon plasma (QGP) and is intensively studied at CERN and BNL. According to lattice QCD calculations at µB=0 the transition to QGP is smooth (cross-over) and takes place at T≈156 MeV. The region of the QCD phase diagram, where matter is compressed to densities of a few times normal nuclear density (µB of several hundreds MeV), is not accessible for the current lattice QCD calculations, and is a subject of intensive research. Some phenomenological models predict a first order phase transition between hadronic and partonic phases in the region of T≲100 MeV and µB≳500 MeV. Search for signs of a possible phase transition and a critical point or clarifying whether the smooth cross-over is continuing in this region are the main goals of the near future explorations of the QCD phase diagram.In the laboratory a scan of the QCD phase diagram can be performed via heavy-ion collisions. The region of the QCD phase diagram at T≳150 MeV and µB≈0 is accessible in collisions at LHC energies (√sNN of several TeV), while the region of T≲100 MeV and µB≳500 MeV can be studied with collisions at √sNN of a few GeV. The QCD matter created in the overlap region of colliding nuclei (fireball) is rapidly expanding during the collision evolution. In the fireball there are strong temperature and pressure gradients, extreme electromagnetic fields and an exchange of angular momentum and spin between the system constituents. These effects result in various collective phenomena. Pressure gradients and the scattering of particles, together with the initial spatial anisotropy of the density distribution in the fireball, form an anisotropic flow - a momentum (azimuthal) anisotropy in the emission of produced particles. The correlation of particle spin with the angular momentum of colliding nuclei leads to a global polarization of particles. A strong initial magnetic field in the fireball results in a charge dependence and particle-antiparticle difference of flow and polarization.Anisotropic flow is quantified by the coefficients vₙ from a Fourier decomposition of the azimuthal angle distribution of emitted particles relative to the reaction plane spanned by beam axis and impact parameter direction. The first harmonic coefficient v₁ quantifies the directed flow - preferential particle emission either along or opposite to the impact parameter direction. The v₁ is driven by pressure gradients in the fireball and thus probes the compressibility of the QCD matter. The change of the sign of v₁ at √sNN of several GeV is attributed to a softening of the EoS during the expansion, and thus can be an evidence of the first order phase transition. The global polarization coefficient PH is an average value of the hyperon’s spin projection on the direction of the angular momentum of the colliding system. It probes the dynamics of the QCD matter, such as vorticity, and can shed light on the mechanism of orbital momentum transfer into the spin of produced particles. In collisions at √sNN of several GeV, which probe the region of the QCD phase diagram at T≲100 MeV and µB≳500 MeV, hadron production is dominated by u and d quarks. Hadrons with strange quarks are produced near the threshold, what makes their yields and dynamics sensitive to the density of the fireball. Thus measurement of flow and polarization, in particular of (multi-)strange particles, provides experimental constraints on the EoS, that allows to extract transport coefficients of the QCD matter from comparison of data with theoretical model calculations of heavy-ion collisions.For continuation of the annotation see the PDF of thesis","2024-05-13","2025-06-13 13:27:28","2025-09-03 03:56:03","","","","","","","","Collective phenomena in (multi)strange-hadron production at high µB","","","","","Goethe-Universität Frankfurt am Main","","en","","Doctoral thesis (Dr. rer. nat.)","","","","","fulltext-url: https://publikationen.ub.uni-frankfurt.de/files/85576/PhD_thesis_Lubynets.pdf Citation Key: lubynets__2024__collective","","","","#author/gender/:male; #degree/title/:dr.rer.nat.; #is-about/facility/:cac/lhc; #degree/granted-by/:uni-frankfurt; #has-affiliation/:cern; #has-affiliation/:fair","","","","","","","","","","","","","","","","","","","","","","","","","","","","","","","","","","","","","","","","","","","","","","",""
"THI2ZS9A","thesis","2024","Harsh, Harsh","Bright and stable betatron beams from laser-driven plasma wakefield","","","","","https://doi.org/10.22032/dbt.64120","The acceleration of electron bunches reaching GeV energies within a centimeter-scale device exemplifies the remarkable advancements achieved in the field of laser-plasma acceleration. One essential by-product of such acceleration process is the production of highly energetic X-ray photons. In this thesis, I will detail an experimental research centered on Laser Wakefield Acceleration (LWFA). The main focus of this research is directed towards exploiting LWFA as compact sources of brilliant, hard synchrotron radiation, commonly referred to as betatron radiation. The primary result of the thesis follows the production of hard X-ray photons in keV regime using gas cell as the target for LWFA through ionisation injection scheme. The gas cell length was kept much longer than the electron dephasing length with an anticipation of the overlap of the laser fields with the charge trapped inside the plasma wave. This overlap could result in stronger transverse oscillation of the trapped electron bunches and an increase in the total emission of the X-rays produced by the LWFA. Hydrogen and Helium were used as the background gas with Nitrogen as the dopant. The resulting X-rays showed high critical energy, peak brilliance and source size at par with the results shown by other groups [1–4]. Additionally, the X-rays produced boast of high degree of shot to shot stability and reproducibility paving way for the implementation of single shot imaging set-up at JETi200 laser system in Jena, Germany. Another result discusses the production of quasi-monoenergetic electron beams from LWFA by implementing shock-front injection mechanism [5, 6]. The X-ray beam measured from such quasi-monoenergetic beams were found to have critical energy similar to [7]. However, the X-ray beam had lower critical energy and photon yield than the beams produced using ionization injection mechanism.","2024","2025-06-13 13:27:28","2025-06-13 13:27:28","","","122","","","","","","","","","","Friedrich-Schiller-Universität Jena","","en","","Doctoral thesis (Dr. rer. nat.)","","","","","fulltext-url: https://www.db-thueringen.de/servlets/MCRFileNodeServlet/dbt_derivate_00066211/Dissertation_Harsh.pdf Citation Key: harsh__2024__bright","","","","#degree/title/:dr.rer.nat.; #author/gender/:female; #degree/granted-by/:uni-jena; #is-about/acceleration-process/:plasma-based_laser-driven_acceleration","","","","","","","","","","","","","","","","","","","","","","","","","","","","","","","","","","","","","","","","","","","","","","",""
"AFHIHU2S","thesis","2024","Rajhans, Supriya","Few-cycle laser pulses for compact plasma accelerators","","","","","https://doi.org/10.22032/DBT.63574","Laser-driven plasma accelerators (LPAs) offer an efficient and highly compact alternative to conventional radio-frequency (RF) accelerators. This technology provides the potential to extend the application range of accelerators to a wider community, including science, industry, and healthcare. However, significant research and development is necessary to achieve the beam quality, stability, average power, and energy levels required for these applications. One of the key advancements needed to reach this operation regime is the development of a suitable driving laser source that can operate at kHz repetition rates while providing pulses at peak powers in or close to the TW range. Terawatt-class Ti:Sa lasers, representing the most common driving lasers for LPA sources to date, are limited to low repetition rates due to thermal issues. In contrast, Ytterbium-doped Yttrium Aluminum garnet (Yb:YAG) lasers are capable of supporting multi-millijoule energies at high average powers and repetition rates. However, they typically fall short of the peak power requirements for LPAs due to their narrow gain bandwidth, which limits the pulse duration to hundreds of femtoseconds. Combining Yb:YAG lasers with efficient postcompression methods like multi-pass cells (MPCs) could provide a promising solution to this challenge, enabling high repetition rates and TW peak powers through extreme-scale post-compression. In this work, we aim to explore this new LPA-driving laser approach with the main focus on developing a suitable laser source using a relatively compact Yb:YAG Innoslab laser that delivers 10 mJ pulses with 1.2 ps pulse duration at a 1 kHz repetition rate. This dissertation further addresses application-tailored optimization approaches and delivery of the generated pulses for first electron acceleration tests, aiming at demonstrating the first Yb-laser-driven LPA source with expected electron energies in the few-MeV regime.","2024","2025-06-13 13:27:28","2025-06-13 13:27:28","","","","","","","","","","","","","Friedrich-Schiller-Universität Jena","","en","","Doctoral thesis (Dr. rer. nat.)","","","","","fulltext-url: https://www.db-thueringen.de/servlets/MCRFileNodeServlet/dbt_derivate_00065736/dissertationRajhans.pdf Citation Key: rajhans__2024__fewcycle","","","","#degree/title/:dr.rer.nat.; #author/gender/:female; #degree/granted-by/:uni-jena; #is-about/acceleration-process/:plasma-based_laser-driven_acceleration","","","","","","","","","","","","","","","","","","","","","","","","","","","","","","","","","","","","","","","","","","","","","","",""
"3YNR6MSN","thesis","2021","Mirza, Sajjad Hussain","Closed orbit feedback system for the fast ramping hadron synchrotrons","","","","","https://doi.org/10.21248/gups.61016","Thema dieser Doktorarbeit ist die Entwicklung eines Systems zur schnellen Orbitkorrektur (Englisch: closed orbit feedback, COFB) Systems und dessen Anwendung an den GSISchwerionensynchrotrons SIS18 bzw. SIS100. Das wichtigste Ziel ist es eine Ortsstabilität (RMS-Wert) unterhalb 1 mm zu erreichen insbesondere auch während der Beschleunigungsrampe; diese Ortsstabilität entspricht ca. 10% der RMS-Strahlbreite. Das COFB-System soll desweiteren möglichst breitbandig wirken können – die natürliche obere Grenzfrequenz ist hier durch die erreichbare Bandbreite der Korrektordipolmagnete gegeben. In SynchrotronLichtquellen und Hadronen-B...","2021-08-05","2025-06-13 13:27:28","2025-09-03 03:56:03","","","","","","","","","","","","","Goethe-Universität Frankfurt am Main","","en","","Doctoral thesis (Dr. rer. nat.)","","","","","fulltext-url: https://publikationen.ub.uni-frankfurt.de/files/61016/Thesis_PhD_Sajjad_H._Mirza.pdf Citation Key: mirza__2021__closed","","","","#author/gender/:male; #degree/title/:dr.rer.nat.; #is-about/facility/:fair/sis18; #degree/granted-by/:uni-frankfurt; #has-affiliation/:fair","","","","","","","","","","","","","","","","","","","","","","","","","","","","","","","","","","","","","","","","","","","","","","",""
"EZQN3WWA","thesis","2024","Nazary, Haress","Towards Ion Stopping Power Experiments with the Laser-Driven LIGHT Beamline","","","","","https://doi.org/10.26083/tuprints-00027874","The objective of this thesis was to plan and prepare for a stopping power experiment with the Laser Ion Generation Handling and Transport (LIGHT) beamline, which is a laser-driven ion beamline at Helmholtzzentrum für Schwerionenforschung (GSI). To this end, detailed modeling and a demonstration of the feasibility of the experiment were carried out. In the experiment I planned, the LIGHT beamline will be configured to select and transport carbon ion beams (C⁴⁺) and proton beams with an energy-to-mass ratio of 0.6 MeV/u. These ions will be accelerated using the Petawatt High Energy Laser for Ion eXperiments (PHELIX) and transported via two solenoids. The projectile bunches will then be temporally compressed with a radio-frequency (RF) cavity to achieve the shortest possible bunch length, to examine the transient plasma as precisely as possible. The plasma target will be generated using the Nanosecond High Energy Laser for Ion eXperiments (nhelix), which was newly designed and upgraded within the scope of this work. The nhelix laser will irradiate a carbon foil with an areal density of 100 µg/cm² from both sides with an energy of 30 J each. The pulse length is 7 ns and the wavelength is 527 nm . The resulting plasma is designed to have a free electron density of 3 × 10²⁰ cm⁻³ and a temperature of 180 eV , which results in a projectile velocity close to the thermal velocity of the plasma electrons (vₚ ≈ vₜₕ). In this regime, the stopping maximum is located, and the stopping theories show their highest discrepancies. The laser-generated plasma will be diagnosed with an interferometric measurement of the free electron density. The development, construction, and successful testing of the interferometric setup were overseen by me throughout this work.I modeled the planned stopping power experiment, encompassing the ion beam transport, the simulation of the laser-heated plasma target, and the interaction of the ion beam with the plasma, both in terms of energy loss and charge state. Beamline simulations were conducted to predict the resulting beam characteristics and requisite beamline settings. The final simulated bunches exhibited a temporal bunch width of 300–340 ps and focal spot size of 4.5–5.5 mm at the plasma target. The plasma was modeled using the MULTI2D hydrodynamic code. A maximum temperature of 180 eV and a free electron density in the order of 10²⁰ cm⁻³ is reached after 7.75 ns . Here, the plasma is longitudinally homogeneous. In the innermost region, where the projectile beam passes through the plasma, transverse homogeneity is achieved after 8 ns. The ion beam’s interaction with the plasma target was then modeled based on different theoretical models describing the stopping power. A two-dimensional simulation of the entire experiment was successfully conducted. In the stopping maximum, the stopping power models predict an increased energy loss of 185–230 % for protons and 230–290 % for carbon ions compared to the energy loss in a solid target. In order to differentiate between five different theoretical stopping power models, it was determined that a required energy resolution of 11 % is sufficient to yield meaningful results. The two-dimensional simulations were employed to identify the optimal pinhole size for the projectile beam in the stopping power experiments, resulting in a diameter of 0.5 mm. The performance of the beamline was demonstrated experimentally by transporting and temporally compressing carbon ions (C⁴⁺) with an energy of (7.2 ± 0.2) MeV to a bunch duration of (1.23 ± 0.04) ns (full width half maximum). The focal spot size was (4.11 ± 0.02) mm in diameter, and the compressed bunch was estimated to contain (2.0 ± 0.6) × 10⁸ ions . In addition, protons with an energy of (0.63 ± 0.01) MeV were transported and temporally compressed to a bunch duration of (0.76 ± 0.04) ns . The focal spot size was (2.82 ± 0.03) mm in diameter, and the bunch was estimated to contain (5.9 ± 0.4) × 10⁸ protons. The projectile beams utilized in this study are five to seven times shorter than those employed in previous experiments with linear accelerators, resulting in a shorter time averaging over plasma parameters that change in nanoseconds. The estimated particle numbers were two to three orders of magnitude higher than in similar experiments, resulting in a higher possible time of flight (ToF) distance when measuring the energy and therefore a higher energy resolution. The transported beams were used to conduct stopping power experiments in a solid carbon foil, to demonstrate the feasibility of the planned experiment. The measured energy loss for protons was dE = (29 ± 6) keV , while the measured energy loss for carbon ions was dE = (61±10) keV. Both values are in agreement with the predicted values of the SRIM code (Stopping and Range of Ions in Matter). These measurements indicate an uncertainty of 7 % for protons and 6 % for carbon ions in the stopping power experiments with the plasma target. The preparatory experiments demonstrate the feasibility of the planned stopping power experiment, which will yield meaningful data for benchmarking stopping power theories.","2024-08-15","2025-06-13 13:27:28","2025-06-13 13:27:28","","","101","","","","","","","","","","Technische Universität Darmstadt","","en","","Doctoral thesis (Dr. rer. nat.)","","","","","fulltext-url: https://tuprints.ulb.tu-darmstadt.de/27874/1/HNazary_Dissertation.pdf Citation Key: nazary__2024__ion","","","","#author/gender/:male; #degree/title/:dr.rer.nat.; #degree/granted-by/:tu-darmstadt; #is-about/facility/:light@gsi","","","","","","","","","","","","","","","","","","","","","","","","","","","","","","","","","","","","","","","","","","","","","","",""
"5K336PAR","thesis","2024","List, Julian A.","Ertüchtigung von supraleitenden crossbar H-mode Hochfrequenzkavitäten mit hohem kopplungsfaktor","","","","","https://doi.org/10.25358/openscience-10366","In einer Kooperation zwischen der Gesellschaft für SchwerIonenforschung (GSI), der Johannes Gutenberg Universität Mainz (JGU), dem Helmholtz-Institut-Mainz (HIM) und der Goethe-Universität Frankfurt (GUF) wird zurzeit der supraleitenden Dauerstrich-Linearbeschleuniger HEmholtz LInear ACcelerator (HELIAC) entwickelt. Sein primärer Einsatzbereich ist die Fortführung und Intensivierung der Super Heavy Element (SHE)-Forschung an der GSI, insbesondere nachdem der bestehende UNIversal Linear ACelerator (UNILAC) nach einem Upgrade und Umbau zum Injektor des Facility for Antiproton and Ion Research (FAIR)-Projekts nicht mehr den Anforderungen der SHE-Experimente genügen wird. Im Rahmen des Advanced-Demonstrator-Projekts wird der erste Abschnitt des supraleitenden Beschleunigers mit Schwerionenstrahl in Betrieb genommen. Dabei kommen vier supraleitende neuartige Crossbar H-Mode (CH)-Kavitäten zum Einsatz. Die speziellen Anforderungen des Strahlbetriebs bedingen, dass die Beschleunigerkavitäten im sogenannten stark angekoppelten Zustand betrieben werden. Diese Betriebsart führt zu einem beträchtlichen Anstieg des HochFrequenz (HF)-Leistungsbedarfs und schließt gleichzeitig die zur Charakterisierung der HF-Kavitäten durchzuführende Bestimmung der Resonatorgüte aus. Das Ziel dieser Arbeit besteht darin, diesen beiden daraus resultierenden Herausforderungen zu begegnen. Der Fokus, der im Rahmen der vorliegenden Arbeit durchgeführten Untersuchungen lag zunächst auf der Entwicklung und dem Test eines HF-Kopplers, der für den erhöhten Leistungsbedarf ausgelegt ist. Neben der Optimierung der HF-Eigenschaften sollte insbesondere der Wärmeeintrag in den Kryostaten im zuverlässigen Dauerbetrieb minimiert werden. Die Entwicklung eines auf Impedanzanpassung der Zuleitung basierenden Gütemessverfahrens stellt den zweiten inhaltlichen Schwerpunkt dieser Arbeit dar. Diese neue Methode ermöglicht die Durchführung von Gütemessungen bei starker Ankopplung, was mit konventionellen HF-Messverfahren nicht realisierbar ist.  In a collaboration between Gesellschaft für SchwerIonenforschung (GSI), Johannes Gutenberg Universität Mainz (JGU), Helmholtz-Institut-Mainz (HIM) and Goethe-Universität Frankfurt (GUF), the superconducting continuous-wave linear accelerator HEmholtz LInear ACcelerator (HELIAC) is currently under development. Its primary application is to continue and intensify Super Heavy Element (SHE) research at GSI, especially since the existing UNIversal Linear ACelerator (UNILAC) will no longer meet the requirements for SHE experiments after undergoing an upgrade and a conversion to serve as the injector for the Facility for Antiproton and Ion Research (FAIR) project. Within the Advanced Demonstrator project, the first section of the superconducting accelerator will be commissioned, which involves four superconducting Crossbar H-Mode (CH) cavities. The special requirements of beam operation demand the cavities to be operated in the so-called strongly coupled state. This mode of operation leads to a considerable increase of Radio-Frequency (RF)-power demand, while simultaneously preventing the determination of the resonator quality-factor, the latter being essential for the characterization of the RF cavities. The objective of this thesis is to address both of these resulting challenges. The focus of the investigations carried out in the present work, lay firstly on the development and testing of an RF coupler designed to meet the increased power demand. In addition to optimizing the RF properties, the heat input to the cryostat was to be minimized during reliable continuous operation. The development of a quality factor measurement method based on impedance matching of the supply line represents the second substantive focus of this work. This method allows the measurement of the quality-factor at strong coupling, which is not possible with conventional RF-measurement methods.","2024","2025-06-13 13:27:28","2025-09-03 03:56:03","","","","","","","","","","","","","Johannes Gutenberg-Universität Mainz","","en","","Doctoral thesis (Dr. rer. nat.)","","","","","fulltext-url: https://openscience.ub.uni-mainz.de/bitstream/20.500.12030/10384/1/ertüchtigung_von_supraleitend-20240510114045718.pdf Citation Key: list__2024__ertuchtigung","","","","#author/gender/:male; #degree/title/:dr.rer.nat.; #degree/granted-by/:uni-mainz; #is-about/facility/:fair/unilac; #has-affiliation/:fair","","","","","","","","","","","","","","","","","","","","","","","","","","","","","","","","","","","","","","","","","","","","","","",""
"6S6HTWZ3","thesis","2024","Saifulin, Maxim","Fast scintillating ZnO ceramics for relativistic heavy-ion beam diagnostics","","","","","https://doi.org/10.26083/tuprints-00026525","Diese Dissertation befasst sich mit der Untersuchung von anorganischen keramischen Szintillatoren auf Basis von Zinkoxid, die durch einachsiges Heißpressen im Vakuum hergestellt und mit verschiedenen Elementen wie Indium und Gallium dotiert wurden. Die optischen und Lumineszenzeigenschaften dieser Proben wurden unter Schwerionenbestrahlung getestet. Die Untersuchungen sind durch die Notwendigkeit motiviert, Plastikszintillatoren zu ersetzen, welche derzeit standardmäßig in schnell zählenden Szintillationsdetektoren eingesetzt werden, aber stark unter Strahlungsschäden leiden. Es wird erwartet, dass keramische Szintillationsdetektoren auf ZnO-Basis strahlungsfest sind und sich daher besonders für die Strahldiagnostik an Schwerionenbeschleunigeranlagen für absolute Strahlintensitätsmessungen sowie die Kalibrierung von Strahlstrommessgeräten wie Ionisationskammern und Sekundärelektronentransmissionsmonitoren eignen. Die Bestrahlungsexperimente wurden am universellen Linearbeschleuniger UNILAC und am Schwerionensynchrotron SIS18 des GSI Helmholtzzentrums für Schwerionenforschung (Darmstadt, Deutschland) durchgeführt. Die Proben wurden unter verschiedenen Strahlbedingungen bestrahlt, darunter Ionen zwischen 40Ar und 238U, Strahlenergien von 4,8 bis 500 MeV/u und Ionenfluenzen bis zu 10^13 cm^-2. Die Lichtausbeute und ioneninduzierte Lumineszenzspektren wurden in-situ während der Probenbestrahlung aufgezeichnet. Unter allen Bestrahlungsbedingungen nimmt die Luminieszenzintensität mit steigender Ionenfluenz ab. Der Intensitätsverlauf als Funktion der Fluenz wird gut durch das von Birks und Black vorgeschlagenen Modells beschreiben und liefert kritishe Fluenzwerte (50% Intensitätsverlust) für die Energieverluste der verschiedenen Ionen. Die auf ZnO basierten Keramiken weisen eine mehr als 100-mal höhere Strahlenresistenz auf als Standard-Szintillatoren aus Kunststoff. In-dotierte und Ga-dotierte ZnO-Keramiken zeigen eine intensive exzitonenbasierte Nahbandkantenemission zusammen mit einer sehr geringen sogenannten deep-level Emission, die auf Defekte zurückzuführen ist. Bei der Bestrahlung mit schweren Ionen nimmt die Intensität der bandnahen Emission ab, es werden jedoch keine neuen Emissionsbänder beobachtet, die mit strahleninduzierten Defekten in Verbindung stehen. Messungen der optischen Lichtdurchlässigkeit wurden im Wellenlängenbereich von 300 bis 1000 nm durchgeführt. Mit zunehmender Ionenfluenz zeigen die Spektren eine immer ausgeprägtere Verringerung der Transmission im Bereich von 390 bis 600 nm, während bei höheren Wellenlängen keine Veränderung zu beobachten ist. Es wurde gezeigt, dass die Intensität der Ionenlumineszenz schneller abnimmt als die optische Transmission. Die Kinetik der Luminiszentemission wurde an Hand der Signale einer schnellen Photomultiplier Röhre analysiert. Vor der Bestrahlung weisen sowohl In-dotierte als auch Ga-dotierte ZnO-Keramiken ultraschnelle Abklingzeiten von weniger als einer Nanosekunde auf, welche sich durch die Bestrahlung nicht ändert. Der zweite Teil der Arbeit konzentrierte sich auf den Entwurf und die Konstruktion eines Szintillationsdetektor-Prototypen. Die Leistung dieses Prototyps wurde mit verschiedenen Ionen (40Ar-238U) bei 300 MeV/u getestet, einschließlich einer Variation der Strahlfleckposition über den aktiven Bereich des Detektors. Bezogen auf den Kunststoffdetektor zeigte der ZnO-Keramik-Prototyp eine Zähleffizienz von 100%. In Anbetracht der Ergebnisse zur Strahlenresistenz ist davon auszugehen, dass der Keramikdetektor eine mindestens 100-mal längere Lebensdauer als Szintillationsdetektoren aus Kunststoff haben wird und somit besser für die Diagnostik von Schwerionen geeignet ist.  This thesis focuses on the study of inorganic scintillating ceramics based on zinc oxide prepared by uni-axial hot pressing in vacuum and doped with different elements such as indium and gallium. The optical and luminescent properties of these samples were tested under heavy-ion irradiation. The investigations are motivated by the need to eventually replace plastic scintillators, which are currently standard for beam diagnostics in fast-counting scintillation detectors but suffer severely from radiation damage. ZnO-based ceramic scintillation detectors are expected to be radiation hard and as such particularly suitable for beam diagnostics at heavy-ion accelerator facilities for absolute beam intensity measurements and calibration of beam current measuring devices such as ionization chambers and secondary electron transmission monitors.The ion irradiation experiments were performed at the universal linear accelerator UNILAC and at the heavy-ion synchrotron SIS18 of the GSI Helmholtz Center for Heavy Ion Research (Darmstadt, Germany). The ceramic samples were irradiated under various beam conditions, including ions between 40Ar and 238U ions, beam energies from 4.8 to 500 MeV/u, and fluences up to 10^13 ions/cm^2. The light output and emission spectra of ion-induced luminescence were recorded in-situ during sample irradiation.Under all beam conditions, the intensity of the luminescent light decreases with increasing ion fluence. The evolution of the light intensity as a function of fluence is described with the model suggested by Birks and Black, yielding the critical fluence of 50% intensity loss for the stopping powers of the respective ions. The ZnO-based ceramics show more than 100 times higher radiation hardness compared to standard plastic scintillators used in heavy-ion beam diagnostics. Non-irradiated In-doped and Ga-doped ZnO ceramics exhibit intense exciton-related near-band-edge emission combined with very low defect-related deep-level emission.When exposed to heavy ions, the intensity of the near-band-edge emission decreases, but no new emission bands associated with radiation-induced defects are observed. In-situ optical light transmission measurements were performed in the wavelength range of 300 to 1000 nm. With increasing ion fluence, the spectra show a more and more pronounced reduction in transmission in the 390-600 nm range, while no change is observed at higher wavelengths. Important to note is that the ionoluminescence intensity decreases faster than the optical transmission. The kinetics of luminescent light emission was characterized using fast photomultiplier tube signals. Before ion exposure, both In-doped and Ga-doped ZnO ceramics exhibit ultrafast scintillation decay times of less than a nanosecond. No change in scintillation decay time is observed as a result of ion irradiation.The second part of the thesis concentrated on the design and construction of a prototype ZnO(In) based scintillation detector. The performance of this prototype was tested with various 300 MeV/u ions (40Ar-238U) including a variation of the beam spot position across the active area of the prototype detector. Compared to the plastic reference detector, the ZnO ceramic prototype showed 100% counting efficiency. Considering the radiation hardness results, the ceramic detector is expected to have an operational lifetime at least 100 times longer than the plastic scintillation detectors currently used for beam diagnostics at GSI. The new detector prototype represents a tool with significantly improved properties for heavy-ion beam diagnostics.","2024-01-30","2025-06-13 13:27:28","2025-09-03 03:56:03","","","114","","","","","","","","","","Technische Universität Darmstadt","","en","","Doctoral thesis (Dr. rer. nat.)","","","","","fulltext-url: https://tuprints.ulb.tu-darmstadt.de/26525/1/Saifulin_PhD-Thesis_final.pdf Citation Key: saifulin__2024__fast","","","","#author/gender/:male; #degree/title/:dr.rer.nat.; #degree/granted-by/:tu-darmstadt; #is-about/facility/:fair/unilac; #has-affiliation/:fair","","","","","","","","","","","","","","","","","","","","","","","","","","","","","","","","","","","","","","","","","","","","","","",""
"NWFZ8RZ7","thesis","2023","Velthaus, Verena","Mitigation of heavy ion-stimulated gas desorption from accelerator components","","","","","https://doi.org/10.26083/tuprints-00024344","Ion-stimulated desorption is a serious problem regarding intensity limitation for heavy ion circular accelerators. Lost beam ions colliding with the wall of the beam tube trigger the release of huge amounts of gas. This leads to local pressure increases up to three orders of magnitude, which in turn enhances further beam losses. Future accelerators, such as the Facility for Antiproton and Ion Research (FAIR), are designed to deliver ion beams of highest intensities. For stable beam conditions, this requires low desorbing surfaces for beam exposed accelerator components and excellent vacuum conditions with pressures in the range of 10⁻¹² mbar. The objective of this thesis was to develop surfaces with minimal ion-stimulated desorption by testing a large variety of pretreatment methods for copper, tungsten and aluminum samples including extended ex-situ thermal annealing and different combinations of lapping, polishing, etching and milling as well as sputter cleaning with keV argon ions. In addition, coatings with TiZrV, titanium nitride and carbon were tested. Ion-stimulated desorption was determined by irradiation experiments with calcium or gold ions with 4.8 MeV/u specific energy at the UNILAC beamline M1 at the GSI Helmholtz Center for Heavy Ion Research. In addition, ion-stimulated desorption measurements with highly charged ions (Au⁷⁸⁺) of different specific energies (2, 3 and 4.8 MeV/u) were conducted at CRYRING. For all experiments, desorption was quantified by recording the pressure increase with a total pressure gauge and a quadrupole mass spectrometer. For ion-stimulated desorption, the pressure increase during irradiation is converted into a number of desorbed molecules per impacting ion, the so-called desorption yield, while in complementary thermal desorption experiments outgassing is quantified by the amount of desorbed gas per surface area (mbar∙l/cm²). As surface treatments, diamond milling and polishing turned out to be appropriate solutions. Sputter cleaning with keV argon ions also result in a clear reduction of the desorption yield. Ex-situ annealing at 400 °C for about 4 h under ultra-high vacuum conditions was identified as excellent pretreatment method to reduce ion-stimulated desorption. The low desorption is preserved even after storage in atmosphere for at least 11 months. Storage in argon is recommendable, because these samples show lower desorption compared to atmosphere storage. The fact that the low desorption persists under storage in atmosphere is a strong indication that ion-stimulated desorption is not limited to the surface, but that the bulk also plays a significant role. To prepare accelerator components with minimal outgassing, both surface and bulk properties have to be optimized.","2023","2025-06-13 13:27:28","2025-09-03 03:56:03","","","117","","","","","","","","","","Technische Universität Darmstadt","","en","","Doctoral thesis (Dr. rer. nat.)","","","","","fulltext-url: https://tuprints.ulb.tu-darmstadt.de/24344/1/Diss_Velthaus_für_Veröffentlichung.pdf Citation Key: velthaus__2023__mitigation","","","","#degree/title/:dr.rer.nat.; #author/gender/:female; #degree/granted-by/:tu-darmstadt; #is-about/facility/:fair/unilac; #is-about/facility/:fair/cryring@esr; #has-affiliation/:fair","","","","","","","","","","","","","","","","","","","","","","","","","","","","","","","","","","","","","","","","","","","","","","",""
"7E24IIVN","thesis","2023","Simon, Pascal","Carbon-Based Materials for High-Power Accelerator Components Exposed to Extreme Radiation Conditions","","","","","https://doi.org/10.26083/tuprints-00024606","The increasing beam power of next-generation particle accelerator facilities demands specific functional materials that can withstand extreme operation conditions, especially when interacting directly with the beam. These conditions include large thermal loads and mechanical stresses that are induced by high-intensity/high-power particle beams, which also induce radiation damage. In comparison to electron and proton accelerators, radiation damage is a particularly severe issue at heavy ion accelerators like the Facility for Antiproton and Ion Research (FAIR) under construction in Darmstadt. Carbon-based materials are commonly used in accelerator components. Graphite, for example, is employed in beam-intercepting devices like beam dumps and secondary particle production targets, while diamond is the active material in high-performance particle detectors. Both graphite and diamond are characterized by their large robustness towards radiation damage due to lower stopping power and lower activation in high-dose environments in comparison to metals. While structural radiation damage has been extensively studied in graphite and diamond, this thesis thus focuses (i) on the potential application of diamond-based composites for high-intensity heavy ion luminescence screens and (ii) on the effects of high-power single beam pulses on graphitic materials. Diamond-based metal matrix composites, containing type Ib diamond powder, bulk monocrystalline type Ib and type IIa diamonds were irradiated with different swift heavy ions at the UNILAC accelerator of the GSI Helmholtz Centre for Heavy Ion Research, Darmstadt. On-line ionoluminescence spectroscopy was combined with in-situ UV/vis and infrared absorption spectroscopy to characterize the radiation-induced evolution of intrinsic and extrinsic defects within the diamond lattice. Radiation damage effects along the ion range were investigated with depth-resolved Raman and photoluminescence spectroscopy.The ionoluminescence signal of diamond-based composite and type Ib diamond degraded rapidly under irradiation with swift heavy ions. UV/vis absorption spectroscopy showed no clear difference in the evolution of radiation-induced defects between type Ib and type IIa diamonds with increasing radiation fluence. While optical microscopy indicated severe loss of transmission in irradiated diamonds, significant increase of absorption occurred only at the highest ion fluences and is thus not contributing to the degradation of the ionoluminescence signal. Photoluminescence measurements along the ion trajectory reveal that color centers are produced predominantly in regions of high electronic energy loss. All color centers exhibit a non-linear trend with increasing radiation fluence that is attributed to a radiation-induced vacancy density threshold. In summary, the irradiation experiments performed on various diamond samples within this thesis indicate that diamond-based metal matrix composites have major drawbacks as a luminescence screen for high-intensity heavy ion beams.To investigate the effects of high-power beam pulses, various graphitic materials were exposed to 440 GeV/c proton beams in a dedicated experiment at the High-Radiation to Materials (HiRadMat) facility at CERN. Such beams produce high local energy densities of a few kJ/g, which induce a dynamic response that is akin to a mechanical shock, which was monitored on-line via laser Doppler vibrometry. Different polycrystalline graphite grades displayed a correlation between the mesostructure and damping of the beam-induced dynamic response. Smaller particle sizes and the absence of a binder phase decrease the damping of elastic pressure waves. Thermo-mechanical finite element simulations of the dynamic response of SGL R6650 polycrystalline graphite indicated a fully elastic material response up to the maximum beam intensity. Hence, these results demonstrate that this graphite grade can be safely used in the Superconducting Fragment Separator (Super-FRS) target at FAIR. A set of composite samples, that comprised tantalum cores embedded in different graphite shells, were used to create beam-induced stresses to potentially invoke failure in the graphite. The maximum surface velocity of the samples exhibited a non-linear trend with increasing beam-induced energy density within the tantalum cores, indicative of the onset of (local) failure within the graphite shells. The dynamic response of high-strength carbon-fiber reinforced graphite grades degraded more rapidly in comparison to lower strength material grades such as polycrystalline graphite or even low-density graphite foam. The broad overview of the beam-induced dynamic behavior presented within this thesis provides experimental validation of graphite grades for potential use in the FAIR accelerators and is a basis for the development of advanced material models for thermo-mechanical simulations of (anisotropic) graphite materials.","2023-12-08","2025-06-13 13:27:28","2025-09-03 03:56:03","","","193","","","","","","","","","","Technische Universität Darmstadt","","en","","Doctoral thesis (Dr.-Ing.)","","","","","fulltext-url: https://tuprints.ulb.tu-darmstadt.de/24606/1/20231013_Dissertation_PSimon.pdf Citation Key: simon__2023__carbonbased","","","","#author/gender/:male; #degree/title/:dr.-ing.; #degree/granted-by/:tu-darmstadt; #is-about/facility/:fair/unilac; #has-affiliation/:fair","","","","","","","","","","","","","","","","","","","","","","","","","","","","","","","","","","","","","","","","","","","","","","",""
"2CM7X5RR","thesis","2023","Zobus, Yannik","Design and implementation of a high-contrast, millijoule-level ultrafast optical parametric amplifier for high-intensity lasers","","","","","https://doi.org/10.26083/tuprints-00024200","The objective of this work was the development of a laser module to improve the temporal contrast of high-intensity laser systems and its implementation at the high-power laser PHELIX at the GSI Helmholtzzentrum für Schwerionenforschung GmbH in Darmstadt. By improving the temporal contrast, experiments with laser-plasma interaction under extreme peak intensities should be made possible without disturbing or destroying the target before the arrival of the main pulse. In the frame of this work, I have therefore developed an ultrafast optical parametric amplifier (uOPA), which enables high-temporal-contrast amplification of short laser pulses up to the millijoule range and can thus replace subsequent contrast-degrading amplifier systems. In addition to reducing amplified spontaneous emission, the occurrence of pre-pulses can also be prevented. I have additionally developed a dedicated pump module for this amplifier, which can be used in a wide spectral range around the central wavelength of 1 μm and thereby can be implemented on various laser systems as a pump laser for uOPA systems. Thus, in addition to the high-contrast amplifier for the Nd:glass laser system PHELIX, I have built a second uOPA module for use in the diode-pumped Yb:CaF2 laser system PENELOPE. I implemented the module on the high-power PHELIX laser as part of this work, which successfully replaced an amplifier, which generated intense pre-pulses, in the amplification chain. This allowed me to lower the pre-pulse contrast at PHELIX by nearly three orders of magnitude to a contrast level of 6.2·10⁻¹¹, keeping the pre-pulse intensity, even for the highest possible intensity at PHELIX, below 100 GW/cm².","2023","2025-06-13 13:27:28","2025-06-13 13:27:28","","","134","","","","","","","","","","Technische Universität Darmstadt","","en","","Doctoral thesis (Dr. rer. nat.)","","","","","fulltext-url: https://tuprints.ulb.tu-darmstadt.de/24200/1/dissertation_yzobus_finalpublication.pdf Citation Key: zobus__2023__design","","","","#author/gender/:male; #degree/title/:dr.rer.nat.; #degree/granted-by/:tu-darmstadt","","","","","","","","","","","","","","","","","","","","","","","","","","","","","","","","","","","","","","","","","","","","","","",""
"E268AEA6","thesis","2023","Metternich, Martin","Shaping of laser-accelerated ion beams for applications in high energy density physics","","","","","https://doi.org/10.26083/tuprints-00024395","The goal of this work was the generation of a suitable ion beam for specific applications with a laser-driven ion beamline, which was realized within the Laser Ion Generation Handling and Transport (LIGHT) collaboration at GSI Helmholtzzentrum für Schwerionenforschung GmbH. For this purpose, the influence of the beam shaping on the initial properties of the laser-generated ion beam has first been characterized in detail. In addition, equations have been derived to calculate the required magnetic and electric field strengths of the beamline components for the applications under investigation. These findings have then been used to determine the optimal setup of the LIGHT beamline for the following three applications: • The injection of the ion beam into the heavy ion synchrotron SIS18 at GSI • The generation and investigation of high proton fluxes • The generation of a suitable ion beam for the measurement of the stopping power of dense, highly ionized plasmas Subsequently, the expected beam parameters for these setups were determined by numerical simulations and verified experimentally. According to the numerical simulations, the current setup of the LIGHT beamline can inject 3 × 10⁸ protons with an energy of 11.4 MeV into the SIS18 synchrotron at GSI in one shot. Since the synchrotron can accommodate more than 10¹⁰ protons, proposals have also been elaborated to increase the number of particles for this application. With respect to the generation of high proton fluxes, in an experimental campaign that was carried out as part of this work, a proton bunch with (7.72 ± 0.14) MeV and a particle flux of (3.28 ± 0.24) × 10⁸ ns⁻¹ mm⁻² was achieved. Of particular note is the temporal width of this proton bunch, which was only (742 ± 40) ps (FWHM). Furthermore, the corresponding simulations for this experiment revealed that the cross-shaped ion beam profile in pulsed high-field solenoid beamlines, which is shown on the cover of this thesis, is caused by the magnetic field of the connecting cables of the solenoid magnets. These results have been published in [Metternich et al., 2022]. Finally, the generation of a suitable ion beam for measuring the stopping power of dense, highly ionized plasmas was investigated and experimentally performed using the LIGHT beamline. The resulting ion beam had an energy of (0.60 ± 0.02) MeV u⁻¹ and a temporal width of (1.23 ± 0.04) ns (FWHM). Moreover, it could be estimated that (2.0 ± 0.6) × 10⁶ carbon ions of this bunch will penetrate the spatially homogeneous region of the plasma under investigation in the planned experiment, i.e., three orders of magnitude more particles than in previous measurements at GSI with a temporal bunch width comparatively almost five times shorter. The measurement of the stopping power of dense, highly ionized plasmas with the beam parameters achieved in this work should therefore lead to much lower measurement uncertainties than in the experiments performed so far.","2023","2025-06-13 13:27:28","2025-06-13 13:27:28","2025-01-19 05:33:33","","","","","","","","","","","","Technische Universität Darmstadt","","en","","Doctoral thesis (Dr. rer. nat.)","","","","","fulltext-url: https://repository.gsi.de/record/341044/files/phd_mmetternich.pdf Citation Key: metternich__2023__shaping","","","","#author/gender/:male; #degree/title/:dr.rer.nat.; #degree/granted-by/:tu-darmstadt","","","","","","","","","","","","","","","","","","","","","","","","","","","","","","","","","","","","","","","","","","","","","","",""
"YVSIKBL5","thesis","2022","Glukhov, Sergei","Multipass beam breakup instability countermeasures in energy recovery linacs","","","","","https://doi.org/10.26083/tuprints-00022915","The multipass regenerative multibunch beam breakup instability is specific to recirculating linacs (linear accelerators) and energy recovery linacs operating in continuous wave mode where particle bunches pass multiple times through the same superconducting RF cavities with extremely high quality factor. Parasitic electromagnetic modes excited in the cavities can affect bunch dynamics in such a way, that on its subsequent passes it excites the modes further and a positive feedback loop is formed. The term ""regenerative"" means that the effect on a single bunch during its passage through the machine is negligible but the instability develops in time due to persisting fields in the cavities (in opposite to ""cumulative"" instabilities developing in space when the effect accumulates during the single passage of a bunch through the machine). Analysis in the time domain (bunch tracking) and the frequency domain (complex current plot technique) may be used to study the instability. Usually only dipole modes are considered, however, in the present work similar approaches are applied to monopole and quadrupole modes and illustrated with simulation results for the S-DALINAC and MESA facilities. An approximated stability analysis technique with better performance for the case of multiple recirculations is proposed. Countermeasures including betatron phase advance adjustment and additional betatron coupling are considered and a universal criterion for assessment of their effectiveness is proposed. A strategy to study the instability experimentally at S-DALINAC is described. A simple model of a damped oscillator with feedback is proposed as a universal example illustrating the phenomenon in general.","2022","2025-06-13 13:27:28","2025-06-13 13:27:28","2025-01-19 05:33:52","","127","","","","","","","","","","Technische Universität Darmstadt","","en","","Doctoral thesis (Dr. rer. nat.)","INSPIRE","2782822","DOI.org (Datacite)","","fulltext-url: https://tuprints.ulb.tu-darmstadt.de/22915/1/2022-06-03_Glukhov_Sergei.pdf Citation Key: glukhov__2022__multipass","","","","#author/gender/:male; #degree/title/:dr.rer.nat.; #is-about/accelerator-type/erl; #degree/granted-by/:tu-darmstadt","","","","","","","","","","","","","","","","","","","","","","","","","","","","","","","","","","","","","","","","","","","","","","",""
"38ZGZRSG","thesis","2022","Scahill, Nahid","Self-modulation of photoemitted bunches at the picosecond timescale","","","","","https://doi.org/10.25358/OPENSCIENCE-6821","Photoemission sources are essential for operation of high-power accelerators. The successful operation of such electron accelerators demands the appropriate choice of photocathode material that can produce low emittance electron beams with high brilliance and high quantum efficiency. The time response of the cathode is also an important factor for the accelerator applications, and the pulse response must be within the longitudinal acceptance of the accelerator. Any part of the electron bunch not contained in the longitudinal acceptance of the accelerator contributes to a longitudinal halo which must be strictly minimized. The losses associated with longitudinal halo result in induced accelerator component radioactivity and can create background which masks the physics processes in the detectors. In the case of the MESA accelerator, the maximum accepted pulse length is 200 ps. Therefore, photocathodes capable of producing fast responses are desirable. In addition, many accelerator systems require spin-polarized beams. In MESA, beams of high spin-polarization are required for the precision measurements of the electroweak mixing angle (P2). Generating the spin-polarized electron beam can be achieved with GaAs-based photocathodes in negative electron affinity state. The strained superlattices, in particular, increase the strain-induced splitting which makes them superior sources of polarized electrons. The present work is composed of two parts. First, investigating pulse responses of the bulk GaAs as the quantum efficiency decays. The dependency of the pulse shape on quantum efficiency over many orders of magnitude was observed. The results showed that as the quantum efficiency dropped, the general trend was such that the intensity of the halo decreased. At very low quantum efficiency (< 10−4 %), when high-intensity illumination was needed, a surface photovoltage developed and limited the extracted current due to space charge. The surface photovoltage effect at the picosecond timescale was investigated in photoemission for the first time. This characteristic can be approximated to a continuous pump-probe in which self- modulation of the electron pulses at picosecond timescale is reached. Second, the time response and polarization of the strained GaAs/GaAsP su- perlattice was investigated in a time-resolved manner. In order to conduct the polarization measurements, a Wien filter spin-rotator was built and commissioned. The investigation delivered a pulse with a longitudinal halo in the order of 3 × 10−4 of the peak intensity. The results indicated that GaAs/GaAsP, when compared to other superlattices, can be considered a better choice of cathode for investigations in accelerator systems, in particular, for experiments with spin-polarized electron beams such as the P2 experiment in MESA.","2022","2025-06-13 13:27:28","2025-06-13 13:27:28","","","144","","","","","","","","","","Johannes Gutenberg-Universität Mainz","","en","","Doctoral thesis (Dr. rer. nat.)","","","","","fulltext-url: https://openscience.ub.uni-mainz.de/bitstream/20.500.12030/6832/1/selfmodulation_of_photoemitte-20220315180831747.pdf Citation Key: scahill__2022__selfmodulation","","","","#author/gender/:male; #degree/title/:dr.rer.nat.; #is-about/accelerator-type/erl; #degree/granted-by/:uni-mainz","","","","","","","","","","","","","","","","","","","","","","","","","","","","","","","","","","","","","","","","","","","","","","",""
"AV7HNAA2","thesis","2022","Mohr, Konstantin Thilo","First laser spectroscopy of Mg⁺ at CRYRING@ESR and He-like boron at HITRAP","","","","","https://doi.org/10.26083/TUPRINTS-00022451","An dem in 2014 an der GSI installierten Speicherring CRYRING@ESR wurde im Rahmen dieser Arbeit die für Laserspektroskopie notwendige Infrastruktur geschaffen. Dies umfasst die Installation der Lasersysteme, des Strahltransports, der Einkopplung in den Speicherring und die notwendige Infrastruktur für die Überlagerung des Ionenstrahls mit den Laserstrahlen. Weiterhin wurde eine Labview-basierte Schnittstelle zur Laserfrequenzsteuerung entwickelt, die ein Fizeau-Interferometer des Typs WSU10 der Firma HighFinesse als Frequenzreferenz nutzt. Im ersten Teil der Arbeit werden die experimentellen Rahmenbedingungen am CRYRING@ESR bezüglich laserspektroskopischer Untersuchungen an einfach geladenen Mg+-Ionen untersucht. Dabei werden insbesondere die Eigenschaften des Elektronenkühlers untersucht und mögliche Anwendungen der Laser-Geschwindigkeitsmessungen diskutiert. Ein interessanter Aspekt war dabei die Laserfluoreszenz-basierte Beobachtung der Anfachung von Synchrotronoszillationen durch eine leichte Fehljustage in der Überlagerung von Elektronen- und Ionenstrahl im Kühler. Das Hauptziel der laserspektroskopischen Untersuchungen von Mg+ war die Untersuchung eines möglichen Polarisationsaufbaus und -erhalts durch optisches Pumpen. Diese Technik ist an linearen Beschleunigeranlagen weltweit schon gut etabliert, konnte aber bislang in Speicherringen noch nicht unzweifelhaft demonstriert werden. Während ein effizienter resonanter Populationstransfer des gesamten Ionenensembles zwischen den beiden Hyperfeinstrukturgrundzuständen der 25Mg+ Ionen beobachten ließ, konnte eine dauerhafte Polarisation des Ionenstrahls unter den gegebenen experimentellen Bedingungen nicht nachgewiesen werden. Anhand der hier präsentierten ersten Analyse der gewonnen Daten werden neue Ansätze zur weiteren Untersuchung dieses Aspektes diskutiert. Zusätzlich zu den Untersuchungen am Speicherring wurde im zweiten Teil der Arbeit mit dem für CRYRING@ESR aufgebauten Lasersystem und weiterentwickeltem Datenaufnahmesystem kollineare Laserspektroskopie an der HITRAP-Anlage durchgeführt. In einer Machbarkeitsstudie wurde dort demonstriert, dass der metastabile Triplett-Zustand 23S1 in heliumähnlichen 11B3+-Ionen bei der Produktion in einer Elektronenstrahl-Ionenquelle (EBIS) des DREEBIT-Typs für laserspektroskopische Untersuchungen ausreichend stark besetzt wird. Bei der Analyse der Daten wurde die relativistische Konfigurationsmischung in He-ähnlichen Systemen mit Hyperfeinstruktur berücksichtigt und so die bis dahin genauesten experimentellen Werte für die Ruhefrequenzen der Feinstrukturübergänge 2s 3S1 ↔2p 3P0 und 2s 3S1 ↔2p 3P2 mit vergleichbarer Genauigkeit reproduziert. Basierend auf diesen Ergebnissen sind jetzt weitere, präzisere Messungen heliumartiger Ionen an der “Kollinearen Apparatur für Laserspektroskopie und Angewandte Wissenschaft” (KOALA) an der TU Darmstadt im Gange.  At the storage ring CRYRING@ESR, which was installed at GSI in 2014, the infrastructure requirements for laser spectroscopy were established within the scope of this work. This includes the installation of the laser systems, the laser beam transport as well as the coupling units to the storage ring and the infrastructure for the superposition of ion and laser beam. Moreover, a Labview-based interface for laser frequency control was developed, which uses a Fizeau interferometer of type WSU10 (HighFinesse) as a frequency standard. In the first part of this work, the experimental conditions at CRYRING@ESR were investigated with respect to laser spectroscopic studies on singly charged Mg+-ions. Particularly, the properties of the electron cooler and possible applications of the laser Doppler-velocimetry are discussed. One very interesting aspect was the laser-based observation of the excitation of synchrotron oscillations due to a slight misalignment of electron and ion beam in the electron cooler section. The main objective of the laser spectroscopic studies on Mg+ was to investigate a possible polarization build-up and preservation by optical pumping. This technique is already well established at linear accelerator facilities around the world, but has not yet been demonstrated unambiguously in storage rings. While an efficient resonant population transfer of the complete ion ensemble between different hyperfine structure states in 25Mg+ was clearly proven, an enduring polarization of the ion beam was not obtained under the current experimental conditions. From the first analysis of the recorded data, novel approaches for further systematic studies of this aspect are discussed. In the second part of the thesis, collinear laser spectroscopy was performed at the HITRAP facility. In a proof-of-principle experiment it was demonstrated that the meta-stable triplet state 2 3S1 in helium-like 11B3+ ions is sufficiently populated for laser spectroscopic studies when produced by an electron beam ion source (EBIS) of the DREEBIT type. To analyze the data, a fit-model including relativistic configuration mixing in He-like systems was applied and the so far most accurate experimental values for the rest-frame transition frequencies of the fine-structure transitions 2s 3S1 &lt;-&gt; 2p 3P0 and 2s 3S1 &lt;-&gt; 2p 3P2 were reproduced with similar accuracy. Based on these results, more accurate measurements of He-like ions are ongoing at the Collinear Apparatus for Laser Spectroscopy and Applied Sciences (COALA) at TU Darmstadt.","2022","2025-06-13 13:27:28","2025-09-03 03:56:03","2025-01-19 05:34:41","","157","","","","","","","","","","Technische Universität Darmstadt","","en","","Doctoral thesis (Dr. rer. nat.)","","","","","fulltext-url: https://tuprints.ulb.tu-darmstadt.de/22451/1/Dissertation_KonstantinMohr_v1.pdf Citation Key: mohr__2022__first","","","","#author/gender/:male; #degree/title/:dr.rer.nat.; #degree/granted-by/:tu-darmstadt; #is-about/facility/:fair/cryring@esr; #has-affiliation/:fair","","","","","","","","","","","","","","","","","","","","","","","","","","","","","","","","","","","","","","","","","","","","","","",""
"RAJX78UV","thesis","2022","Dmytriiev, Dmytro","Design of a position sensitive resonant schottky detector for the rare-RI ring in RIKEN","","","","","https://doi.org/10.11588/HEIDOK.00031183","Die Erforschung des Schnellen Neutroneneinfachprozesses (r-Prozess) innerhalb von Sternen, der zur Erzeugung von Elementen schwerer als 56-Fe führt, bleibt einer der fundamentalen Fragestellungen der modernen Physik und ist deshalb ein aktives Forschungsfeld innerhalb der nuklearen Astrophysik. Neben anderen wesentlichen Messgrößen wie Neutroneneinfangquer- schnitten und Zerfallskonstanten sind die Kernmassen von größter Bedeutung, um den Beitrag des r-Prozesses mittels theoretischer und experimenteller Methoden genau zu bestimmen. Ex- otische Kerne, die zum r-Prozess beitragen, besitzen typischerweise geringe Produktionsquer- schnitte und kurze Halbwertszeiten. Jedoch können sie eﬃzient in einem Speicherring unter- sucht werden. In solchen Anlagen werden oft nicht-destruktive Methoden zur Teilchendetektion basierend auf einer Frequenzanalyse verwendet. Aufgrund der geringen Signalstärke sollten die Detektoren äußerst sensitiv und schnell sein. Während viele sensitive Detektoren zur Messung der Umlauﬀrequenz der Teilchen existieren, ist die wesentliche Idee dieser Arbeit der Entwurf eines positionsempfindlichen Kavitätendoublets für den Rare-RI Speicherring bei RIKEN in Japan. Zusätzlich wurde ein neues Datenerfassungssystem auf der Basis von Software Defined Radio (SDR) entwickelt und mit einem bestehenden resonanten Schottky-Pickup während eines Ex- periments im ESR an der GSI in Darmstadt getestet. SDR-basierte Datenerfassungssysteme sind essentiell für den Einsatz in zukünftigen verteilten Pickup-Systemen, wie sie im Collector Ring (CR) des FAIR-Projekts geplant sind. Schließlich wurde ein vollautomatisches Messsystem entwickelt, das in Verbindung mit dem oben erwähnten Datenerfassungssystem zur Messung der Feldprofile solcher Kavitäten verwen- det werden kann. Ein Modell eines solchen positionssensitiven resonanten Schottky- Kavitäten- doubletts wurde entworfen, konstruiert, hergestellt und mit dem automatisierten Messsystem sowohl im Labor als auch am Linearbeschleuniger S-DALINAC der Universität Darmstadt getestet.  Studying the rapid neutron capture process (r-process) in stellar environment, that leads to the creation of about half of elements heavier than Fe, remains one of the fundamental questions of modern physics and therefore an active field of interdisciplinary research within nuclear structure, atomic and plasma physics, particle physics as well as nuclear astrophysics. Apart from other key measurable like neutron capture cross sections and decay lifetimes, nuclear masses are of utmost importance for pinpointing the r-process using theoretical and experimen- tal approaches. Exotic nuclides which participate in the r-process typically have extremely low production yields and short half-lifes. Those, accessible today at radioactive-ion beam facilities can be efficiently investigated in a storage ring. In such facilities non-destructive methods of particle detection are often used for in-flight measurements based on a frequency analysis. Due to low particle number and thus inevitably the low signal level, the detectors should be very sensitive and fast. While there are many sensitive detectors available to provide the information on particle’s revolution frequency, the main idea of this work is to design a position-sensitive cavity doublet for the Rare-Ri storage ring in RIKEN, Japan. Additionally, a new data acquisition system based on the software defined radio (SDR) was developed and tested with an existing resonant Schottky pickup during an experimental campaign in the ESR at GSI Darmstadt. SDR based data acquisition systems are essential for use in future distributed pickup systems such as those planned in the collector ring (CR) of the FAIR project. Finally a fully automated measurement system has been developed that can be used to measure the field profiles of such cavities in conjunction with the above mentioned data acquisition system. A toy model of such a position-sensitive resonant Schottky cavity doublet has been designed, constructed, manufactured and tested using the automated measurement system in the lab as well as at the linear accelerator S-DALINAC at University of Darmstadt.","2022","2025-06-13 13:27:28","2025-09-03 03:56:03","","","","","","","","","","","","","Universität Heidelberg","","en","","Doctoral thesis (Dr. rer. nat.)","","","","","fulltext-url: https://archiv.ub.uni-heidelberg.de/volltextserver/31183/1/Dima_thesis_2021.pdf Citation Key: dmytriiev__2022__design","","","","#author/gender/:male; #degree/title/:dr.rer.nat.; #degree/granted-by/:tu-darmstadt; #is-about/facility/:s-dalinac; #is-about/facility/:fair/cr; #has-affiliation/:fair","","","","","","","","","","","","","","","","","","","","","","","","","","","","","","","","","","","","","","","","","","","","","","",""
"I48L75X2","thesis","2023","Christmann, Mirco","Design studies for the beam-dump experiment DarkMESA","","","","","https://doi.org/10.25358/openscience-9076","At the Institute for Nuclear Physics in Mainz the new electron accelerator MESA will go into operation within the next years. In the extracted beam operation – with up to 155 MeV of beam energy and 150 μA of beam current – the P2 experiment will measure the weak mixing angle in electron-proton scattering. The high-power beam-dump of this experiment and the 20 000 hours of operation time are ideally suited for a parasitic dark sector experiment – DarkMESA. The experiment is designed for the detection of light dark matter. The model studied here is based on the coupling of dark matter to a massive vector particle, the dark photon γ'. It can potentially be produced in the P2 beam-dump by a process analogous to photon Bremsstrahlung and can then decay in dark matter particle pairs χ-χ-bar – if kinematically allowed. A fraction of them scatter off electrons or nuclei in the DarkMESA calorimeter, located in a well shielded area outside of the MESA hall. This thesis covers an evaluation of the accessible dark matter parameter space with a MadGraph and Geant4 simulation. For the calorimeter, high-density PbF₂ and lead glass SF5 Cherenkov radiators, and photomultipliers from previous experiments will be used. In Phase A a prototype with 25 PbF₂ crystals and in Phase B ∼ 2000 PbF₂ and SF5 crystals with a total active volume of 0.7 m³ are planned. The characterization of the crystals in laboratory and beam-time studies was part of this work, as well as the comparison of the experimental data with simulation studies. During a MAMI beam-time the suitability of these materials has been proven. For the prototype stage, a hermetic veto system with two layers of plastic scintillators and 1 cm of lead shielding is currently under development and a similar concept is foreseen for Phase B. In this thesis, the possibilities of background suppression with these concepts were investigated in simulation studies. The experimental setup was optimized and further concepts were investigated. An additional off-axis detector can further extend the accessible parameter range. This concept was evaluated in the context of this work as well as the possibilities of a negative-ion time projection chamber filled with CS₂ at low pressure serving as dark matter detector – DarkMESA-DRIFT. With the nuclear recoil threshold being in the keV range, the accessible parameter space can be extended to higher dark matter masses. The space to further increase the active volume of DarkMESA in a Phase C, based on traditional technologies or following an innovative concept, was also studied. The ability to perform experiments with different detector concepts and detection methods at one experimental site is a great advantage of the beam-dump experiment at MESA.","2023-05-17","2025-06-13 13:27:28","2025-06-13 13:27:28","","","264","","","","","","","","","","Johannes Gutenberg-Universität Mainz","","en","","Doctoral thesis (Dr. rer. nat.)","INSPIRE","","","","fulltext-url: https://openscience.ub.uni-mainz.de/bitstream/20.500.12030/9093/1/design_studies_for_the_beamdu-20230509115852842.pdf Citation Key: christmann__2023__design","","","","#author/gender/:male; #degree/title/:dr.rer.nat.; #is-about/accelerator-type/erl; #degree/granted-by/:uni-mainz","","","","","","","","","","","","","","","","","","","","","","","","","","","","","","","","","","","","","","","","","","","","","","",""
"AE6S2IMR","thesis","2021","Simon, Daniel","Gesamtkonzept für den MESA-Teilchenbeschleuniger unter besonderer Berücksichtigung von Strahloptik und Kryogenik","","","","","https://doi.org/10.25358/OPENSCIENCE-5809","With the completion of the A4 experiment at the Mainzer Mikrotron (MAMI), the question arose how to re-utilize the now unused experimental hall. With the Cluster of Excellence PRISMA (Precision Physics, Fundamental Interactions and Structure of Matter) and the Collaborative Research Centre 1044, it was decided to support a series of specialized experiments at the new multiturn-recirculating, energy-recovering, superconducting continuous-wave accelerator MESA (Mainz Energy-Recovering Superconducting Accelerator). In addition to the P2 experiment, which uses polarized beams with an energy up to 155 MeV and a current up to 150 µA, the internal experiment MAGIX (MesA Gas Internal target eXperiment) with a beam energy up to 105 MeV at a beam current up to 1 mA is an integral part of the facility.The objective of this thesis is to conceive an overall draft of the particle accelerator MESA, including the necessary infrastructure for the accelerator. An important part is to devise the supply with cryogenic fluids and to develop a beam line which meets the required beam parameters for the experiments.The design of the cryogenic systems encompasses the identification of the demand of cryogenic fluids for MESA as well as the development of the transfer lines. For this purpose, a process flow diagram (PFD) of the cryogenic distribution was conceived, the pressure level of the different cryogenic systems and the diameter of the transfer lines were determined, and the sub-atmospheric compressor system (SAK) was specified. This was done for the supply with liquid helium as well as for the supply with supercritical helium.For the development of the beam line, the optical requirements of the beam for MESA were identified and the beam parameters for the different beam line assemblies ascertained. From this, a set of beam optics capable of supporting the different operation modes of MESA was designed. To develop the beam optics for MESA, beam line assem-blies like beam separation, arcs and experiment beam lines were designed, and the influence of synchrotron radiation at MESA was investigated.","2021","2025-06-13 13:27:28","2025-06-13 13:27:28","","","164","","","","","","","","","","Johannes Gutenberg-Universität Mainz","","de","","Doctoral thesis (Dr. rer. nat.)","","","","","fulltext-url: https://openscience.ub.uni-mainz.de/bitstream/20.500.12030/5818/1/simon_daniel-gesamtkonzept_-20210422115707438.pdf Citation Key: simon__2021__gesamtkonzept","","","","#author/gender/:male; #degree/title/:dr.rer.nat.; #is-about/accelerator-type/erl; #degree/granted-by/:uni-mainz","","","","","","","","","","","","","","","","","","","","","","","","","","","","","","","","","","","","","","","","","","","","","","",""
"3J8DYL65","thesis","2017","Veisz, László","Investigation of parametric instabilities in femtosecond laser-produced plasmas","","","","","https://doi.org/10.22032/DBT.33656","Ultrahigh-intensity lasers are fundamental tools in modern physics. Their fast evolution over the last 15 years [1] started with the invention of chirped pulse amplification (CPA) [2]. This technique opened a new window to the investigation of light-matter interactions. The CPA technique made it possible to generate much shorter laser pulses down to the femtosecond regime with laser peak powers reaching the 1–1000 terawatt level. Nowadays the most of the ultrahigh intensity lasers in the world are applying this method. One of these lasers is the Jena 12 TW laser [3]. These lasers can be focussed down to a few micrometers and enormous intensities up to 1021 W/cm2 can be reached. At these intensities the electric field exceeds many times the binding energy of electrons in an atom. After a plasma is formed, the electrons oscillate at relativistic velocities in these fields [4]. The interaction of ultrahigh-intensity laser pulses with plasmas became a central point of the investigations [5]. There is a great variety of applications of these plasmas from particle acceleration, generation of electromagnetic waves to inertial confinement fusion. There is a large body of work about laser-plasma based electron acceleration [6]. It was suggested originally in underdense plasmas by Tajima and Dawson [7]. One type of these accelerators, the laser wakefield accelerator, is based on the generation of electron plasma waves and the electrostatic fields of these waves accelerates the electrons [7].","2017-12-19","2025-06-13 13:27:28","2025-06-13 13:27:28","","","","","","","","","","","","","Friedrich-Schiller-Universität Jena","","en","","Doctoral thesis (Dr. rer. nat.)","","","","","fulltext-url: https://www.db-thueringen.de/servlets/MCRFileNodeServlet/dbt_derivate_00039813/Veisz_Aa.pdf Citation Key: veisz__2017__investigation","","","","#author/gender/:male; #degree/title/:dr.rer.nat.; #degree/granted-by/:uni-jena; #is-about/acceleration-process/:plasma-based_laser-driven_acceleration","","","","","","","","","","","","","","","","","","","","","","","","","","","","","","","","","","","","","","","","","","","","","","",""
"23I9RHIK","thesis","2018","Kuschel, Stephan","Erzeugung dichter elektronenpulse mit laser-plasma-beschleunigern für QED experimente in hohen feldern","","","","","https://doi.org/10.22032/DBT.34353","Die Entwicklung von Laser-Plasma getriebenen Beschleunigern (LWFA) ist eine vergleichsweise neue Entwicklung. Durch die enormen Felder, die das Plasma zur Verfügung stellen kann, ist es möglich, ultrakurze und dichte Elektronenpulse über sehr kurze Strecken zu beschleunigen. In dieser Arbeit wird gezeigt, dass die Gasdynamik auf einer $\sim 10\einh{\mu m}$-Skala, die bisher nicht gemessen werden konnte, großen Einfluss auf den LWFA-Beschleunigungsprozess hat. Dichtemodulationen auf einer Skala von $10\einh{\mu m}$ wurden mithilfe eines ultrakurzen Laserpulses in Plasmen vermessen, die durch die Fokussierung des Hochintensitätslasers in einen Gasjet erzeugt wurden. Es wird gezeigt, dass diese Dichtemodulationen die Selbstinjektion in diesem Plasma auslösen. Die Resultate werden sowohl durch ein analytisches Modell sowie Particle-in-Cell (PIC) Simulationen bestätigt. Diese Erkenntnisse ebnen den Weg zu einem Plasmabeschleuniger bei dem Injektions- und Beschleunigsprozess unabhängig voneinander kontrolliert werden können. Darüber hinaus wurde in dieser Arbeit ein neues Kriterium für die Homogenität der Plasmadichte eingeführt, das auch in einem allgemeineren Kontext für Plasmabeschleuniger gilt. Im zweiten Teil der Dissertation wird untersucht, inwiefern kurze Elektronenpulse in Plasmen fokussiert werden können. In dieser Arbeit wird erstmalig das Konzept der passiven Plasmalinse mit ultrakurzen LWFA-Elektronenpulsen untersucht. Sowohl Experimente als auch Simulationen demonstrieren den Effekt der passiven Plasmalinse. Es wurde zudem ein analytisches Modell entwickelt, welches die experimentellen Ergebnisse beschreibt. Es ist hervorzuheben, dass die gemessene Fokussierstärke die eines konventionellen Quadrupolmagneten deutlich übersteigt. Das Modell sagt des Weiteren eine Steigerung der Fokussierstärke für Elektronenpulse mit größerer Ladung voraus.","2018","2025-06-13 13:27:28","2025-06-13 13:27:28","","","","","","","","","","","","","Friedrich-Schiller-Universität Jena","","en","","Doctoral thesis (Dr. rer. nat.)","","","","","fulltext-url: https://www.db-thueringen.de/servlets/MCRFileNodeServlet/dbt_derivate_00040537/Dissertation_Kuschel.pdf Citation Key: kuschel__2018__erzeugung","","","","#degree/title/:dr.rer.nat.; #author/gender/:female; #degree/granted-by/:uni-jena; #is-about/acceleration-process/:plasma-based_laser-driven_acceleration","","","","","","","","","","","","","","","","","","","","","","","","","","","","","","","","","","","","","","","","","","","","","","",""
"B3IVFBKL","thesis","2018","Breitkopf, Sven","Energy scaling by stacking of ultrashort pulses in a passive enhancement cavity","","","","","https://doi.org/10.22032/DBT.34968","New applications of ultrafast laser systems require parameters, which are out of reach for classical single amplifier channels. Coherent pulse combining can help to circumvent the limitations, which state-of-the-art laser systems are facing. For that purpose, passive optical resonators, so-called enhancement cavities, can be used to stack laser pulses, thus, drastically increasing their pulse energy. Extracting such an enhanced pulse from the cavity, could lead to a set of laser parameters, not accessible to other amplifier technologies. Enhancement cavities running at 80 MHz or above have been used as pulse stacking devices before, employing acousto-optic-modulators (AOM) as switches to extract the stacked energy. However, the nonlinear phases, as introduced by self-phase-modulation in the AOM, commonly limit the achievable intra-cavity energy of a so-called stack-and-dump cavity. By lengthen such cavities to 10 MHz, the extractable energies from such a device were improved by three orders of magnitude from 200 nJ to 160 J compared to former experiments. While longer cavities could allow for even higher energies, they are difficult to set-up and are often limited by their complexity and stability related issues. This is why, novel switches would have to be introduced, if the potential of stack-and-dump cavities is to be exhausted. A rotating element in the cavity is identified as one possible solution. It circumvents acceleration-related limitations and could allow for fast extraction of the enhanced pulse without disturbing the enhancement process. Possible switches based on rotation include a chopper wheel with mirror-segments attached to its side-facet and a rotating-cavity-caustic. Both have been investigated and identified to be viable solutions.","2018","2025-06-13 13:27:29","2025-06-13 13:27:29","","","113","","","","","","","","","","Friedrich-Schiller-Universität Jena","","en","","Doctoral thesis (Dr. rer. nat.)","","","","","fulltext-url: https://www.db-thueringen.de/servlets/MCRFileNodeServlet/dbt_derivate_00041164/dissbreitkopf.pdf Citation Key: breitkopf__2018__energy","","","","#author/gender/:male; #degree/title/:dr.rer.nat.; #degree/granted-by/:uni-jena; #is-about/acceleration-process/:plasma-based_laser-driven_acceleration","","","","","","","","","","","","","","","","","","","","","","","","","","","","","","","","","","","","","","","","","","","","","","",""
"C82Y9ZLY","thesis","2018","Reuter, Maria","Characterisation of a laser wakefield accelerator with ultra-short probe pulses","","","","","https://doi.org/10.22032/DBT.38073","Within the frame of this thesis, aspects of the acceleration of electrons with high-intensity laser pulses inside an underdense plasma were investigated. The basic acceleration mechanism, which is referred to as laser wakefield acceleration relies on the generation of a plasma wave by an intense laser pulse. Since the plasma wave co-propagates with the laser pulse, its longitudinally alternating electric field moves with a velocity close to the speed of light and electrons trapped in the accelerating phase of the wave can be accelerated to relativistic energies. While basic principles such as the generation of a plasma wave, the injection of electrons into the accelerating phase of the wave and limits to the acceleration process are known, the exact processes occurring during the nonlinear interaction of laser pulse and plasma wave still need to be explored in more detail. The consequence of those nonlinear processes is a drastic change of the electron parameters – e.g. final electron energy, bandwidth and pointing – through slight changes in the initial conditions. In this context, the position in the plasma at which electrons are injected into the plasma wave plays a key role for the maximum achievable electron energy. Therefore, the injection of electrons at a defined position is a possibility to reduce shot-to-shot fluctuations and might make the electron pulses applicable, e.g. as a stable source of secondary radiation for temporally and spatially highly resolving imaging techniques. The investigation of controlled injection of electrons at an electron density transition demonstrated a correlation of electron pulse parameters such as electron energy gain and accelerated charge to the properties of the transition, and thus, might be a promising method to generate custom designed electron pulses. Nevertheless, shot-to-shot fluctuations in the electron parameters were still observed and are most likely caused by the nonlinear evolution of the laser pulse inside the plasma. To further reduce instabilities, deeper insight into these nonlinear processes is required and hence, a method to observe the plasma wave and the laser pulse. Combining an ultra short probe pulse with a highly resolving imaging system as successfully implemented at the institute of Optics and Quantumelectronics in Jena, more light can be shed on these processes, which take place on femtosecond and micrometer scales. With that system, characteristics of the magnetic fields inextricably connected to the acceleration process could be studied in unprecedented detail. This deeper insight allowed to observe signatures of the magnetic field of the driving laser pulse for the first time, which paves the way for the indirect observation of the main laser pulse during the interaction.","2018","2025-06-13 13:27:29","2025-06-13 13:27:29","","","","","","","","","","","","","Friedrich-Schiller-Universität Jena","","en","","Doctoral thesis (Dr. rer. nat.)","","","","","fulltext-url: https://www.db-thueringen.de/servlets/MCRFileNodeServlet/dbt_derivate_00044194/Diss_reuter.pdf Citation Key: reuter__2018__characterisation","","","","#degree/title/:dr.rer.nat.; #author/gender/:female; #degree/granted-by/:uni-jena; #is-about/acceleration-process/:plasma-based_laser-driven_acceleration","","","","","","","","","","","","","","","","","","","","","","","","","","","","","","","","","","","","","","","","","","","","","","",""
"43Q8HS6E","thesis","2020","Tamer, Issa","Petawatt-class laser optimization and ultrashort probe pulse generation for relativistic laser-plasma interactions","","","","","https://doi.org/10.22032/dbt.40833","Advancements in high peak power laser development have resulted in laser systems capable of accelerating charged particles in a plasma to nearly the speed of light. For a comprehensive understanding and optimization of such interactions towards higher experimental yields, further enhancements in the laser system performance are required, along with a method that enables a direct view into the laser-induced plasma with a high spatial and temporal resolution. The work presented in this thesis details the results of multiple investigations regarding upgrades to the petawatt-class POLARIS laser and the development of a multi-beam ultrashort laser system for probing relativistic laser-plasma interactions at Friedrich Schiller University and Helmholtz Institute in Jena, Germany.","2020","2025-06-13 13:27:29","2025-06-13 13:27:29","","","","","","","","","","","","","Friedrich-Schiller-Universität Jena","","en","","Doctoral thesis (Dr. rer. nat.)","","","","","fulltext-url: https://www.db-thueringen.de/servlets/MCRFileNodeServlet/dbt_derivate_00046690/disstamer.pdf Citation Key: tamer__2020__petawattclass","","","","#degree/title/:dr.rer.nat.; #author/gender/:female; #degree/granted-by/:uni-jena; #is-about/acceleration-process/:plasma-based_laser-driven_acceleration","","","","","","","","","","","","","","","","","","","","","","","","","","","","","","","","","","","","","","","","","","","","","","",""
"5TQQP8S2","thesis","2021","Becker, Georg","Characterization of laser-driven proton acceleration with contrast-enhanced laser pulses","","","","","https://doi.org/10.22032/dbt.49350","In this thesis, various novel aspects of laser-driven ion acceleration with contrast-enhanced laser pulses have been characterized. The maximum ion energies' dependence on the pulse energy and the foil thickness was investigated in a campaign at the POLARIS laser using a plasma mirror for contrast enhancement. The steepest increase of the ion energies depending on the pulse energy was measured for a 5 nm thin foil and linear polarization. Above a certain pulse energy, the onset of the foil's transparency correlated with a stop of the ion energies' increase. Consequently, additional enhancements of the temporal intensity contrast (TIC) and higher laser pulse intensities are required to exploit ion acceleration with such thin foils. The ring-like beam profile formed by protons with low kinetic energy, which originated from submicron thick plastic foils, was characterized. Simulations support the explanation that such structures are a consequence of the proton density's spatial distribution during the acceleration with the target normal sheath acceleration mechanism (TNSA). These findings deepen the understanding of ion acceleration with thin foils and may help to distinguish features of other acceleration mechanisms in the beam profile from those attributed to TNSA. In an experiment with water microdroplets, the effects of the laser's TIC and the incidence angle in the polarization plane were investigated. It was found that both parameters have a significant influence on the kinetic energy of the accelerated protons. An optical probe laser was used to observe the plasma expansion on a picosecond timescale. A correlation between the expansion and the maximum proton energy was found. The proton beam profile exhibited a reproducible net-like pattern depending on the irradiation geometry as well. The results show that the use of microdroplets irradiated with frequency-doubled laser pulses and optically probed gives new insights into laser-plasma interaction.","2021","2025-06-13 13:27:29","2025-06-13 13:27:29","","","137","","","","","","","","","","Friedrich-Schiller-Universität Jena","","en","","Doctoral thesis (Dr. rer. nat.)","","","","","fulltext-url: https://www.db-thueringen.de/servlets/MCRFileNodeServlet/dbt_derivate_00053896/dissbecker.pdf Citation Key: becker__2021__characterization","","","","#author/gender/:male; #degree/title/:dr.rer.nat.; #degree/granted-by/:uni-jena; #is-about/acceleration-process/:plasma-based_laser-driven_acceleration","","","","","","","","","","","","","","","","","","","","","","","","","","","","","","","","","","","","","","","","","","","","","","",""
"WSP4DVI7","thesis","2024","Almassarani, Mohammed","Sub-Picosecond Dynamics During Relativistic Laser-Plasma Interaction","","","","","https://doi.org/10.22032/DBT.61635","In this dissertation, we explore two major themes related to intense laser-matter interaction. Firstly, we present a comprehensive characterization of the intense THz light and charged particle emission from the rear surface of thin targets during the interaction with ultrashort laser pulses. Secondly, we report the first direct visualization of the Coulomb field of relativistic electron bunches from laser-thin solid interactions on a sub-picosecond timescale. We introduce a novel non-destructive single-shot detection scheme based on the electrooptic principle. Our time-resolved measurements reveal a complex temporal structure with multiple electron bunches propagating at nearly the speed of light. Moreover, our observations confirm the contraction of the electric field of the relativistic electron bunches under the Lorentz transformation. Further, we demonstrate the spatiotemporal evolution of the Coulomb field wavefronts as the electron bunches propagate away from the target. This work paves the way for non-invasive measurements of fast dynamics of charged particles on sub-picosecond timescales.","2024","2025-06-13 13:27:29","2025-06-13 13:27:29","","","","","","","","","","","","","Friedrich-Schiller-Universität Jena","","en","","Doctoral thesis (Dr. rer. nat.)","","","","","fulltext-url: https://www.db-thueringen.de/servlets/MCRFileNodeServlet/dbt_derivate_00064049/Dissertation_MohammedAlmassarani.pdf Citation Key: almassarani__2024__subpicosecond","","","","#author/gender/:male; #degree/title/:dr.rer.nat.; #degree/granted-by/:uni-jena; #is-about/acceleration-process/:plasma-based_laser-driven_acceleration","","","","","","","","","","","","","","","","","","","","","","","","","","","","","","","","","","","","","","","","","","","","","","",""
"HZQLJT5J","thesis","2024","Maier, Sebastian; Müller, Anke-Susanne; Husemann, Ulrich","Systematic Studies of the Micro-Bunching Instability with an Additional Corrugated Structure Impedance at KARA","","","","","https://doi.org/10.5445/IR/1000171277","Die Mikrobündelungs-Instabilität (engl. micro-bunching instability) ist eine Barriere auf dem Weg zu Synchrotron-Lichtquellen und Elektronen-Speicherringen mit höherer Brillanz und Spitzenleistung. Um die Entstehung der Substrukturen im longitudinalen Phasenraum und Bunch-Profil zu untersuchen, zu verstehen und zu kontrollieren wird eine zusätzliche und austauschbare Impedanz in den KIT-Speicherring KARA eingebaut. In dieser Arbeit wird ein Plattenpaar mit periodischen und rechteckigen Vertiefungen als zusätzliche Impedanzquelle untersucht. Die Untersuchungen behandeln den Einfluss der unterschiedlichen Parameter der Vertiefungen auf deren Impedanz, den Einfluss der zusätzlichen Impedanz auf die longitudinale Strahldynamik und die Ermittlung des Einflusses der Maschinen- und Strahlparameter auf die effektivste Impedanz. Letzteres ermöglicht Einblicke in die Mechanismen, die der Mikrobündelungs-Instabilität zugrunde liegen. Darüber hinaus werden verschiedene Fertigungsverfahren und die Produktion erster Prototypen präsentiert.","2024","2025-06-13 13:27:29","2025-06-13 13:27:29","2025-01-23 05:18:59","","","","","","","","","","","","Karlsruher Institut für Technologie (KIT)","","en","Open Access, KITopen License","Doctoral thesis (Dr. rer. nat.)","","","DOI.org (Datacite)","","fulltext-url: https://publikationen.bibliothek.kit.edu/1000171277/153048582 Citation Key: maier__2024__systematic","","","","#author/gender/:male; #degree/title/:dr.rer.nat.; #degree/granted-by/:kit; #is-about/topic/:beam-dynamics; #is-about/facility/:kit-atp/kara","","","","","Müller, Anke-Susanne; Husemann, Ulrich","","","","","","","","","","","","","","","","","","","","","","","","","","","","","","","","","","","","","","","","","",""
"IR7S5CR3","thesis","2024","Schäfer, Jens; Müller, Anke-Susanne; Drexlin, Guido","Feasibility Studies for a Transverse Deflecting Structure Measurement at FLUTE","","","","","https://doi.org/10.5445/IR/1000170357","This thesis discusses the commissioning of the Transverse Deflecting Structure (TDS) experiment, conducted at the Ferninfrarot Linac- und Test-Experiment at the Karlsruhe Institute of Technology, Germany. The TDS experiment is a novel approach for measuring ultra-short electron bunch lengths in the femto-seconds regime. This endeavor supports a world-wide trend in accelerator facilities of optimizing towards ever-shorter bunches. As the laser-induced streaking field oscillates with around 0.3 THz, a higher measurement resolution compared to conventional RF-based streaking methods is possible. This work encompasses a theoretical examination of the streaking field, extensive simulations on the beam dynamics for different scenarios, and first experimental findings.The strategies developed on this topic lay the groundwork for transforming the TDS experiment into a routine measurement tool.","2024-02-16","2025-06-13 13:27:29","2025-09-03 04:01:20","2025-01-23 05:19:28","","","","","","","","","","","","Karlsruher Institut für Technologie (KIT)","","en","Open Access, KITopen License","Doctoral thesis (Dr. rer. nat.)","INSPIRE","2789692","DOI.org (Datacite)","","fulltext-url: https://publikationen.bibliothek.kit.edu/1000170357/152862414 Citation Key: schafer__2024__feasibility","","","","#author/gender/:male; #degree/title/:dr.rer.nat.; #degree/granted-by/:kit; #is-about/topic/:beam-dynamics; #is-about/facility/:kit-atp/flute","","","","","Müller, Anke-Susanne; Drexlin, Guido","","","","","","","","","","","","","","","","","","","","","","","","","","","","","","","","","","","","","","","","","",""
"KIR2H3IK","thesis","2024","Tamson, Jens; Grohmann, Steffen; Span, Roland","Apparatus for the measurement of physical properties of cryogenic fluid mixtures","","","","","https://doi.org/10.5445/IR/1000171277","Verglichen mit den wenigen verfügbaren Kältemitteln bei Temperaturen unter 50 K können kryogene Kältemittelgemische die Effizienz verschiedener kryogener Anwendungen erhöhen. Die Auslegung kryogener Gemischkältekreiläufe basiert auf der geschickten Mischung reiner Kältemittel zu einem Kältemittelgemisch, das sich für die Kühlanwendung optimal verhält. Die Stoffdaten dieser Kältemittelgemische werden mittels geeigneter Zustandsgleichungen berechnet. Aufgrund ihres geringen Rechenaufwands werden hauptsächlich kubische Zustandsgleichungen für die Auslegung der Kreislaufkomponenten verwendet. Die Parameter der Zustandsgleichung werden an Phasengleichgewichts-, Dichte- und kalorischen Daten angepasst. Für viele kryogene Gemische sind diese Daten jedoch nicht verfügbar. Daher wird eine neue Anlage zur Messung der Stoffeigenschaften kryogener Gemische entwickelt. Im Rahmen dieser Arbeit wird die Messung von Phasengleichgewichten umgesetzt, wobei zukünftige Ausrüstungen der Anlage mit Messmethoden für die Wärmekapazität sowie Transportgrößen eingeplant werden.  Zunächst werden die thermodynamischen Grundlagen erläutert, die für die Berechnung von Phasengleichgewichten benötigt werden. Der Fokus liegt dabei auf der Aufbereitung experimenteller Daten. Diverse Zustandsgleichungen werden eingeführt und deren Weiterentwicklungen in Hinsicht auf die Modellierung kryogener Fluidgemische wird diskutiert. Keine dieser Zustandsgleichungen ist jedoch in der Lage, alle relevanten thermodynamischen Zustandsgrößen präzise zu beschreiben. Vor Allem neue experimentelle kalorische Daten könnten zu thermodynamisch korrekten Modellen führen.  Die Konzeptionierung des kryogenen Phasengleichgewichtsprüfstands CryoPHAEQTS basiert auf einem Literaturüberblick der bisherigen Prüfstände, die unter kryogenen Bedingungen betrieben wurden. Eine Messzelle, deren Temperatur über die zweite Stufe eine Pulsrohrkleinkühlers mit Kompensationsheizung geregelt wird, ist in einem Hochvakuumbehälter aufgehangen. Die erste Stufe des Pulsrohrkleinkühlers dient zur Kühlung eines thermischen Strahlungsschilds. Die Dampfphase aus der Messzelle kann über einen Gaszirkulator, der sich außerhalb des Kryostaten befindet, zwei Rohr-in-Rohr Wärmeübertrager und eine an den Pulsrohrkleinkühler geschraubten Vorkühlblock zurück in die Flüssigphase der Messzelle geleitet werden. Über drei Kapillaren, die sich auf verschiedenen Höhen in der Messzelle befinden, werden Proben aus den jeweiligen Phasen gezogen. Eine vierte Kapillare dient der Druckmessung über die Messung der Druckdifferenz zu einem sekundären Referenzsystems. Die Temperatur wird über zwei CERNOX-Sensoren gemessen, die sich in Dampf- und Flüssigphase in der Messzelle befinden. Zusätzlich bietet der Prüfstand einen optischen Zugang in die Messzelle. Er kann mit allen nicht-toxischen Kältemitteln, inklusive oxidierender oder hochentzündlicher Stoffe, betrieben werden. Dabei können Betriebstemperaturen von 15 K bis 300 K bei Drücken bis zu 150 bar erreicht werden. Die Zusammensetzung der Proben wird in einem Gaschromatographen analysiert. Typische Unsicherheiten liegen bei 20 mK für die Temperaturmessung, 0,1% für die Druckmessung und 1% für die Messung der Zusammensetzung.  Die Inbetriebnahme und Validierung von CryoPHAEQTS erfolgte mittels des sehr gut vermessen Gleichgewichts des Argon-Stickstoff Systems. Dabei konnte eine hervorragende Übereinstimmung mit der Referenzzustandsgleichung erzielt werden. Im Anschluss wird die Dampfdruckkurve von Neon untersucht. Die neuen Messdaten stimmen in der Nähe des Tripelpunkts, welcher ein Fixpunkt der ITS-90 Temperaturskala ist, überein und weichen im weiteren Verlauf leicht ab. Die Abweichungen sind jedoch thermodynamisch konsistent.  Erste Messdaten für das Phasengleichgewicht von Neon-Helium Gemisches werden bei 32,9 K und 35,9 K ermittelt. Die Probenahme und die Analyse der Zusammensetzung im Gaschromatographen werden als Hauptfehlerquellen identifiziert. Daher werden die experimentellen Methoden der beiden verfügbaren Literaturdaten verglichen; jedoch können die neuen Messdaten keinen der beiden Datensätze definitiv bestätigen oder verwerfen. Eine vollständige Messung des Phasengleichgewichts dieses Fluidgemischs ist im Rahmen dieser Arbeit nicht mehr möglich gewesen. Zusammen mit den Aufrüstungen für die Messung der Wärmekapazität und der Transportgrößen wird das Neon-Helium Gemisch in Folgeprojekten behandelt werden.","2024","2025-06-13 13:27:29","2025-06-13 13:27:29","2025-01-23 05:19:36","","","","","","","","","","","","Karlsruher Institut für Technologie (KIT)","","en","Open Access, KITopen License","Doctoral thesis (Dr. rer. nat.)","","","DOI.org (Datacite)","","fulltext-url: https://publikationen.bibliothek.kit.edu/1000171277/153048582 Citation Key: tamson__2024__apparatus","","","","#author/gender/:male; #degree/title/:dr.rer.nat.; #degree/granted-by/:kit; #is-about/topic/:beam-dynamics; #is-about/topic/:cryogenic-engineering","","","","","Grohmann, Steffen; Span, Roland","","","","","","","","","","","","","","","","","","","","","","","","","","","","","","","","","","","","","","","","","",""
"YWP9RP27","thesis","2023","Patil, Meghana Mahaveer; Weber, Marc; Müller, Anke-Susanne","Development and Integration of High Throughput Detector Systems for Photon-Based Diagnostics at Karlsruhe Research Accelerator","","","","","https://doi.org/10.5445/IR/1000163059","The Karlsruhe Research Accelerator (KARA), is a light source that generates intense THz radiation. It is realised by reducing the electron bunch size to a few picoseconds. This in turn results in fluctuations in the radiation emitted due to the formation of microstructures in the longitudinal phase space of the electron bunch. This phenomenon is also called as microbunching instability. There are longitudinal and transverse bunch diagnostics installed at KARA to study the microbunching instability extensively. A line camera called KALYPSO has been used as a detector for these diagnostics. This thesis discusses the design and integration of the detector, TCAD simulations performed for the study of LGAD, characterization of TI-LGAD sensor and finally integration at the experimental setup, measurements and results.","2023","2025-06-13 13:27:29","2025-06-13 13:27:29","2025-01-23 05:19:44","","","","","","","","","","","","Karlsruher Institut für Technologie (KIT)","","en","Open Access, KITopen License","Doctoral thesis (Dr.-Ing.)","","","DOI.org (Datacite)","","fulltext-url: https://publikationen.bibliothek.kit.edu/1000163059/151530886 Citation Key: patil__2023__development","","","","#author/gender/:male; #degree/title/:dr.-ing.; #degree/granted-by/:kit; #is-about/topic/:beam-dynamics; #is-about/facility/:kit-atp/kara","","","","","Weber, Marc; Müller, Anke-Susanne","","","","","","","","","","","","","","","","","","","","","","","","","","","","","","","","","","","","","","","","","",""
"E94LJI89","thesis","2023","Fatehi, Samira; Müller, Anke-Susanne; Arndt, Tabea","Compact High-Temperature Superconducting Magnets for Laser-Plasma Accelerator Beam Capture and Transport","","","","","https://doi.org/10.5445/IR/1000158431","Laser-plasma acceleration is a prominent candidate to drive the next-generation compact light sources and free-electron lasers (FELs). Having orders of magnitude larger electrical field gradients than RF cavities-based machines makes plasma accelerators more affordable and compact. To fully exploit the advantages of the novel accelerating technology, novel compact beam optic elements to compensate for large chromatic effects in the beam transport are required. This thesis aims at exploring the potential of designing miniaturized and high-strength, High-Temperature Superconducting (HTS) magnets and beam optics for the transport of the Laser Wakefield accelerated beams in order to match them to the input parameter requirements of given applications, especially to those of a transverse gradient undulator (TGU) light source. The designed transport lines include miniature multiplet/triplet/doublet quadrupole magnets for beam capture and compact combined-function optics for matching and beam transport. Moreover, investigating the key technology of high-temperature superconductivity (HTS) in designing accelerator magnets can lead to the future application of a plasma accelerator as an injector for a compact storage ring.In this thesis, I targeted magnet designs for HTS miniaturized iron and coil-dominated magnets. For a cos-theta coil-based geometry and an iron-based periodic geometry compact, well-controlled, high-energy transport lines have been developed in which the beam properties are matching the geometrical and dynamical acceptance of, e.g., the transverse gradient undulator, TGU.Finally, for the periodic iron-based quadrupole, a prototype using HTS ReBCO tape has been optimized and built in close collaboration with KIT Institute for Technical Physics (ITEP) and Technik-Haus.","2023","2025-06-13 13:27:29","2025-09-03 04:00:57","2025-01-23 05:20:27","","","","","","","","","","","","Karlsruher Institut für Technologie (KIT)","","en","Open Access, KITopen License","Doctoral thesis (Dr. rer. nat.)","INSPIRE","2675448","DOI.org (Datacite)","","fulltext-url: https://publikationen.bibliothek.kit.edu/1000158431/150685764 Citation Key: fatehi__2023__compact","","","","#degree/title/:dr.rer.nat.; #author/gender/:female; #degree/granted-by/:kit; #is-about/topic/:beam-dynamics; #is-about/acceleration-process/:plasma-based_laser-driven_acceleration; #is-about/topic/:magnet-technology","","","","","Müller, Anke-Susanne; Arndt, Tabea","","","","","","","","","","","","","","","","","","","","","","","","","","","","","","","","","","","","","","","","","",""
"I5JHIV7P","thesis","2024","Morgenroth, Tino; Stöhlker, Thomas; Banaś, Dariusz; Wilhelm, Richard","S-EBIT commissioning","","","","","https://www.db-thueringen.de/receive/dbt_mods_00064495","The GSI Helmholtzzentrum für Schwerionenforschung GmbH (GSI) in Darmstadt is a large-scale facility for basic research on and with highly charged ions in various physics fields, such as atomic and quantum physics. The amount of beamtime requested for experiments at the GSI accelerator complex significantly exceeds the amount available. At the research installations for low energetic ions, such as HITRAP and CRYRING@ESR, local ion sources can help to reduce this discrepancy. S-EBIT II is an electron beam ion trap (EBIT), which is planned to be used as a local ion source at HITRAP. EBITs are versatile tools, as they can provide ions for other experiments and can be used as independent experiments for spectroscopic measurements with highly charged ions. In the course of this work, S-EBIT II was set up and put into operation at the HITRAP platform at GSI. Successful commissioning was demonstrated through the measurement of an x-ray spectrum, which exhibits the K-Alpha and K-Beta emissions of trapped highly charged argon ions. Subsequently, measurements of KLL dielectronic recombination resonances of carbon-like to helium-like argon were carried out, based on which charge state abundances within the EBIT could be estimated.","2024","2025-06-13 13:27:29","2025-06-13 13:27:29","2025-05-20 05:37:15","","","","","","","","","","","","Friedrich-Schiller-Universität Jena","","en","Creative Commons Attribution 4.0 International","","","","DOI.org (Datacite)","","DOI: 10.22032/DBT.64495 Citation Key: morgenroth__2024__sebit","","","","#author/gender/:male; #degree/title/:dr.rer.nat.; #degree/granted-by/:uni-mainz","","","","","Stöhlker, Thomas; Banaś, Dariusz; Wilhelm, Richard","","","","","","","","","","","","","","","","","","","","","","","","","","","","","","","","","","","","","","","","","",""
"3F6Z8CCG","thesis","2024","Scheuren, Stefan","Comprehensive characterization of laser-driven neutron sources and a pathway towards miniaturization","","","","","https://repository.gsi.de/record/357186","","2024","2025-06-13 13:27:29","2025-06-13 13:27:29","2025-05-20 05:46:51","","152","","","","","","","","","","Uni Darmstadt","","en","","Doctoral thesis (Dr. rer. nat.)","","","DOI.org (Datacite)","","DOI: 10.15120/GSI-2025-00330 Citation Key: scheuren__2024__comprehensive","","","","#author/gender/:male; #degree/title/:dr.rer.nat.; #is-about/acceleration-process/:plasma-based_laser-driven_acceleration","","","","","","","","","","","","","","","","","","","","","","","","","","","","","","","","","","","","","","","","","","","","","","",""