id,parent__id,topLevel__id,partOfCommunityDegree,instanceOfs__taxonomyID,isFormalOrganization,isResearchInstitution,isUniversity,isWorkingGroup,isDepartment,category,label.fullName.de,label.fullName.en,label.short.de,label.short.en,tagline.en,tagline.de,description.de,description.en,hasHeads.literal,hasHeads.contact__contactsIDs,location.country.code,location.city,location.coords.lat,location.coords.lng,links.homepage.de,links.homepage.en,links.rorId,uniquePeopleCount.professor.physicist.female,uniquePeopleCount.professor.physicist.male,uniquePeopleCount.professor.physicist.nonbinary,uniquePeopleCount.professor.engineer.female,uniquePeopleCount.professor.engineer.male,uniquePeopleCount.professor.engineer.nonbinary,uniquePeopleCount.professor.other.female,uniquePeopleCount.professor.other.male,uniquePeopleCount.professor.other.nonbinary,uniquePeopleCount.seniorResearcher.physicist.female,uniquePeopleCount.seniorResearcher.physicist.nonbinary,uniquePeopleCount.seniorResearcher.physicist.male,uniquePeopleCount.seniorResearcher.other.female,uniquePeopleCount.seniorResearcher.other.nonbinary,uniquePeopleCount.seniorResearcher.other.male,uniquePeopleCount.seniorResearcher.engineer.nonbinary,uniquePeopleCount.seniorResearcher.engineer.male,uniquePeopleCount.seniorResearcher.engineer.female,uniquePeopleCount.postDoc.physicist.female,uniquePeopleCount.postDoc.physicist.nonbinary,uniquePeopleCount.postDoc.physicist.male,uniquePeopleCount.postDoc.other.nonbinary,uniquePeopleCount.postDoc.other.male,uniquePeopleCount.postDoc.other.female,uniquePeopleCount.postDoc.engineer.nonbinary,uniquePeopleCount.postDoc.engineer.male,uniquePeopleCount.postDoc.engineer.female,uniquePeopleCount.phdStudent.physicist.female,uniquePeopleCount.phdStudent.physicist.nonbinary,uniquePeopleCount.phdStudent.physicist.male,uniquePeopleCount.phdStudent.other.nonbinary,uniquePeopleCount.phdStudent.other.male,uniquePeopleCount.phdStudent.other.female,uniquePeopleCount.phdStudent.engineer.nonbinary,uniquePeopleCount.phdStudent.engineer.male,uniquePeopleCount.phdStudent.engineer.female,uniquePeopleCount.masterStudent.physicist.female,uniquePeopleCount.masterStudent.physicist.nonbinary,uniquePeopleCount.masterStudent.physicist.male,uniquePeopleCount.masterStudent.other.nonbinary,uniquePeopleCount.masterStudent.other.male,uniquePeopleCount.masterStudent.other.female,uniquePeopleCount.masterStudent.engineer.nonbinary,uniquePeopleCount.masterStudent.engineer.male,uniquePeopleCount.masterStudent.engineer.female,uniquePeopleCount.bachelorStudent.physicist.female,uniquePeopleCount.bachelorStudent.physicist.nonbinary,uniquePeopleCount.bachelorStudent.physicist.male,uniquePeopleCount.bachelorStudent.other.nonbinary,uniquePeopleCount.bachelorStudent.other.male,uniquePeopleCount.bachelorStudent.other.female,uniquePeopleCount.bachelorStudent.engineer.male,uniquePeopleCount.bachelorStudent.engineer.nonbinary,uniquePeopleCount.bachelorStudent.engineer.female,uniquePeopleCountSum.female,uniquePeopleCountSum.male,uniquePeopleCountSum.nonbinary,uniquePeopleCountSum.physicist,uniquePeopleCountSum.engineer,uniquePeopleCountSum.total,uniquePeopleCountSum.other,uniquePeopleCountSum.professor,uniquePeopleCountSum.seniorResearcher,uniquePeopleCountSum.postDoc,uniquePeopleCountSum.phdStudent,uniquePeopleCountSum.masterStudent,uniquePeopleCountSum.bachelorStudent,uniquePeopleCountRecursiveSum.total,uniquePeopleCountRecursiveSum.professor,uniquePeopleCountRecursiveSum.seniorResearcher,uniquePeopleCountRecursiveSum.postDoc,uniquePeopleCountRecursiveSum.phdStudent,uniquePeopleCountRecursiveSum.masterStudent,uniquePeopleCountRecursiveSum.bachelorStudent,uniquePeopleCountRecursiveSum.physicist,uniquePeopleCountRecursiveSum.engineer,uniquePeopleCountRecursiveSum.other,uniquePeopleCountRecursiveSum.female,uniquePeopleCountRecursiveSum.male,uniquePeopleCountRecursiveSum.nonbinary,review.status__id,review.log,review.reviewer__contactsID
bmbf,,,none,"/g/organization/funding-orgainzation,/g/organization/formal-organization",true,false,false,false,false,funder,Bundesministerium für Bildung und Forschung,German Federal Ministry Of Education And Research ,BMBF,BMBF,<to be set>,<to be translated>,,,"","",DE,Bonn,50.863242,7.071315,https://www.bmbf.de/DE,https://www.bmbf.de/EN,https://ror.org/04pz7b180,,,,,,,,,,,,,,,,,,,,,,,,,,,,,,,,,,,,,,,,,,,,,,,,,,,,,,,0,0,0,0,0,0,0,0,0,0,0,0,0,,,,,,,,,,,,,,01: preparation,,
community/cern,community/,community/cern,partial,"/g/organization/research-institution,/g/organization/formal-organization",true,true,false,false,false,international,Europäische Organisation für Kernforschung,European Organization for Nuclear Research,CERN,CERN,"Leads accelerator research; operates the Large Hadron Collider (LHC), SPS, and PS.",<to be translated>,,,"","",CH,Genf,46.20222,6.14569,http://home.web.cern.ch/,http://home.web.cern.ch/,https://ror.org/01ggx4157,,,,,,,,,,,,,,,,,,,,,,,,,,,,,,,,,,,,,,,,,,,,,,,,,,,,,,,0,0,0,0,0,0,0,0,0,0,0,0,0,0,0,0,0,0,0,0,0,0,0,0,0,0,01: preparation,,
community/cfel,community/,,partial,"/g/organization/research-institution,/g/organization/formal-organization",true,true,false,false,false,hgf-university-mpg,Center for Free-Electron Laser Science,Center for Free-Electron Laser Science,CFEL,CFEL,Advances plasma and FEL accelerator science; hosts LUX and state-of-the-art laser labs.,<to be translated>,,,"","",DE,Hamburg,53.55073,9.99302,https://www.cfel.de/,https://www.cfel.de/,https://ror.org/04fme8709,,,,,,,,,,,,,,,,,,,,,,,,,,,,,,,,,,,,,,,,,,,,,,,,,,,,,,,0,0,0,0,0,0,0,0,0,0,0,0,0,15,6,9,0,0,0,0,5,5,5,6,6,0,01: preparation,,
community/cfel/ufox,community/cfel,community/cfel,partial,/g/organization/formal-organization/department,false,false,false,false,true,hgf-university-mpg,Gruppe: Ultrafast Optics and X-rays,Group: Ultrafast Optics and X-rays,UFOX,UFOX,<to be set>,<to be translated>,,,"","",,,,,https://ufox.cfel.de/,https://ufox.cfel.de/,,1,1,,1,1,,1,1,,1,1,1,1,1,1,1,1,1,0,0,0,0,0,0,0,0,0,0,0,0,0,0,0,0,0,0,0,0,0,0,0,0,0,0,0,0,0,0,0,0,0,0,0,0,6,6,0,5,5,15,5,6,9,0,0,0,0,15,6,9,0,0,0,0,5,5,5,6,6,0,01: preparation,,kärtner.franz-x.
community/cfel/ufox/dla,community/cfel/ufox,community/cfel,full,/g/organization/working-group,false,false,false,true,false,hgf-university-mpg,Team: Dielectric Laser Acceleration,Team: Dielectric Laser Acceleration,UFOX-DLA,UFOX-DLA,<to be set>,<to be translated>,,,"","",,,,,https://ufox.cfel.de/research/dielectric_laser_accelerators/,https://ufox.cfel.de/research/dielectric_laser_accelerators/,,,,,,,,,,,,,,,,,,,,,,,,,,,,,,,,,,,,,,,,,,,,,,,,,,,,,,,,0,0,0,0,0,0,0,0,0,0,0,0,0,0,0,0,0,0,0,0,0,0,0,0,0,0,01: preparation,,kärtner.franz-x.
community/cfel/ufox/th,community/cfel/ufox,community/cfel,full,/g/organization/working-group,false,false,false,true,false,hgf-university-mpg,Team: Terahertz Acceleration Team,Team: Terahertz Acceleration,UFOX-THz,UFOX-THz,<to be set>,<to be translated>,,,"","",,,,,https://ufox.cfel.de/research/terahertz_acceleration/,https://ufox.cfel.de/research/terahertz_acceleration/,,,,,,,,,,,,,,,,,,,,,,,,,,,,,,,,,,,,,,,,,,,,,,,,,,,,,,,,0,0,0,0,0,0,0,0,0,0,0,0,0,0,0,0,0,0,0,0,0,0,0,0,0,0,01: preparation,,kärtner.franz-x.
community/desy,community/,,partial,"/g/organization/research-institution,/g/organization/formal-organization",true,true,false,false,false,hgf,Deutsches Elektronen-Synchrotron DESY,Deutsches Elektronen-Synchrotron DESY,DESY,DESY,"Pioneers high-intensity accelerators; operates PETRA III, FLASH, SINBAD, and hosts European XFEL.",<to be translated>,,,"","",DE,Hamburg,53.55073,9.99302,http://www.desy.de/index_eng.html,http://www.desy.de/index_eng.html,https://ror.org/01js2sh04,0,0,,0,0,,0,0,,0,0,0,0,0,0,0,0,0,0,0,0,0,0,0,0,0,0,0,0,0,0,0,0,0,0,0,0,0,0,0,0,0,0,0,0,0,0,0,0,0,0,0,0,0,0,0,0,0,0,0,0,0,0,0,0,0,0,24,0,9,0,8,2,5,24,0,0,7,17,0,01: preparation,,
community/desy/m,community/desy,community/desy,full,/g/organization/formal-organization/department,false,false,false,false,true,hgf,Bereich: Beschleuniger,Division: Accelerators,DESY-M,DESY-M,<to be set>,<to be translated>,,,"","",,,,,https://www.desy.de/forschung/beschleuniger/index_ger.html,https://www.desy.de/forschung/beschleuniger/index_ger.html,,,,,,,,,,,,,,,,,,,,,,,,,,,,,,,,,,,,,,,,,,,,,,,,,,,,,,,,0,0,0,0,0,0,0,0,0,0,0,0,0,24,0,9,0,8,2,5,24,0,0,7,17,0,02: prereview request,,leemans.wim
community/desy/m/mdi,community/desy/m,community/desy,full,/g/organization/working-group,false,false,false,true,false,hgf,Gruppe: Diagnose und Instrumentierung,Group: Diagnostics and Instrumentation Group,DESY-MDI,DESY-MDI,<to be set>,<to be translated>,,,Kay Wittenburg,"",,,,,https://mdi.desy.de/,https://mdi.desy.de/,,,,,,,,,,,,,,,,,,,,,,,,,,,,,,,,,,,,,,,,,,,,,,,,,,,,,,,,0,0,0,0,0,0,0,0,0,0,0,0,0,0,0,0,0,0,0,0,0,0,0,0,0,0,02: prereview request,,leemans.wim
community/desy/m/mea,community/desy/m,community/desy,full,/g/organization/working-group,false,false,false,true,false,hgf,Gruppe: Maschinen- und Experimenteaufbau,Group: Machine and experiment set-up,DESY-MEA,DESY-MEA,<to be set>,<to be translated>,,,Markus Körfer,"",,,,,https://mea.desy.de/,https://mea.desy.de/,,,,,,,,,,,,,,,,,,,,,,,,,,,,,,,,,,,,,,,,,,,,,,,,,,,,,,,,0,0,0,0,0,0,0,0,0,0,0,0,0,0,0,0,0,0,0,0,0,0,0,0,0,0,02: prereview request,,leemans.wim
community/desy/m/mfl,community/desy/m,community/desy,full,/g/organization/working-group,false,false,false,true,false,hgf,Gruppe: FLASH,Group: FLASH,DESY-MFL,DESY-MFL,<to be set>,<to be translated>,,,Mathias Vogt,"",,,,,https://flash.desy.de/,https://flash.desy.de/,,,,,,,,,,,,,,,,,,,,,,,,,,,,,,,,,,,,,,,,,,,,,,,,,,,,,,,,0,0,0,0,0,0,0,0,0,0,0,0,0,0,0,0,0,0,0,0,0,0,0,0,0,0,02: prereview request,,leemans.wim
community/desy/m/mhf,community/desy/m,community/desy,full,/g/organization/working-group,false,false,false,true,false,hgf,Gruppe: Hochfrequenztechnik,Group: High-frequency technology,DESY-MHF,DESY-MHF,<to be set>,<to be translated>,,,Christos Christou,"",,,,,https://mhf.desy.de/,https://mhf.desy.de/,,,,,,,,,,,,,,,,,,,,,,,,,,,,,,,,,,,,,,,,,,,,,,,,,,,,,,,,0,0,0,0,0,0,0,0,0,0,0,0,0,0,0,0,0,0,0,0,0,0,0,0,0,0,02: prereview request,,leemans.wim
community/desy/m/min,community/desy/m,community/desy,full,/g/organization/working-group,false,false,false,true,false,hgf,Gruppe: Injektion,Group: Injection,DESY-MIN,DESY-MIN,<to be set>,<to be translated>,,,Heiko Ehrlichmann,"",,,,,https://min.desy.de/,https://min.desy.de/,,,,,,,,,,,,,,,,,,,,,,,,,,,,,,,,,,,,,,,,,,,,,,,,,,,,,,,,0,0,0,0,0,0,0,0,0,0,0,0,0,0,0,0,0,0,0,0,0,0,0,0,0,0,02: prereview request,,leemans.wim
community/desy/m/mkk,community/desy/m,community/desy,full,/g/organization/working-group,false,false,false,true,false,hgf,"Gruppe: Kraft, Kühlung, Klima","Group: Power, Cooling, Climate",DESY-MKK,DESY-MKK,<to be set>,<to be translated>,,,Nadja von Neuhoff,"",,,,,https://mkk.desy.de/,https://mkk.desy.de/,,,,,,,,,,,,,,,,,,,,,,,,,,,,,,,,,,,,,,,,,,,,,,,,,,,,,,,,0,0,0,0,0,0,0,0,0,0,0,0,0,0,0,0,0,0,0,0,0,0,0,0,0,0,02: prereview request,,leemans.wim
community/desy/m/mks,community/desy/m,community/desy,full,/g/organization/working-group,false,false,false,true,false,hgf,"Gruppe: Kryogenik, Supraleitung","Group: Cryogenics, superconductivity",DESY-MKS,DESY-MKS,<to be set>,<to be translated>,,,T. Schnautz,"",,,,,https://mks.desy.de/,https://mks.desy.de/,,,,,,,,,,,,,,,,,,,,,,,,,,,,,,,,,,,,,,,,,,,,,,,,,,,,,,,,0,0,0,0,0,0,0,0,0,0,0,0,0,0,0,0,0,0,0,0,0,0,0,0,0,0,02: prereview request,,leemans.wim
community/desy/m/mls,community/desy/m,community/desy,full,/g/organization/working-group,false,false,false,true,false,hgf,Gruppe: Laser für Plasmabeschleuniger,Group: Lasers for plasma accelerators,DESY-MLS,DESY-MLS,<to be set>,<to be translated>,,,Andreas Maier,"",,,,,https://mpl.desy.de/,https://mpl.desy.de/,,,,,,,,,,,,,,,,,,,,,,,,,,,,,,,,,,,,,,,,,,,,,,,,,,,,,,,,0,0,0,0,0,0,0,0,0,0,0,0,0,0,0,0,0,0,0,0,0,0,0,0,0,0,02: prereview request,,leemans.wim
community/desy/m/mpl,community/desy/m,community/desy,full,/g/organization/working-group,false,false,false,true,false,hgf,Gruppe: Plasmabeschleuniger,Group: Plasma accelerators,DESY-MPL,DESY-MPA,<to be set>,<to be translated>,,,Andreas Maier,"",,,,,https://mpl.desy.de/,https://mpl.desy.de/,,,,,,,,,,,,,9,,,,,,,,,,,,,,,,4,,4,,,,,,,2,,,,,,,,,1,,4,,,,,,,7,17,0,24,0,24,0,0,9,0,8,2,5,24,0,9,0,8,2,5,24,0,0,7,17,0,02: prereview request,,leemans.wim
community/desy/m/mpc,community/desy/m,community/desy,full,/g/organization/working-group,false,false,false,true,false,hgf,Gruppe: Stromrichter,Group: Power converters,DESY-MPC,DESY-MPC,<to be set>,<to be translated>,,,Hans-Jörg Eckoldt,"",,,,,https://mpc.desy.de/,https://mpc.desy.de/,,,,,,,,,,,,,,,,,,,,,,,,,,,,,,,,,,,,,,,,,,,,,,,,,,,,,,,,0,0,0,0,0,0,0,0,0,0,0,0,0,0,0,0,0,0,0,0,0,0,0,0,0,0,02: prereview request,,leemans.wim
community/desy/m/mpe,community/desy/m,community/desy,full,/g/organization/working-group,false,false,false,true,false,hgf,Gruppe: PETRA III,Group: PETRA III,DESY-MPE,DESY-MPE,<to be set>,<to be translated>,,,Rainer Wanzenberg,"",,,,,https://mpe.desy.de/,https://mpe.desy.de/,,,,,,,,,,,,,,,,,,,,,,,,,,,,,,,,,,,,,,,,,,,,,,,,,,,,,,,,0,0,0,0,0,0,0,0,0,0,0,0,0,0,0,0,0,0,0,0,0,0,0,0,0,0,02: prereview request,,leemans.wim
community/desy/m/mps,community/desy/m,community/desy,full,/g/organization/working-group,false,false,false,true,false,hgf,Gruppe: Personensicherheitssysteme,Group: Personal safety systems,DESY-MPS,DESY-MPS,<to be set>,<to be translated>,,,Michael Dressel,"",,,,,,,,,,,,,,,,,,,,,,,,,,,,,,,,,,,,,,,,,,,,,,,,,,,,,,,,,,,,,,0,0,0,0,0,0,0,0,0,0,0,0,0,0,0,0,0,0,0,0,0,0,0,0,0,0,02: prereview request,,leemans.wim
community/desy/m/mpy,community/desy/m,community/desy,full,/g/organization/working-group,false,false,false,true,false,hgf,Gruppe: Beschleunigerphysik,Group: Accelerator physics,DESY-MPY,DESY-MPY,<to be set>,<to be translated>,,,Stefan Choroba,"",,,,,https://mpy.desy.de/,https://mpy.desy.de/,,,,,,,,,,,,,,,,,,,,,,,,,,,,,,,,,,,,,,,,,,,,,,,,,,,,,,,,0,0,0,0,0,0,0,0,0,0,0,0,0,0,0,0,0,0,0,0,0,0,0,0,0,0,02: prereview request,,leemans.wim
community/desy/m/msk,community/desy/m,community/desy,full,/g/organization/working-group,false,false,false,true,false,hgf,Strahlkontrollen,Group: Beam controls,DESY-MSK,DESY-MSK,<to be set>,<to be translated>,,,Holger Schlarb,"",,,,,https://msk.desy.de/,https://msk.desy.de/,,,,,,,,,,,,,,,,,,,,,,,,,,,,,,,,,,,,,,,,,,,,,,,,,,,,,,,,0,0,0,0,0,0,0,0,0,0,0,0,0,0,0,0,0,0,0,0,0,0,0,0,0,0,02: prereview request,,leemans.wim
community/desy/m/msl,community/desy/m,community/desy,full,/g/organization/working-group,false,false,false,true,false,hgf,Gruppe: Supraleitende Beschleunigertechnologie,Group: Superconducting accelerator technology,DESY-MSL,DESY-MSL,<to be set>,<to be translated>,,,Hans Weise,"",,,,,https://msl.desy.de/,https://msl.desy.de/,,,,,,,,,,,,,,,,,,,,,,,,,,,,,,,,,,,,,,,,,,,,,,,,,,,,,,,,0,0,0,0,0,0,0,0,0,0,0,0,0,0,0,0,0,0,0,0,0,0,0,0,0,0,02: prereview request,,leemans.wim
community/desy/m/mvs,community/desy/m,community/desy,full,/g/organization/working-group,false,false,false,true,false,hgf,Gruppe: Vakuumsysteme,Group: Vacuum systems,DESY-MVS,DESY-MVS,<to be set>,<to be translated>,,,Lutz Lilje,"",,,,,https://mvs.desy.de/,https://mvs.desy.de/,,,,,,,,,,,,,,,,,,,,,,,,,,,,,,,,,,,,,,,,,,,,,,,,,,,,,,,,0,0,0,0,0,0,0,0,0,0,0,0,0,0,0,0,0,0,0,0,0,0,0,0,0,0,02: prereview request,,leemans.wim
community/desy/m/mxl,community/desy/m,community/desy,full,/g/organization/working-group,false,false,false,true,false,hgf,XFEL,XFEL,DESY-MXL,DESY-MXL,<to be set>,<to be translated>,,,Winfried Decking,"",,,,,https://xfel.desy.de/,https://xfel.desy.de/,,,,,,,,,,,,,,,,,,,,,,,,,,,,,,,,,,,,,,,,,,,,,,,,,,,,,,,,0,0,0,0,0,0,0,0,0,0,0,0,0,0,0,0,0,0,0,0,0,0,0,0,0,0,02: prereview request,,leemans.wim
community/desy/m/mbb,community/desy/m,community/desy,full,/g/organization/working-group,false,false,false,true,false,hgf,Gruppe Beschleunigerbetrieb,Accelerator Operation Group,DESY-MBB,DESY-MBB,<to be set>,<to be translated>,,,"","",,,,,https://mbb.desy.de/,https://mbb.desy.de/,,,,,,,,,,,,,,,,,,,,,,,,,,,,,,,,,,,,,,,,,,,,,,,,,,,,,,,,0,0,0,0,0,0,0,0,0,0,0,0,0,0,0,0,0,0,0,0,0,0,0,0,0,0,02: prereview request,,leemans.wim
community/desy/m/mcs,community/desy/m,community/desy,full,/g/organization/working-group,false,false,false,true,false,hgf,Gruppe Kontrollsysteme,Control Systems Group,DESY-MCS,DESY-MCS,<to be set>,<to be translated>,,,"","",,,,,https://mcs.desy.de/index_eng.html,https://mcs.desy.de/index_eng.html,,,,,,,,,,,,,,,,,,,,,,,,,,,,,,,,,,,,,,,,,,,,,,,,,,,,,,,,0,0,0,0,0,0,0,0,0,0,0,0,0,0,0,0,0,0,0,0,0,0,0,0,0,0,02: prereview request,,leemans.wim
community/desy/z-beschleunigerphysik,community/desy,community/desy,full,/g/organization/formal-organization/department,false,false,false,false,true,hgf,Beschleunigerphysik Zeuthen ,Accelerator Physics Zeuthen ,DESY-Z-BESCHLEUNIGER,DESY-Z-BESCHLEUNIGER,<to be set>,<to be translated>,,,"","",,,,,https://www.desy.de/forschung/beschleuniger/index_ger.html,https://www.desy.de/forschung/beschleuniger/index_ger.html,,,,,,,,,,,,,,,,,,,,,,,,,,,,,,,,,,,,,,,,,,,,,,,,,,,,,,,,0,0,0,0,0,0,0,0,0,0,0,0,0,0,0,0,0,0,0,0,0,0,0,0,0,0,02: prereview request,,leemans.wim
community/desy/z-beschleunigerphysik/pitz,community/desy/z-beschleunigerphysik,community/desy,full,/g/organization/working-group,false,false,false,true,false,hgf,PITZ,PITZ,DESY-ZPITZ,DESY-ZPITZ,<to be set>,<to be translated>,,,Frank Stephan,"",,,,,https://pitz.desy.de/,https://pitz.desy.de/,,,,,,,,,,,,,,,,,,,,,,,,,,,,,,,,,,,,,,,,,,,,,,,,,,,,,,,,0,0,0,0,0,0,0,0,0,0,0,0,0,0,0,0,0,0,0,0,0,0,0,0,0,0,02: prereview request,,leemans.wim
dfg,,,none,/g/organization/funding-orgainzation,false,false,false,false,false,funder,Deutsche Forschungsgemeinschaft,German Research Foundation,DFG,DFG,<to be set>,<to be translated>,,,"","",DE,Bonn ,50.817742,7.15908,https://www.dfg.de,https://www.dfg.de/en,https://ror.org/018mejw64,,,,,,,,,,,,,,,,,,,,,,,,,,,,,,,,,,,,,,,,,,,,,,,,,,,,,,,0,0,0,0,0,0,0,0,0,0,0,0,0,,,,,,,,,,,,,,01: preparation,,
ec,,,none,/g/organization/funding-orgainzation,false,false,false,false,false,funder,European Commission ,European Commission ,EC,EC,<to be set>,<to be translated>,,,"","",BE,Brüssel,50.845048,4.376485,https://commission.europa.eu/index_de,https://commission.europa.eu/index_en,https://ror.org/00k4n6c32,,,,,,,,,,,,,,,,,,,,,,,,,,,,,,,,,,,,,,,,,,,,,,,,,,,,,,,0,0,0,0,0,0,0,0,0,0,0,0,0,,,,,,,,,,,,,,01: preparation,,
elena,,,none,/g/organization/consortium,false,false,false,false,false,consortium,ELENA,ELENA,ELENA,ELENA,<to be set>,<to be translated>,ELENA ist eine europäische Gemeinschaft zur Förderung der Zusammenarbeit auf dem Gebiet der Neutronenquellen auf der Basis von Niedrig-Energie-Beschleunigern.,ELENA is a European community for the promotion of co-operation in the field of neutron sources based on low-energy accelerators.,"","",DE,,,,,,,,,,,,,,,,,,,,,,,,,,,,,,,,,,,,,,,,,,,,,,,,,,,,,,,,,,,,,0,0,0,0,0,0,0,0,0,0,0,0,0,,,,,,,,,,,,,,01: preparation,,
erc,,,none,/g/organization/funding-orgainzation,false,false,false,false,false,funder,Europäischer Forschungsrat,European Research Council,ERC,ERC,<to be set>,<to be translated>,,,"","",BE,Brüssel,50.856433,4.360124,https://erc.europa.eu/homepage?etrans=de,https://erc.europa.eu/homepage,https://ror.org/0472cxd90,,,,,,,,,,,,,,,,,,,,,,,,,,,,,,,,,,,,,,,,,,,,,,,,,,,,,,,0,0,0,0,0,0,0,0,0,0,0,0,0,,,,,,,,,,,,,,01: preparation,,
community/esrf,community/,,full,"/g/organization/research-institution,/g/organization/formal-organization",true,true,false,false,false,international,European Synchrotron Radiation Facility,European Synchrotron Radiation Facility,ESRF,ESRF,Innovates with synchrotron science; operates ESRF-EBS fourth-generation storage ring.,<to be translated>,,,"","",FR,Grenoble,45.208778,5.690056,http://www.esrf.eu/,http://www.esrf.eu/,https://ror.org/02550n020,0,0,,0,0,,0,0,,0,0,0,0,0,0,0,0,0,0,0,0,0,0,0,0,0,0,0,0,0,0,0,0,0,0,0,0,0,0,0,0,0,0,0,0,0,0,0,0,0,0,0,0,0,0,0,0,0,0,0,0,0,0,0,0,0,0,0,0,0,0,0,0,0,0,0,0,0,0,0,01: preparation,,
community/ess,community/,,partial,"/g/organization/research-institution,/g/organization/formal-organization",true,true,false,false,false,international,Europäische Spallationsquelle,European Spallation Source,ESS,ESS,Builds new accelerator technologies; hosts the ESS neutron spallation source,<to be translated>,,,"","",SE,Lund,55.708268,13.223475,https://europeanspallationsource.se/,https://europeanspallationsource.se/,https://ror.org/01wv9cn34,0,0,,0,0,,0,0,,0,0,0,0,0,0,0,0,0,0,0,0,0,0,0,0,0,0,0,0,0,0,0,0,0,0,0,0,0,0,0,0,0,0,0,0,0,0,0,0,0,0,0,0,0,0,0,0,0,0,0,0,0,0,0,0,0,0,0,0,0,0,0,0,0,0,0,0,0,0,0,01: preparation,,
community/eu-xfel,community/,,partial,"/g/organization/research-institution,/g/organization/formal-organization",true,true,false,false,false,international,European XFEL,European X-Ray Free-Electron Laser Facility,eu.XFEL,eu.XFEL,Develops X-ray FEL technology; operates the European XFEL ,<to be translated>,,,"","",DE,Schenefeld,54.05,9.48333,https://www.xfel.eu,https://www.xfel.eu,https://ror.org/01wp2jz98,0,0,,0,0,,0,0,,0,0,0,0,0,0,0,0,0,0,0,0,0,0,0,0,0,0,0,0,0,0,0,0,0,0,0,0,0,0,0,0,0,0,0,0,0,0,0,0,0,0,0,0,0,0,0,0,0,0,0,0,0,0,0,0,0,0,0,0,0,0,0,0,0,0,0,0,0,0,0,01: preparation,,
community/fair,community/,,partial,"/g/organization/research-institution,/g/organization/formal-organization",true,true,false,false,false,international,Internationale Beschleuniger-Anlage zur Forschung mit Antiprotonen und Ionen,Facility for Antiproton and Ion Research,FAIR,FAIR,Builds advanced ion/antiproton accelerators; hosts the future FAIR complex at GSI.,<to be translated>,,,"","",DE,Darmstadt,49.931389,8.679167,https://fair-center.de,https://fair-center.eu/,https://ror.org/053veeq82,0,0,,0,0,,0,0,,0,0,0,0,0,0,0,0,0,0,0,0,0,0,0,0,0,0,0,0,0,0,0,0,0,0,0,0,0,0,0,0,0,0,0,0,0,0,0,0,0,0,0,0,0,0,0,0,0,0,0,0,0,0,0,0,0,0,0,0,0,0,0,0,0,0,0,0,0,0,0,01: preparation,,
community/fep,community/,,partial,"/g/organization/research-institution,/g/organization/formal-organization",true,true,false,false,false,fraunhofer,Fraunhofer-Institut für Elektronenstrahl- und Plasmatechnik FEP,Fraunhofer Institute for Electron Beam and Plasma Technology FEP,FEP,FEP,Innovates electron beam/plasma tech; operates Dresden-based electron beam and plasma labs.,<to be translated>,,,"","",DE,Dresden,51.02999,13.782143,https://www.fep.fraunhofer.de,https://www.fep.fraunhofer.de,https://ror.org/03vvewn46,,,,,,,,,,,0,0,0,0,0,0,0,0,,0,0,0,0,0,0,0,0,,0,0,0,0,0,0,0,0,,0,0,0,0,0,0,0,0,,0,0,0,0,0,0,0,0,0,0,0,0,0,0,0,0,0,0,0,0,0,0,0,0,0,0,0,0,0,0,0,0,0,0,01: preparation,,
community/fep/eb,community/fep,community/fep,full,/g/organization/formal-organization/department,false,false,false,false,true,fraunhofer,Elektronenstrahl ,Electron beam,FEP-EB,FEP-EB,<to be set>,<to be translated>,,,"","",,Dresden,,,,,,,,,,,,,,,,,,,,,,,,,,,,,,,,,,,,,,,,,,,,,,,,,,,,,,,,,,,,0,0,0,0,0,0,0,0,0,0,0,0,0,0,0,0,0,0,0,0,0,0,0,0,0,0,01: preparation,,
community/fep/eb/cebst,community/fep/eb,community/fep,full,/g/organization/working-group,false,false,false,true,false,fraunhofer,Spezielle EB-Systeme und Technologien,Customized EB Systems and Technologies,FEP-CEBST,FEP-CEBST,<to be set>,<to be translated>,,,Prof. Dr. Gösta Mattausch,"",,Dresden,,,https://www.fep.fraunhofer.de/de/Geschaeftsfelder/EST.html,https://www.fep.fraunhofer.de/en/Geschaeftsfelder/EST.html,,,,,,,,,,,,,,,,,,,,,,,,,,,,,,,,,,,,,,,,,,,,,,,,,,,,,,,,0,0,0,0,0,0,0,0,0,0,0,0,0,0,0,0,0,0,0,0,0,0,0,0,0,0,01: preparation,,
community/fz-juelich,community/,,partial,"/g/organization/research-institution,/g/organization/formal-organization",true,true,false,false,false,hgf,Forschungszentrum Jülich,Jülich Research Centre,FZJ,FZJ,Advances research with COSY synchrotron and hosts accelerator and nuclear physics labs.,<to be translated>,,,"","",DE,Jülich,50.92149,6.36267,https://www.fz-juelich.de,https://www.fz-juelich.de,https://ror.org/02nv7yv05,0,0,,0,0,,0,0,,0,0,0,0,0,0,0,0,0,0,0,0,0,0,0,0,0,0,0,0,0,0,0,0,0,0,0,0,0,0,0,0,0,0,0,0,0,0,0,0,0,0,0,0,0,0,0,0,0,0,0,0,0,0,0,0,0,0,0,0,0,0,0,0,0,0,0,0,0,0,0,01: preparation,,
community/fz-juelich/jcns,community/fz-juelich,community/fz-juelich,partial,/g/organization/formal-organization/department,false,false,false,false,true,hgf,Jülich Centre for Neutron Science ,Jülich Centre for Neutron Science ,FZJ-JCNS,FZJ-JCNS,<to be set>,<to be translated>,,,"","",,,,,https://www.fz-juelich.de/de/institute/jcns,https://www.fz-juelich.de/en/institutes/jcns,,,,,,,,,,,,,,,,,,,,,,,,,,,,,,,,,,,,,,,,,,,,,,,,,,,,,,,,0,0,0,0,0,0,0,0,0,0,0,0,0,0,0,0,0,0,0,0,0,0,0,0,0,0,01: preparation,,
community/fz-juelich/jcns/jcns-2,community/fz-juelich/jcns,community/fz-juelich,partial,/g/organization/formal-organization/sub-department,false,false,false,false,false,hgf,Quantenmaterialien und kollektive Phänomene,Quantum Materials and Collective Phenomena,FZJ-JCNS-2,FZJ-JCNS-2,<to be set>,<to be translated>,,,"","",,,,,https://www.fz-juelich.de/de/jcns/jcns-2,https://www.fz-juelich.de/en /jcns/jcns-2,,,,,,,,,,,,,,,,,,,,,,,,,,,,,,,,,,,,,,,,,,,,,,,,,,,,,,,,0,0,0,0,0,0,0,0,0,0,0,0,0,0,0,0,0,0,0,0,0,0,0,0,0,0,01: preparation,,
community/fz-juelich/jcns/jcns-2/hbs,community/fz-juelich/jcns/jcns-2,community/fz-juelich,full,/g/organization/working-group,false,false,false,true,false,hgf,High Brilliance Neutron Source,High Brilliance Neutron Source,FZJ-HBS,FZJ-HBS,<to be set>,<to be translated>,,,Paul Zakalek,"",,,,,https://www.fz-juelich.de/de/jcns/jcns-2/leistungen/high-brilliance-neutron-source,https://www.fz-juelich.de/en/jcns/jcns-2/expertise/high-brilliance-neutron-source,,,,,,,,,,,,,,,,,,,,,,,,,,,,,,,,,,,,,,,,,,,,,,,,,,,,,,,,0,0,0,0,0,0,0,0,0,0,0,0,0,0,0,0,0,0,0,0,0,0,0,0,0,0,01: preparation,,
community/fz-juelich/zea,community/fz-juelich,community/fz-juelich,partial,/g/organization/formal-organization/department,false,false,false,false,true,hgf,"Zentralinstitut für Engineering, Elektronik und Analytik",Neutron research ,FZJ-ZEA,FZJ-ZEA,<to be set>,<to be translated>,,,"","",,Jülich,50.92149,6.36267,https://www.fz-juelich.de/de/institute/zea,https://www.fz-juelich.de/en/institutes/zea,https://ror.org/02nv7yv05,,,,,,,,,,,,,,,,,,,,,,,,,,,,,,,,,,,,,,,,,,,,,,,,,,,,,,,0,0,0,0,0,0,0,0,0,0,0,0,0,0,0,0,0,0,0,0,0,0,0,0,0,0,01: preparation,,
community/fz-juelich/zea/zea-1,community/fz-juelich/zea,community/fz-juelich,partial,/g/organization/formal-organization/sub-department,false,false,false,false,false,hgf,Engineering and Technology ,Engineering and Technology ,FZJ-ZEA-1,FZJ-ZEA-1,<to be set>,<to be translated>,,,"","",,Jülich,50.92149,6.36267,https://www.fz-juelich.de/de/zea/zea-1,https://www.fz-juelich.de/en/zea/zea-1,https://ror.org/02nv7yv05,,,,,,,,,,,,,,,,,,,,,,,,,,,,,,,,,,,,,,,,,,,,,,,,,,,,,,,0,0,0,0,0,0,0,0,0,0,0,0,0,0,0,0,0,0,0,0,0,0,0,0,0,0,01: preparation,,
community/fz-juelich/zea/zea-1/beschleunigerphysik,community/fz-juelich/zea/zea-1,community/fz-juelich,full,/g/organization/working-group,false,false,false,true,false,hgf,Beschleunigerphysik,Accelerator physics,FZJ-ZEA-1,FZJ-ZEA-1,<to be set>,<to be translated>,,,Dr. Frank Martin Esser,"",,,,,https://www.fz-juelich.de/de/zea/zea-1/forschung/forschungsbereiche/beschleuniger_physik,https://www.fz-juelich.de/en/zea/zea-1/science/research_areas/accelerator_physics,,,,,,,,,,,,,,,,,,,,,,,,,,,,,,,,,,,,,,,,,,,,,,,,,,,,,,,,0,0,0,0,0,0,0,0,0,0,0,0,0,0,0,0,0,0,0,0,0,0,0,0,0,0,01: preparation,,
community/gsi,community/,,partial,"/g/organization/research-institution,/g/organization/formal-organization",true,true,false,false,false,hgf,GSI Helmholtzzentrum für Schwerionenforschung,GSI Helmholtz Centre for Heavy Ion Research,GSI,GSI,"Develops heavy-ion accelerator research; operates UNILAC, SIS18, ESR, and hosts the FAIR complex.",<to be translated>,,,"","",DE,Darmstadt,49.87167,8.65027,https://www.gsi.de/start/aktuelles.htm,https://www.gsi.de/start/aktuelles.htm,https://ror.org/02k8cbn47,0,0,,0,0,,0,0,,0,0,0,0,0,0,0,0,0,0,0,0,0,0,0,0,0,0,0,0,0,0,0,0,0,0,0,0,0,0,0,0,0,0,0,0,0,0,0,0,0,0,0,0,0,0,0,0,0,0,0,0,0,0,0,0,0,0,0,0,0,0,0,0,0,0,0,0,0,0,0,01: preparation,,
community/gsi/acc,community/gsi,community/gsi,full,/g/organization/formal-organization/department,false,false,false,false,true,hgf,Bereich: Beschleuniger & Betrieb,Accelerator Operations,ACC,ACC,<to be set>,<to be translated>,,,"","",,,,,,,,,,,,,,,,,,,,,,,,,,,,,,,,,,,,,,,,,,,,,,,,,,,,,,,,,,,,,,0,0,0,0,0,0,0,0,0,0,0,0,0,0,0,0,0,0,0,0,0,0,0,0,0,0,01: preparation,,aßmann.ralph
community/gsi/acc/aco,community/gsi/acc,community/gsi,full,/g/organization/formal-organization/sub-department,false,false,false,false,false,hgf,Abteilung Kontrollsysteme,Department Control systems,ACC/ACO,ACC/ACO,<to be set>,<to be translated>,,,"","",,,,,https://www.gsi.de/work/project_management_fair/commons/control-systems,https://www.gsi.de/en/work/project_management_fair/commons/control-systems,,,,,,,,,,,,,,,,,,,,,,,,,,,,,,,,,,,,,,,,,,,,,,,,,,,,,,,,0,0,0,0,0,0,0,0,0,0,0,0,0,0,0,0,0,0,0,0,0,0,0,0,0,0,01: preparation,,aßmann.ralph
community/gsi/acc/aco/app,community/gsi/acc/aco,community/gsi,full,/g/organization/working-group,false,false,false,true,false,hgf,Gruppe: Applikationen,Applications Group,ACC/ACO/APP,ACC/ACO/APP,<to be set>,<to be translated>,,,"","",,,,,https://www.gsi.de/work/gesamtprojektleitung_fair/commons/control_systems/ap,https://www.gsi.de/work/gesamtprojektleitung_fair/commons/control_systems/ap,,,,,,,,,,,,,,,,,,,,,,,,,,,,,,,,,,,,,,,,,,,,,,,,,,,,,,,,0,0,0,0,0,0,0,0,0,0,0,0,0,0,0,0,0,0,0,0,0,0,0,0,0,0,01: preparation,,aßmann.ralph
community/gsi/acc/aco/fec,community/gsi/acc/aco,community/gsi,full,/g/organization/working-group,false,false,false,true,false,hgf,Gruppe: Front-End Control,Front-End Control Group,ACC/ACO/FEC,ACC/ACO/FEC,<to be set>,<to be translated>,,,"","",,,,,https://www.gsi.de/work/gesamtprojektleitung_fair/commons/control_systems/fe,,,,,,,,,,,,,,,,,,,,,,,,,,,,,,,,,,,,,,,,,,,,,,,,,,,,,,,,,0,0,0,0,0,0,0,0,0,0,0,0,0,0,0,0,0,0,0,0,0,0,0,0,0,0,01: preparation,,aßmann.ralph
community/gsi/acc/aco/hel,community/gsi/acc/aco,community/gsi,full,/g/organization/working-group,false,false,false,true,false,hgf,Gruppe: Hardware und Elektronik ,Group Electronics,ACC/ACO/HEL,ACC/ACO/HEL,<to be set>,<to be translated>,,,"","",,,,,https://www.gsi.de/work/gesamtprojektleitung_fair/commons/control_systems/hw,https://www.gsi.de/en/work/project_management_fair/commons/control-systems/hel-group,,,,,,,,,,,,,,,,,,,,,,,,,,,,,,,,,,,,,,,,,,,,,,,,,,,,,,,,0,0,0,0,0,0,0,0,0,0,0,0,0,0,0,0,0,0,0,0,0,0,0,0,0,0,01: preparation,,aßmann.ralph
community/gsi/acc/aco/ind,community/gsi/acc/aco,community/gsi,full,/g/organization/working-group,false,false,false,true,false,hgf,Gruppe: Industrielle Steuerung ,Industrial Controls Group,ACC/ACO/IND,ACC/ACO/IND,<to be set>,<to be translated>,,,"","",,,,,https://www.gsi.de/work/gesamtprojektleitung_fair/commons/control_systems/ind,https://www.gsi.de/en/work/project_management_fair/commons/control-systems/ind-group,,,,,,,,,,,,,,,,,,,,,,,,,,,,,,,,,,,,,,,,,,,,,,,,,,,,,,,,0,0,0,0,0,0,0,0,0,0,0,0,0,0,0,0,0,0,0,0,0,0,0,0,0,0,01: preparation,,aßmann.ralph
community/gsi/acc/aco/inn,community/gsi/acc/aco,community/gsi,full,/g/organization/working-group,false,false,false,true,false,hgf,Gruppe: Netzwerke und Infrastruktur,Networks and IT-Infrastructure Group,ACC/ACO/INN,ACC/ACO/INN,<to be set>,<to be translated>,,,"","",,,,,https://www.gsi.de/work/gesamtprojektleitung_fair/commons/control_systems/in,https://www.gsi.de/en/work/project_management_fair/commons/control_systems/in,,,,,,,,,,,,,,,,,,,,,,,,,,,,,,,,,,,,,,,,,,,,,,,,,,,,,,,,0,0,0,0,0,0,0,0,0,0,0,0,0,0,0,0,0,0,0,0,0,0,0,0,0,0,01: preparation,,aßmann.ralph
community/gsi/acc/aco/ser,community/gsi/acc/aco,community/gsi,full,/g/organization/working-group,false,false,false,true,false,hgf,Gruppe: Systemdienste,System Services Group,ACC/ACO/TOS,ACC/ACO/TOS,<to be set>,<to be translated>,,,"","",,,,,https://www.gsi.de/work/gesamtprojektleitung_fair/commons/control_systems/software-services-group-ser,https://www.gsi.de/en/work/project_management_fair/commons/control-systems/ser-group,,,,,,,,,,,,,,,,,,,,,,,,,,,,,,,,,,,,,,,,,,,,,,,,,,,,,,,,0,0,0,0,0,0,0,0,0,0,0,0,0,0,0,0,0,0,0,0,0,0,0,0,0,0,01: preparation,,aßmann.ralph
community/gsi/acc/aco/tos,community/gsi/acc/aco,community/gsi,full,/g/organization/working-group,false,false,false,true,false,hgf,Gruppe: Timing,Timing Group,ACC/ACO/TOS,ACC/ACO/TOS,<to be set>,<to be translated>,,,"","",,,,,https://www.gsi.de/work/gesamtprojektleitung_fair/commons/control_systems/tg,https://www.gsi.de/en/work/gesamtprojektleitung_fair/commons/control_systems/tg,,,,,,,,,,,,,,,,,,,,,,,,,,,,,,,,,,,,,,,,,,,,,,,,,,,,,,,,0,0,0,0,0,0,0,0,0,0,0,0,0,0,0,0,0,0,0,0,0,0,0,0,0,0,01: preparation,,aßmann.ralph
community/gsi/acc/aph,community/gsi/acc,community/gsi,full,/g/organization/formal-organization/sub-department,false,false,false,false,false,hgf,Abteilung: Beschleunigerphysik,Department Accelerator physics,ACC/APH,ACC/APH,<to be set>,<to be translated>,,,"","",,,,,https://www.gsi.de/work/gesamtprojektleitung_fair/beschleunigerphysik,https://www.gsi.de/en/work/project_management_fair/accelerator_physics,,,,,,,,,,,,,,,,,,,,,,,,,,,,,,,,,,,,,,,,,,,,,,,,,,,,,,,,0,0,0,0,0,0,0,0,0,0,0,0,0,0,0,0,0,0,0,0,0,0,0,0,0,0,01: preparation,,aßmann.ralph
community/gsi/acc/aph/ecr,community/gsi/acc/aph,community/gsi,full,/g/organization/working-group,false,false,false,true,false,hgf,Gruppe: ECR,Group: ECR,ACC/IOS/ECR,ACC/IOS/ECR,<to be set>,<to be translated>,,,"","",,,,,https://www.gsi.de/work/beschleunigerbetrieb/abteilungen/ope/mitarbeiter,https://www.gsi.de/work/beschleunigerbetrieb/abteilungen/ope/mitarbeiter,,,,,,,,,,,,,,,,,,,,,,,,,,,,,,,,,,,,,,,,,,,,,,,,,,,,,,,,0,0,0,0,0,0,0,0,0,0,0,0,0,0,0,0,0,0,0,0,0,0,0,0,0,0,01: preparation,,aßmann.ralph
community/gsi/acc/aph/hc,community/gsi/acc/aph,community/gsi,full,/g/organization/working-group,false,false,false,true,false,hgf,Gruppe: Hochstrom-Gruppe,Group: High current group,ACC/IOS/HC,ACC/IOS/HC,<to be set>,<to be translated>,,,"","",,,,,https://www.gsi.de/work/beschleunigerbetrieb/abteilungen/ope/mitarbeiter,https://www.gsi.de/work/beschleunigerbetrieb/abteilungen/ope/mitarbeiter,,,,,,,,,,,,,,,,,,,,,,,,,,,,,,,,,,,,,,,,,,,,,,,,,,,,,,,,0,0,0,0,0,0,0,0,0,0,0,0,0,0,0,0,0,0,0,0,0,0,0,0,0,0,01: preparation,,aßmann.ralph
community/gsi/acc/aph/ope,community/gsi/acc/aph,community/gsi,full,/g/organization/working-group,false,false,false,true,false,hgf,Gruppe: Betriebsleitung,Group: Operation Department,ACC/OPE,ACC/OPE,<to be set>,<to be translated>,,,"","",,,,,https://www.gsi.de/work/beschleunigerbetrieb/abteilungen/ope/mitarbeiter,https://www.gsi.de/work/beschleunigerbetrieb/abteilungen/ope/mitarbeiter,,,,,,,,,,,,,,,,,,,,,,,,,,,,,,,,,,,,,,,,,,,,,,,,,,,,,,,,0,0,0,0,0,0,0,0,0,0,0,0,0,0,0,0,0,0,0,0,0,0,0,0,0,0,01: preparation,,aßmann.ralph
community/gsi/acc/bco,community/gsi/acc,community/gsi,full,/g/organization/working-group,false,false,false,true,false,hgf,Abteilung: Strahlkühlung,Department Vacuum systems,ACC/BCO,ACC/BCO,<to be set>,<to be translated>,,,"","",,,,,https://www.gsi.de/work/beschleunigerbetrieb/abteilungen/strahlkuehlung,https://www.gsi.de/en/work/accelerator_operations/departments/beam_cooling,,,,,,,,,,,,,,,,,,,,,,,,,,,,,,,,,,,,,,,,,,,,,,,,,,,,,,,,0,0,0,0,0,0,0,0,0,0,0,0,0,0,0,0,0,0,0,0,0,0,0,0,0,0,01: preparation,,aßmann.ralph
community/gsi/acc/bea,community/gsi/acc,community/gsi,full,/g/organization/working-group,false,false,false,true,false,hgf,Abteilung: Strahldiagnose,Department Beam Diagnostics,ACC/BEA,ACC/BEA,<to be set>,<to be translated>,,,"","",,,,,https://www.gsi.de/work/gesamtprojektleitung_fair/commons/beam_instrumentation,https://www.gsi.de/en/work/project_management_fair/commons/beam_instrumentation,,,,,,,,,,,,,,,,,,,,,,,,,,,,,,,,,,,,,,,,,,,,,,,,,,,,,,,,0,0,0,0,0,0,0,0,0,0,0,0,0,0,0,0,0,0,0,0,0,0,0,0,0,0,01: preparation,,aßmann.ralph
community/gsi/acc/cry,community/gsi/acc,community/gsi,full,/g/organization/working-group,false,false,false,true,false,hgf,Abteilung:  Kryogenik,Department Cryogenics,ACC/CRY,ACC/CRY,<to be set>,<to be translated>,,,"","",,,,,https://www.gsi.de/work/gesamtprojektleitung_fair/commons/cryogenics,https://www.gsi.de/en/work/project_management_fair/commons/cryogenics,,,,,,,,,,,,,,,,,,,,,,,,,,,,,,,,,,,,,,,,,,,,,,,,,,,,,,,,0,0,0,0,0,0,0,0,0,0,0,0,0,0,0,0,0,0,0,0,0,0,0,0,0,0,01: preparation,,aßmann.ralph
community/gsi/acc/dec,community/gsi/acc,community/gsi,full,/g/organization/working-group,false,false,false,true,false,hgf,Abteilung: Decceleratoren ,Department Decelerators,ACC/DEC,ACC/DEC,<to be set>,<to be translated>,,,"","",,,,,https://www.gsi.de/work/beschleunigerbetrieb/abteilungen/deceleratoren,https://www.gsi.de/en/work/accelerator_operations/departments/decelerators,,,,,,,,,,,,,,,,,,,,,,,,,,,,,,,,,,,,,,,,,,,,,,,,,,,,,,,,0,0,0,0,0,0,0,0,0,0,0,0,0,0,0,0,0,0,0,0,0,0,0,0,0,0,01: preparation,,aßmann.ralph
community/gsi/acc/eps,community/gsi/acc,community/gsi,full,/g/organization/working-group,false,false,false,true,false,hgf,Abteilung: Elektrische Energiesysteme,Department Electric power systems,ACC/EPS,ACC/EPS,<to be set>,<to be translated>,,,"","",,,,,,,,,,,,,,,,,,,,,,,,,,,,,,,,,,,,,,,,,,,,,,,,,,,,,,,,,,,,,,0,0,0,0,0,0,0,0,0,0,0,0,0,0,0,0,0,0,0,0,0,0,0,0,0,0,01: preparation,,aßmann.ralph
community/gsi/acc/ios,community/gsi/acc,community/gsi,full,/g/organization/formal-organization/sub-department,false,false,false,false,false,hgf,Abteilung: Ionenquellen,Department Ion source department,ACC/IOS,ACC/IOS,<to be set>,<to be translated>,,,"","",,,,,https://www.gsi.de/work/beschleunigerbetrieb/abteilungen/ionenquellen,https://www.gsi.de/en/work/accelerator_operations/departments/ion_sources,,,,,,,,,,,,,,,,,,,,,,,,,,,,,,,,,,,,,,,,,,,,,,,,,,,,,,,,0,0,0,0,0,0,0,0,0,0,0,0,0,0,0,0,0,0,0,0,0,0,0,0,0,0,01: preparation,,aßmann.ralph
community/gsi/acc/lin,community/gsi/acc,community/gsi,full,/g/organization/working-group,false,false,false,true,false,hgf,Abteilung: Linac,Department Linac,ACC/LIN,ACC/LIN,<to be set>,<to be translated>,,,"","",,,,,https://www.gsi.de/work/beschleunigerbetrieb/abteilungen/ope/mitarbeiter,https://www.gsi.de/work/beschleunigerbetrieb/abteilungen/ope/mitarbeiter,,,,,,,,,,,,,,,,,,,,,,,,,,,,,,,,,,,,,,,,,,,,,,,,,,,,,,,,0,0,0,0,0,0,0,0,0,0,0,0,0,0,0,0,0,0,0,0,0,0,0,0,0,0,01: preparation,,aßmann.ralph
community/gsi/acc/lrf,community/gsi/acc,community/gsi,full,/g/organization/working-group,false,false,false,true,false,hgf,Abteilung: UNILAC RF,Department UNILAC RF,ACC/LRF,ACC/LRF,<to be set>,<to be translated>,,,"","",,,,,https://www.gsi.de/work/beschleunigerbetrieb/abteilungen/ope/mitarbeiter,https://www.gsi.de/work/beschleunigerbetrieb/abteilungen/ope/mitarbeiter,,,,,,,,,,,,,,,,,,,,,,,,,,,,,,,,,,,,,,,,,,,,,,,,,,,,,,,,0,0,0,0,0,0,0,0,0,0,0,0,0,0,0,0,0,0,0,0,0,0,0,0,0,0,01: preparation,,aßmann.ralph
community/gsi/acc/ncm,community/gsi/acc,community/gsi,full,/g/organization/working-group,false,false,false,true,false,hgf,Abteilung: NC Magnete & Alignment,Department NC Magnets & Alignment,ACC/NCM,ACC/NCM,<to be set>,<to be translated>,,,"","",,,,,https://www.gsi.de/work/gesamtprojektleitung_fair/commons/engineering/nc_magnets_alignment,https://www.gsi.de/en/work/project_management_fair/commons/engineering/nc_magnets_and_alignment,,,,,,,,,,,,,,,,,,,,,,,,,,,,,,,,,,,,,,,,,,,,,,,,,,,,,,,,0,0,0,0,0,0,0,0,0,0,0,0,0,0,0,0,0,0,0,0,0,0,0,0,0,0,01: preparation,,aßmann.ralph
community/gsi/acc/ope,community/gsi/acc,community/gsi,full,/g/organization/formal-organization/sub-department,false,false,false,false,false,hgf,Abteilung: Betrieb,Department Operation,ACC/OPE,ACC/OPE,<to be set>,<to be translated>,,,"","",,,,,https://www.gsi.de/work/beschleunigerbetrieb/abteilungen/ope/mitarbeiter,https://www.gsi.de/work/beschleunigerbetrieb/abteilungen/ope/mitarbeiter,,,,,,,,,,,,,,,,,,,,,,,,,,,,,,,,,,,,,,,,,,,,,,,,,,,,,,,,0,0,0,0,0,0,0,0,0,0,0,0,0,0,0,0,0,0,0,0,0,0,0,0,0,0,01: preparation,,aßmann.ralph
community/gsi/acc/ope/acc,community/gsi/acc/ope,community/gsi,full,/g/organization/working-group,false,false,false,true,false,hgf,Gruppe: FAIR Commissioning & Operation,Group: Operation,ACC/OPE,ACC/OPE,<to be set>,<to be translated>,,,"","",,,,,https://www.gsi.de/work/beschleunigerbetrieb/abteilungen/ope/mitarbeiter,https://www.gsi.de/work/beschleunigerbetrieb/abteilungen/ope/mitarbeiter,,,,,,,,,,,,,,,,,,,,,,,,,,,,,,,,,,,,,,,,,,,,,,,,,,,,,,,,0,0,0,0,0,0,0,0,0,0,0,0,0,0,0,0,0,0,0,0,0,0,0,0,0,0,01: preparation,,aßmann.ralph
community/gsi/acc/ope/aps,community/gsi/acc/ope,community/gsi,full,/g/organization/working-group,false,false,false,true,false,hgf,Gruppe: Application Support,Group: Application Support,APS,APS,<to be set>,<to be translated>,,,"","",,,,,https://www.gsi.de/work/beschleunigerbetrieb/abteilungen/ope/mitarbeiter,https://www.gsi.de/work/beschleunigerbetrieb/abteilungen/ope/mitarbeiter,,,,,,,,,,,,,,,,,,,,,,,,,,,,,,,,,,,,,,,,,,,,,,,,,,,,,,,,0,0,0,0,0,0,0,0,0,0,0,0,0,0,0,0,0,0,0,0,0,0,0,0,0,0,01: preparation,,aßmann.ralph
community/gsi/acc/ope/tsu,community/gsi/acc/ope,community/gsi,full,/g/organization/working-group,false,false,false,true,false,hgf,Gruppe: Technical Support ,Group: Technical Support ,TSU,TSU,<to be set>,<to be translated>,,,"","",,,,,https://www.gsi.de/work/beschleunigerbetrieb/abteilungen/ope/mitarbeiter,https://www.gsi.de/work/beschleunigerbetrieb/abteilungen/ope/mitarbeiter,,,,,,,,,,,,,,,,,,,,,,,,,,,,,,,,,,,,,,,,,,,,,,,,,,,,,,,,0,0,0,0,0,0,0,0,0,0,0,0,0,0,0,0,0,0,0,0,0,0,0,0,0,0,01: preparation,,aßmann.ralph
community/gsi/acc/pli,community/gsi/acc,community/gsi,full,/g/organization/working-group,false,false,false,true,false,hgf,Abteilung: p-Linac/p-bar-Target,Department p-linac/p-bar-target,ACC/PLI,ACC/PLI,<to be set>,<to be translated>,,,"","",,,,,,,,,,,,,,,,,,,,,,,,,,,,,,,,,,,,,,,,,,,,,,,,,,,,,,,,,,,,,,0,0,0,0,0,0,0,0,0,0,0,0,0,0,0,0,0,0,0,0,0,0,0,0,0,0,01: preparation,,aßmann.ralph
community/gsi/acc/psu,community/gsi/acc,community/gsi,full,/g/organization/working-group,false,false,false,true,false,hgf,Abteilung: Post Stripper Upgrade,Department Post Stripper Upgrade,ACC/PSU,ACC/PSU,<to be set>,<to be translated>,,,"","",,,,,,https://www.gsi.de/work/beschleunigerbetrieb/abteilungen/unilac_post_stripper_upgrade,,,,,,,,,,,,,,,,,,,,,,,,,,,,,,,,,,,,,,,,,,,,,,,,,,,,,,,,0,0,0,0,0,0,0,0,0,0,0,0,0,0,0,0,0,0,0,0,0,0,0,0,0,0,01: preparation,,aßmann.ralph
community/gsi/acc/rhv,community/gsi/acc,community/gsi,full,/g/organization/working-group,false,false,false,true,false,hgf,Abteilung: Ring HV,Department Ring HV,ACC/RHV,ACC/RHV,<to be set>,<to be translated>,,,"","",,,,,https://www.gsi.de/work/gesamtprojektleitung_fair/sis100sis18_sis/ring_hv_rhv,https://www.gsi.de/en/work/project_management_fair/sis100sis18_sis/ring_hv_rhv,,,,,,,,,,,,,,,,,,,,,,,,,,,,,,,,,,,,,,,,,,,,,,,,,,,,,,,,0,0,0,0,0,0,0,0,0,0,0,0,0,0,0,0,0,0,0,0,0,0,0,0,0,0,01: preparation,,aßmann.ralph
community/gsi/acc/rrf,community/gsi/acc,community/gsi,full,/g/organization/working-group,false,false,false,true,false,hgf,Abteilung: Ring RF Systeme,Department Ring RF Systems,ACC/RRF,ACC/RRF,<to be set>,<to be translated>,,,"","",,,,,https://www.gsi.de/en/work/accelerator_operations/departments/ion_sources,https://www.gsi.de/en/work/project_management_fair/sis100sis18_sis/ring_rf_systems_rrf,,,,,,,,,,,,,,,,,,,,,,,,,,,,,,,,,,,,,,,,,,,,,,,,,,,,,,,,0,0,0,0,0,0,0,0,0,0,0,0,0,0,0,0,0,0,0,0,0,0,0,0,0,0,01: preparation,,aßmann.ralph
community/gsi/acc/scm,community/gsi/acc,community/gsi,full,/g/organization/working-group,false,false,false,true,false,hgf,Abteilung: SC Magnets & Testing ,Department SC Magnets & Testing,ACC/SCM,ACC/SCM,<to be set>,<to be translated>,,,"","",,,,,https://www.gsi.de/work/gesamtprojektleitung_fair/sis100sis18_sis/sc_magnets_testing_scm,https://www.gsi.de/en/work/project_management_fair/sis100sis18_sis/sc_magnets_testing_scm,,,,,,,,,,,,,,,,,,,,,,,,,,,,,,,,,,,,,,,,,,,,,,,,,,,,,,,,0,0,0,0,0,0,0,0,0,0,0,0,0,0,0,0,0,0,0,0,0,0,0,0,0,0,01: preparation,,aßmann.ralph
community/gsi/acc/sis,community/gsi/acc,community/gsi,full,/g/organization/working-group,false,false,false,true,false,hgf,Abteilung: SIS100/SIS18,Department SIS100/SIS18,ACC/SIS,ACC/SIS,<to be set>,<to be translated>,,,"","",,,,,https://www.gsi.de/work/gesamtprojektleitung_fair/sis100sis18_sis,https://www.gsi.de/en/work/project_management_fair/sis100sis18_sis,,,,,,,,,,,,,,,,,,,,,,,,,,,,,,,,,,,,,,,,,,,,,,,,,,,,,,,,0,0,0,0,0,0,0,0,0,0,0,0,0,0,0,0,0,0,0,0,0,0,0,0,0,0,01: preparation,,aßmann.ralph
community/gsi/acc/str,community/gsi/acc,community/gsi,full,/g/organization/working-group,false,false,false,true,false,hgf,Abteilung: Speicherringe,Department Storage Rings,ACC/STR,ACC/STR,<to be set>,<to be translated>,,,"","",,,,,https://www.gsi.de/work/accelerator_operations/departments/storage_rings,https://www.gsi.de/en/work/accelerator_operations/departments/storage_rings,,,,,,,,,,,,,,,,,,,,,,,,,,,,,,,,,,,,,,,,,,,,,,,,,,,,,,,,0,0,0,0,0,0,0,0,0,0,0,0,0,0,0,0,0,0,0,0,0,0,0,0,0,0,01: preparation,,aßmann.ralph
community/gsi/acc/sys,community/gsi/acc,community/gsi,full,/g/organization/working-group,false,false,false,true,false,hgf,Abteilung: System Design SIS100/SIS18,Department System Design SIS100/SIS18,ACC/SYS,ACC/SYS,<to be set>,<to be translated>,,,"","",,,,,https://www.gsi.de/work/gesamtprojektleitung_fair/sis100sis18_sis,https://www.gsi.de/en/work/gesamtprojektleitung_fair/sis100sis18_sis,,,,,,,,,,,,,,,,,,,,,,,,,,,,,,,,,,,,,,,,,,,,,,,,,,,,,,,,0,0,0,0,0,0,0,0,0,0,0,0,0,0,0,0,0,0,0,0,0,0,0,0,0,0,01: preparation,,aßmann.ralph
community/gsi/acc/vac,community/gsi/acc,community/gsi,full,/g/organization/working-group,false,false,false,true,false,hgf,Abteilung: Vakuumsysteme,Department: Vacuum systems,ACC/VAC,ACC/VAC,<to be set>,<to be translated>,,,"","",,,,,,https://www.gsi.de/work/gesamtprojektleitung_fair/commons/vacuum_systems,,,,,,,,,,,,,,,,,,,,,,,,,,,,,,,,,,,,,,,,,,,,,,,,,,,,,,,,0,0,0,0,0,0,0,0,0,0,0,0,0,0,0,0,0,0,0,0,0,0,0,0,0,0,01: preparation,,aßmann.ralph
hgf,,,none,/g/organization/consortium,false,false,false,false,false,hgf,Helmholtz-Gemeinschaft Deutscher Forschungszentren,Helmholtz Association of German Research Centres,HGF,HGF,<to be set>,<to be translated>,,,"","",DE,Berlin,52.52437,13.41053,http://www.helmholtz.de/en/,http://www.helmholtz.de/en/,https://ror.org/0281dp749,0,0,,0,0,,0,0,,0,0,0,0,0,0,0,0,0,0,0,0,0,0,0,0,0,0,0,0,0,0,0,0,0,0,0,0,0,0,0,0,0,0,0,0,0,0,0,0,0,0,0,0,0,0,0,0,0,0,0,0,0,0,0,0,0,0,,,,,,,,,,,,,,01: preparation,,
community/hij,community/,,partial,"/g/organization/research-institution,/g/organization/formal-organization",true,true,false,false,false,hgf-university,Helmholtz-Institut Jena,Helmholtz Institute Jena,HIJ,HIJ,"Focuses on laser plasma accelerators; collaborates with European XFEL, FAIR, and FLASH-based facilities.",<to be translated>,,,"","",DE,Jena,50.934556,11.580699,https://www.hi-jena.de/en/,https://www.hi-jena.de/en/,https://ror.org/02rzw6h69,0,0,,0,0,,0,0,,0,0,0,0,0,0,0,0,0,0,0,0,0,0,0,0,0,0,0,0,0,0,0,0,0,0,0,0,0,0,0,0,0,0,0,0,0,0,0,0,0,0,0,0,0,0,0,0,0,0,0,0,0,0,0,0,0,0,0,0,0,0,0,0,0,0,0,0,0,0,0,01: preparation,,
community/him,community/,,partial,"/g/organization/research-institution,/g/organization/formal-organization",true,true,false,false,false,hgf-university,Helmholtz-Institut Mainz,Helmholtz Institute Mainz,HIM,HIM,"Advances superconducting accelerator R&D; operates MAMI, MESA (under construction).",<to be translated>,,,"","",DE,Mainz,49.992315,8.238344,https://hi-mainz.de,https://hi-mainz.de,https://ror.org/024thra40,0,0,,0,0,,0,0,,0,0,0,0,0,0,0,0,0,0,0,0,0,0,0,0,0,0,0,0,0,0,0,0,0,0,0,0,0,0,0,0,0,0,0,0,0,0,0,0,0,0,0,0,0,0,0,0,0,0,0,0,0,0,0,0,0,0,0,0,0,0,0,0,0,0,0,0,0,0,0,01: preparation,,
community/him/acid,community/him,community/him,full,/g/organization/working-group,false,false,false,true,false,hgf-university,Abteilung: Accelerator Design and Integrated Detectors,Section: Accelerator Design and Integrated Detectors,HIM/ACID,HIM/ACID,<to be set>,<to be translated>,,,"","",,,,,https://www.hi-mainz.de/research/research-sections/acid-accelerator-integrated-detector,https://www.hi-mainz.de/research/research-sections/acid-accelerator-integrated-detector,,,,,,,,,,,,,,,,,,,,,,,,,,,,,,,,,,,,,,,,,,,,,,,,,,,,,,,,0,0,0,0,0,0,0,0,0,0,0,0,0,0,0,0,0,0,0,0,0,0,0,0,0,0,01: preparation,,aulenbacher.kurt
community/hu-berlin,community/,,full,"/g/organization/university,/g/organization/formal-organization",true,false,true,false,false,university,Humboldt-Universität zu Berlin,Humboldt University of Berlin ,HU Berlin,HU Berlin,Researches accelerator science; based in Adlershof campus with access to joint Berlin scientific facilities.,<to be translated>,,,"","",DE,Berlin,52.52437,13.41053,https://www.hu-berlin.de/?set_language=en&cl=en,https://www.hu-berlin.de/?set_language=en&cl=en,https://ror.org/01hcx6992,0,0,,0,0,,0,0,,0,0,0,0,0,0,0,0,0,0,0,0,0,0,0,0,0,0,0,0,0,0,0,0,0,0,0,0,0,0,0,0,0,0,0,0,0,0,0,0,0,0,0,0,0,0,0,0,0,0,0,0,0,0,0,0,0,0,0,0,0,0,0,0,0,0,0,0,0,0,0,01: preparation,,
community/hzb,community/,,partial,"/g/organization/research-institution,/g/organization/formal-organization",true,true,false,false,false,hgf,Helmholtz-Zentrum Berlin für Materialien und Energie,Helmholtz-Zentrum Berlin,HZB,HZB,Develops superconducting accelerator tech; operates BESSY II synchrotron (Berlin).,<to be translated>,,,"","",DE,Berlin,52.52437,13.41053,https://www.helmholtz-berlin.de/,https://www.helmholtz-berlin.de/,https://ror.org/02aj13c28,0,0,,0,0,,0,0,,0,0,0,0,0,0,0,0,0,0,0,0,0,0,0,0,0,0,0,0,0,0,0,0,0,0,0,0,0,0,0,0,0,0,0,0,0,0,0,0,0,0,0,0,0,0,0,0,0,0,0,0,0,0,0,0,0,0,162,21,45,30,66,0,0,76,81,5,60,55,0,01: preparation,,
community/hzb/be,community/hzb,community/hzb,full,/g/organization/formal-organization/department,false,false,false,false,true,hgf,Bereich: Bechleuniger,Division: Accelerators,BE,BE,<to be set>,<to be translated>,,,"","",,,,,https://www.helmholtz-berlin.de/forschung/oe/be/index_de.html,https://www.helmholtz-berlin.de/forschung/oe/be/index_de.html,,0,0,,0,0,,0,0,,0,0,0,0,0,0,0,0,0,0,0,0,0,0,0,0,0,0,0,0,0,0,0,0,0,0,0,0,0,0,0,0,0,0,0,0,0,0,0,0,0,0,0,0,0,0,0,0,0,0,0,0,0,0,0,0,0,0,141,18,39,18,66,0,0,66,70,5,52,48,0,01: preparation,,jankowiak.andreas
community/hzb/be/ahbb,community/hzb/be,community/hzb,full,/g/organization/working-group,false,false,false,true,false,hgf,Abteilung: Hochbrillante Elektonenstrahlen,Department: High Brightness Beams,HBB,HBB,<to be set>,<to be translated>,,,"","",,,,,https://www.helmholtz-berlin.de/forschung/oe/be/high-brightness-beams/index_en.html,https://www.helmholtz-berlin.de/forschung/oe/be/high-brightness-beams/index_en.html,,1,,,1,1,,,,,1,1,1,,,,1,1,1,1,1,1,,,,1,1,1,5,5,5,,,,5,5,5,0,0,0,,,,0,0,0,0,0,0,,,,0,0,0,16,15,0,22,23,45,0,3,6,6,30,0,0,45,3,6,6,30,0,0,22,23,0,16,15,0,01: preparation,,jankowiak.andreas
community/hzb/be/apt,community/hzb/be,community/hzb,full,/g/organization/working-group,false,false,false,true,false,hgf,Abteilung: Protonentherapie,Department: Protons for Therapy,PT,PT,<to be set>,<to be translated>,,,Prof. Dr. Andrea Denker,"",,,,,https://www.helmholtz-berlin.de/forschung/oe/be/protonentherapie/index_en.html,https://www.helmholtz-berlin.de/forschung/oe/be/protonentherapie/index_en.html,,1,,,1,1,,,,,2,2,2,,,,2,2,2,0,0,0,,,,0,0,0,1,1,1,,,,1,1,1,0,0,0,,,,0,0,0,0,0,0,,,,0,0,0,8,7,0,10,11,21,0,3,12,0,6,0,0,21,3,12,0,6,0,0,10,11,0,8,7,0,01: preparation,,jankowiak.andreas
community/hzb/be/ia,community/hzb/be,community/hzb,full,/g/organization/formal-organization/sub-department,false,false,false,false,false,hgf,"Abteilung: Beschleuniger - Betrieb, Entwicklung und Technologie","Department: Accelerator Operation, Development and Technology - Operation BESSY II / MLS",IA,IA,<to be set>,<to be translated>,,,"","",,,,,https://www.helmholtz-berlin.de/forschung/oe/be/accelerator/index_en.html,https://www.helmholtz-berlin.de/forschung/oe/be/accelerator/index_en.html,,1,1,,1,1,,1,1,,1,1,1,1,1,1,1,1,1,0,0,0,0,0,0,0,0,0,0,0,0,0,0,0,0,0,0,0,0,0,0,0,0,0,0,0,0,0,0,0,0,0,0,0,0,6,6,0,5,5,15,5,6,9,0,0,0,0,21,6,15,0,0,0,0,8,8,5,8,8,0,01: preparation,,jankowiak.andreas
community/hzb/be/ia/aot,community/hzb/be/ia,community/hzb,full,/g/organization/working-group,false,false,false,true,false,hgf,Gruppe: Beschleunigerbetrieb und -technologie,Group: Accelerator Operation and Technology,AOT,AOT,<to be set>,<to be translated>,,,Dr. Andreas Schälicke,"",,,,,https://www.helmholtz-berlin.de/forschung/oe/be/operation-accelerator/index_en.html,https://www.helmholtz-berlin.de/forschung/oe/be/operation-accelerator/index_en.html,,0,,,0,0,,,,,0,0,0,,,,0,0,0,0,0,0,,,,0,0,0,0,0,0,,,,0,0,0,0,0,0,,,,0,0,0,0,0,0,,,,0,0,0,0,0,0,0,0,0,0,0,0,0,0,0,0,0,0,0,0,0,0,0,0,0,0,0,0,0,01: preparation,,jankowiak.andreas
community/hzb/be/ia/ard,community/hzb/be/ia,community/hzb,full,/g/organization/working-group,false,false,false,true,false,hgf,Gruppe: Beschleunigerforschung und -entwicklung,Group: Accelerator Operation and Technology,ARD,ARD,<to be set>,<to be translated>,,,"","",,,,,https://www.helmholtz-berlin.de/forschung/oe/be/accelerator/index_en.html,https://www.helmholtz-berlin.de/forschung/oe/be/accelerator/index_en.html,,0,,,0,0,,,,,0,0,0,,,,0,0,0,0,0,0,,,,0,0,0,0,0,0,,,,0,0,0,0,0,0,,,,0,0,0,0,0,0,,,,0,0,0,0,0,0,0,0,0,0,0,0,0,0,0,0,0,0,0,0,0,0,0,0,0,0,0,0,0,01: preparation,,jankowiak.andreas
community/hzb/be/ia/hp,community/hzb/be/ia,community/hzb,full,/g/organization/working-group,false,false,false,true,false,hgf,Gruppe: Hochbrillante Photonenstrahlen,Group: High Brightness Photon Beams,HBPB,HBPB,<to be set>,<to be translated>,,,"","",,,,,https://www.helmholtz-berlin.de/forschung/oe/be/accelerator/gia-hbpb/index_en.html,https://www.helmholtz-berlin.de/forschung/oe/be/accelerator/gia-hbpb/index_en.html,,,,,,,,,,,,,,,,,,,,,,,,,,,,,,,,,,,,,,,,,,,,,,,,,,,,,,,,0,0,0,0,0,0,0,0,0,0,0,0,0,0,0,0,0,0,0,0,0,0,0,0,0,0,01: preparation,,jankowiak.andreas
community/hzb/be/ia/srbp,community/hzb/be/ia,community/hzb,full,/g/organization/working-group,false,false,false,true,false,hgf,Gruppe: Speicherringe und Strahlphysik,Group: Storage Rings and Beam Physics,SRBP,SRBP,<to be set>,<to be translated>,,,Dr. Markus Ries,"",,,,,,,,0,,,0,0,,,,,1,1,1,,,,1,1,1,0,0,0,,,,0,0,0,0,0,0,,,,0,0,0,0,0,0,,,,0,0,0,0,0,0,,,,0,0,0,2,2,0,3,3,6,0,0,6,0,0,0,0,6,0,6,0,0,0,0,3,3,0,2,2,0,01: preparation,,jankowiak.andreas
community/hzb/be/ias,community/hzb/be,community/hzb,full,/g/organization/working-group,false,false,false,true,false,hgf,Abteilung: Wissenschaft und Technologie von Beschleunigungssystemen,Department: Science and Technology of Accelerating Systems,IAS,IAS,<to be set>,<to be translated>,,,"","",,,,,https://www.helmholtz-berlin.de/forschung/oe/be/science-technology-accelerating-systems/index_de.html,https://www.helmholtz-berlin.de/forschung/oe/be/science-technology-accelerating-systems/index_de.html,,2,,,2,2,,,,,1,1,1,,,,1,1,1,2,2,2,,,,2,2,2,5,5,5,,,,5,5,5,0,0,0,,,,0,0,0,0,0,0,,,,0,0,0,20,18,0,26,28,54,0,6,6,12,30,0,0,54,6,6,12,30,0,0,26,28,0,20,18,0,01: preparation,,jankowiak.andreas
community/hzb/wi,community/hzb,community/hzb,partial,/g/organization/formal-organization/department,false,false,false,false,true,hgf,Bereich: Wissenschaftliche Instrumentierung und Unterstützung,Division: Scientific Instrumentation and Support,WI,WI,<to be set>,<to be translated>,,,"","",,,,,https://www.helmholtz-berlin.de/forschung/oe/wi/index_en.html,https://www.helmholtz-berlin.de/forschung/oe/wi/index_en.html,,0,0,,0,0,,0,0,,0,0,0,0,0,0,0,0,0,0,0,0,0,0,0,0,0,0,0,0,0,0,0,0,0,0,0,0,0,0,0,0,0,0,0,0,0,0,0,0,0,0,0,0,0,0,0,0,0,0,0,0,0,0,0,0,0,0,21,3,6,12,0,0,0,10,11,0,8,7,0,01: preparation,,jankowiak.andreas
community/hzb/wi/aund,community/hzb/wi,community/hzb,full,/g/organization/working-group,false,false,false,true,false,hgf,Gruppe: Undulatoren,Group: Undulators,UND,UND,<to be set>,<to be translated>,,,"","",,,,,https://www.helmholtz-berlin.de/forschung/oe/wi/undulators/index_en.html,https://www.helmholtz-berlin.de/forschung/oe/wi/undulators/index_en.html,,1,,,1,1,,,,,1,1,1,,,,1,1,1,2,2,2,,,,2,2,2,0,0,0,,,,0,0,0,0,0,0,,,,0,0,0,0,0,0,,,,0,0,0,8,7,0,10,11,21,0,3,6,12,0,0,0,21,3,6,12,0,0,0,10,11,0,8,7,0,01: preparation,,jankowiak.andreas
community/hzdr,community/,,partial,"/g/organization/research-institution,/g/organization/formal-organization",true,true,false,false,false,hgf,Helmholtz-Zentrum Dresden-Rossendorf,Helmholtz-Zentrum Dresden-Rossendorf,HZDR,HZDR,Explores ion/electron accelerator research; operates ELBE Center for High-Power Radiation Sources.,<to be translated>,,,"","",DE,Dresden,51.05089,13.73832,https://www.hzdr.de,https://www.hzdr.de,https://ror.org/01zy2cs03,0,0,,0,0,,0,0,,0,0,0,0,0,0,0,0,0,0,0,0,0,0,0,0,0,0,0,0,0,0,0,0,0,0,0,0,0,0,0,0,0,0,0,0,0,0,0,0,0,0,0,0,0,0,0,0,0,0,0,0,0,0,0,0,0,0,72,0,12,36,24,0,0,36,36,0,24,24,0,01: preparation,,
community/hzdr/ionenstrahlphysik-materialforschung,community/hzdr,community/hzb,partial,/g/organization/formal-organization/department,false,false,false,false,true,hgf,Institut für Ionenstrahlphysik und Materialforschung,Institute of Ion Beam Physics and Material­s Research,,,<to be set>,<to be translated>,,,"","",,,,,https://www.hzdr.de/db/Cms?pOid=10625&pNid=141&pLang=de,https://www.hzdr.de/db/Cms?pOid=10625&pNid=141&pLang=de,,0,0,,0,0,,0,0,,0,0,0,0,0,0,0,0,0,0,0,0,0,0,0,0,0,0,0,0,0,0,0,0,0,0,0,0,0,0,0,0,0,0,0,0,0,0,0,0,0,0,0,0,0,0,0,0,0,0,0,0,0,0,0,0,0,0,0,0,0,0,0,0,0,0,0,0,0,0,0,01: preparation,,helm.manfred
community/hzdr/ionenstrahlphysik-materialforschung/bmi,community/hzdr/ionenstrahlphysik-materialforschung,community/hzdr,full,/g/organization/working-group,false,false,false,true,false,hgf,Abteilung: Beschleuniger-Massenspektrometrie und Isotopenforschung,Department: Accelerator mass spectrometry and isotope research,BMI,BMI,<to be set>,<to be translated>,,,Prof. Dr. Anton Wallner,"",,,,,https://www.hzdr.de/db/Cms?pNid=1061,https://www.hzdr.de/db/Cms?pNid=1061,,0,,,0,0,,,,,0,0,0,,,,0,0,0,0,0,0,,,,0,0,0,0,0,0,,,,0,0,0,0,0,0,,,,0,0,0,0,0,0,,,,0,0,0,0,0,0,0,0,0,0,0,0,0,0,0,0,0,0,0,0,0,0,0,0,0,0,0,0,0,01: preparation,,helm.manfred
community/hzdr/ionenstrahlphysik-materialforschung/ionenstrahlzentrum,community/hzdr/ionenstrahlphysik-materialforschung,community/hzdr,full,/g/organization/working-group,false,false,false,true,false,hgf,Abteilung: Ionen­strahl­zentrum,Department: Ion beam centre,,,<to be set>,<to be translated>,,,"","",,,,,https://www.hzdr.de/db/Cms?pNid=2689,https://www.hzdr.de/db/Cms?pNid=2689,,0,,,0,0,,,,,0,0,0,,,,0,0,0,0,0,0,,,,0,0,0,0,0,0,,,,0,0,0,0,0,0,,,,0,0,0,0,0,0,,,,0,0,0,0,0,0,0,0,0,0,0,0,0,0,0,0,0,0,0,0,0,0,0,0,0,0,0,0,0,01: preparation,,helm.manfred
community/hzdr/radioonkologie,community/hzdr,community/hzdr,partial,/g/organization/formal-organization/department,false,false,false,false,true,hgf,Institut für Radioonkologie,Institute of Radiooncology ,,,<to be set>,<to be translated>,,,"","",,,,,https://www.hzdr.de/db/Cms?pNid=3011,https://www.hzdr.de/db/Cms?pNid=3011,,0,0,,0,0,,0,0,,0,0,0,0,0,0,0,0,0,0,0,0,0,0,0,0,0,0,0,0,0,0,0,0,0,0,0,0,0,0,0,0,0,0,0,0,0,0,0,0,0,0,0,0,0,0,0,0,0,0,0,0,0,0,0,0,0,0,0,0,0,0,0,0,0,0,0,0,0,0,0,01: preparation,,krause.mechthild
community/hzdr/radioonkologie/hochpraezisions-protonentherapie,community/hzdr/radioonkologie,community/hzdr,full,/g/organization/working-group,false,false,false,true,false,hgf,Abteilung: Hochpräzisions-Protonen­therapie,Department: High-precision proton therapy,,,<to be set>,<to be translated>,,, Prof. Christian Richter,"",,,,,https://www.hzdr.de/db/Cms?pNid=906,https://www.hzdr.de/db/Cms?pNid=906,,0,,,0,0,,,,,0,0,0,,,,0,0,0,0,0,0,,,,0,0,0,0,0,0,,,,0,0,0,0,0,0,,,,0,0,0,0,0,0,,,,0,0,0,0,0,0,0,0,0,0,0,0,0,0,0,0,0,0,0,0,0,0,0,0,0,0,0,0,0,01: preparation,,krause.mechthild
community/hzdr/radioonkologie/medizinphysik,community/hzdr/radioonkologie,community/hzdr,full,/g/organization/working-group,false,false,false,true,false,hgf,Abteilung: Medizinische Strahlen­physik,Department: Medical radiation physics,,,<to be set>,<to be translated>,,, Prof. Christian Richter,"",,,,,https://www.hzdr.de/db/Cms?pNid=561,https://www.hzdr.de/db/Cms?pNid=561,,0,,,0,0,,,,,0,0,0,,,,0,0,0,0,0,0,,,,0,0,0,0,0,0,,,,0,0,0,0,0,0,,,,0,0,0,0,0,0,,,,0,0,0,0,0,0,0,0,0,0,0,0,0,0,0,0,0,0,0,0,0,0,0,0,0,0,0,0,0,01: preparation,,krause.mechthild
community/hzdr/radiopharmazeutische-krebsforschung,community/hzdr,community/hzdr,partial,/g/organization/formal-organization/department,false,false,false,false,true,hgf,Institut für Radiopharmazeutische Krebsforschung,Institute for Radiopharmaceutical Cancer Research,,,<to be set>,<to be translated>,,,"","",,,,,https://www.hzdr.de/db/Cms?pNid=130,https://www.hzdr.de/db/Cms?pNid=130,,0,0,,0,0,,0,0,,0,0,0,0,0,0,0,0,0,0,0,0,0,0,0,0,0,0,0,0,0,0,0,0,0,0,0,0,0,0,0,0,0,0,0,0,0,0,0,0,0,0,0,0,0,0,0,0,0,0,0,0,0,0,0,0,0,0,0,0,0,0,0,0,0,0,0,0,0,0,0,01: preparation,,kopka.klaus
community/hzdr/radiopharmazeutische-krebsforschung/targetry,community/hzdr/radiopharmazeutische-krebsforschung,community/hzdr,full,/g/organization/working-group,false,false,false,true,false,hgf,"Abteilung: Targetry, Target Chemie und Radiopharmazie","Department: Targetry, target chemistry and radiopharmacy",,,<to be set>,<to be translated>,,,Dr. Martin Kreller,"",,,,,https://www.hzdr.de/db/Cms?pNid=1778,https://www.hzdr.de/db/Cms?pNid=1778,,0,,,0,0,,,,,0,0,0,,,,0,0,0,0,0,0,,,,0,0,0,0,0,0,,,,0,0,0,0,0,0,,,,0,0,0,0,0,0,,,,0,0,0,0,0,0,0,0,0,0,0,0,0,0,0,0,0,0,0,0,0,0,0,0,0,0,0,0,0,01: preparation,,kopka.klaus
community/hzdr/strahlenphysik,community/hzdr,community/hzdr,full,/g/organization/formal-organization/department,false,false,false,false,true,hgf,Institut für Strahlenphysik,Institute for Radiation Physics,,,<to be set>,<to be translated>,,,"","",,,,,https://www.hzdr.de/db/Cms?pNid=132&pLang=de,https://www.hzdr.de/db/Cms?pNid=132&pLang=de,,0,0,,0,0,,0,0,,0,0,0,0,0,0,0,0,0,0,0,0,0,0,0,0,0,0,0,0,0,0,0,0,0,0,0,0,0,0,0,0,0,0,0,0,0,0,0,0,0,0,0,0,0,0,0,0,0,0,0,0,0,0,0,0,0,0,72,0,12,36,24,0,0,36,36,0,24,24,0,01: preparation,,schramm.ullrich
community/hzdr/strahlenphysik/elbe,community/hzdr/strahlenphysik,community/hzdr,full,/g/organization/working-group,false,false,false,true,false,hgf,Abteilung: Strahlungsquelle ELBE,Department: Radiation Source ELBE,,,<to be set>,<to be translated>,,,Dr. Andreas Wagner,"",,,,,https://www.hzdr.de/db/Cms?pNid=145,https://www.hzdr.de/db/Cms?pNid=145,,0,,,0,0,,,,,0,0,0,,,,0,0,0,0,0,0,,,,0,0,0,0,0,0,,,,0,0,0,0,0,0,,,,0,0,0,0,0,0,,,,0,0,0,0,0,0,0,0,0,0,0,0,0,0,0,0,0,0,0,0,0,0,0,0,0,0,0,0,0,01: preparation,,schramm.ullrich
community/hzdr/strahlenphysik/hed,community/hzdr/strahlenphysik,community/hzdr,full,/g/organization/working-group,false,false,false,true,false,hgf,Abteilung: High Energy Density,Department: High Energy Density,,,<to be set>,<to be translated>,,,"","",,,,,https://www.hzdr.de/db/Cms?pNid=248,https://www.hzdr.de/db/Cms?pNid=248,,0,,,0,0,,,,,2,2,2,,,,2,2,2,6,6,6,,,,6,6,6,4,4,4,,,,4,4,4,0,0,0,,,,0,0,0,0,0,0,,,,0,0,0,24,24,0,36,36,72,0,0,12,36,24,0,0,72,0,12,36,24,0,0,36,36,0,24,24,0,01: preparation,,schramm.ullrich
community/hzdr/strahlenphysik/hibef,community/hzdr/strahlenphysik,community/hzdr,full,/g/organization/formal-organization/sub-department,false,false,false,false,false,hgf,Abteilung: Helmholtz International Beamline für extreme Felder,Department: Helmholtz International Beamline for Extreme Fields,,,<to be set>,<to be translated>,"Das Ziel des Helmholtz International Beamline for Extreme Fields (HIBEF) Nutzerkonsortiums ist es, verschiedene Experimente an der High Energy Density (HED) Beamline des europäischen XFEL (X-Ray Free-Electron Laser) mit weltweit einzigartigen ultrakurzen und extrem hellen Röntgenblitzen aufzubauen und zu betreiben. Sie ist als internationales Nutzerkonsortium organisiert, um das höchste wissenschaftliche und technische Niveau der zur Verfügung gestellten Anlagen zu gewährleisten, die wiederum allen Wissenschaftlern zur Verfügung stehen. Die Forschungsschwerpunkte liegen in den Bereichen Hochenergiedichtephysik, Plasmaphysik, planetare Geowissenschaften, Hochdruckphysik und Physik starker Felder, Magnetismus und korrelierte Elektronensysteme sowie Materialdynamik.","The aim of the Helmholtz International Beamline for Extreme Fields (HIBEF) user consortium is to set up and operate various experiments at the High Energy Density (HED) beamline of the European XFEL (X-Ray Free-Electron Laser) with globally unique ultrashort and extremely bright X-ray flashes. It is organised as an international user consortium to ensure the highest scientific and technical level of the facilities provided, which in turn are available to all scientists. Research focuses on high-energy density physics, plasma physics, planetary geosciences, high-pressure physics and strong field physics, magnetism and correlated electron systems as well as material dynamics.","","",,,,,,,,0,0,,0,0,,0,0,,0,0,0,0,0,0,0,0,0,0,0,0,0,0,0,0,0,0,0,0,0,0,0,0,0,0,0,0,0,0,0,0,0,0,0,0,0,0,0,0,0,0,0,0,0,0,0,0,0,0,0,0,0,0,0,0,0,0,0,0,0,0,0,0,0,0,0,0,0,0,0,01: preparation,,schramm.ullrich
community/hzdr/strahlenphysik/hibef/bau-und-inbetriebnahme,community/hzdr/strahlenphysik/hibef,community/hzdr,full,/g/organization/working-group,false,false,false,true,false,hgf,Abteilung: Bau und Inbetriebnahme von HIBEF,Department: Construction and commissioning of HIBEF,,,<to be set>,<to be translated>,"Das Ziel des Helmholtz International Beamline for Extreme Fields (HIBEF) Nutzer Konsortiums ist der Aufbau und der Betrieb unterschiedlicher Experimente an der High Energy Density (HED) Beamline des europäischen XFEL (X-Ray Free-Electron Laser) mit weltweit einzigartigen ultrakurzen und extrem lichtstarken Röntgenblitzen. Es ist als internationales Nutzer-Konsortium organisiert, um das höchste wissenschaftliche und technische Niveau der bereitgestellten Ausrüstung zu gewährleisten, die wiederum allen Wissenschaftlern zur Verfügung stehen. Im Fokus des Interesses steht die Physik der Hochenergiedichte, die Plasmaphysik, Geowissenschaft der Planeten, Hochdruckphysik und Physik der starken Felder, Magnetismus und korrelierte Elektronensysteme sowie Dynamik von Materialien.","The aim of the Helmholtz International Beamline for Extreme Fields (HIBEF) user consortium is to set up and operate various experiments at the High Energy Density (HED) beamline of the European XFEL (X-Ray Free-Electron Laser) with worldwide unique ultrashort and extremely powerful X-ray flashes. It is organised as an international user consortium to ensure the highest scientific and technical level of the equipment provided, which in turn is available to all scientists. The focus of interest is on the physics of high energy density, plasma physics, planetary geoscience, high pressure physics and strong field physics, magnetism and correlated electron systems as well as the dynamics of materials.",PD Dr. Toma Toncian,"",,,,,,,,0,,,0,0,,,,,0,0,0,,,,0,0,0,0,0,0,,,,0,0,0,0,0,0,,,,0,0,0,0,0,0,,,,0,0,0,0,0,0,,,,0,0,0,0,0,0,0,0,0,0,0,0,0,0,0,0,0,0,0,0,0,0,0,0,0,0,0,0,0,01: preparation,,schramm.ullrich
community/hzdr/strahlenphysik/hibef/hibef-2,community/hzdr/strahlenphysik/hibef,community/hzdr,full,/g/organization/working-group,false,false,false,true,false,hgf,Abteilung: HIBEF 2.0,Department: HIBEF 2.0,,,<to be set>,<to be translated>,,,"","",,,,,,,,0,,,0,0,,,,,0,0,0,,,,0,0,0,0,0,0,,,,0,0,0,0,0,0,,,,0,0,0,0,0,0,,,,0,0,0,0,0,0,,,,0,0,0,0,0,0,0,0,0,0,0,0,0,0,0,0,0,0,0,0,0,0,0,0,0,0,0,0,0,01: preparation,,schramm.ullrich
community/hzdr/strahlenphysik/hibef/laser-systeme,community/hzdr/strahlenphysik/hibef,community/hzdr,full,/g/organization/working-group,false,false,false,true,false,hgf,HIBEF LasersystemeAbteilung: ,Department: HIBEF Laser Systems,,,<to be set>,<to be translated>,,,"","",,,,,,,,0,,,0,0,,,,,0,0,0,,,,0,0,0,0,0,0,,,,0,0,0,0,0,0,,,,0,0,0,0,0,0,,,,0,0,0,0,0,0,,,,0,0,0,0,0,0,0,0,0,0,0,0,0,0,0,0,0,0,0,0,0,0,0,0,0,0,0,0,0,01: preparation,,schramm.ullrich
community/hzdr/strahlenphysik/hibef/starkfeld-qed,community/hzdr/strahlenphysik/hibef,community/hzdr,full,/g/organization/working-group,false,false,false,true,false,hgf,Abteilung: Starkfeld-QED,Department: Strong-field QED,,,<to be set>,<to be translated>,"Ein typisches Gedankenexperiment ist der Oszillatoreffekt: Wenn ein äußeres elektrisches Feld stark genug ist, um ein virtuelles Teilchen-Antiteilchen-Paar so zu trennen, dass die verrichtete Arbeit der Ruheenergie entspricht, dann wird das Paar aufgrund der Masse-Energie-Äquivalenz real. Materie könnte also aus dem Nichts erzeugt werden.","A typical thought experiment is the oscillator effect: if an external electric field is strong enough to separate a virtual particle-antiparticle pair in such a way that the work performed corresponds to the rest energy, then the pair becomes real due to the mass-energy equivalence. Matter could therefore be created out of nothing.",Dr. Hans-Peter Schlenvoigt,"",,,,,,,,0,,,0,0,,,,,0,0,0,,,,0,0,0,0,0,0,,,,0,0,0,0,0,0,,,,0,0,0,0,0,0,,,,0,0,0,0,0,0,,,,0,0,0,0,0,0,0,0,0,0,0,0,0,0,0,0,0,0,0,0,0,0,0,0,0,0,0,0,0,01: preparation,,schramm.ullrich
community/hzdr/strahlenphysik/kernphysik,community/hzdr/strahlenphysik,community/hzdr,full,/g/organization/formal-organization/sub-department,false,false,false,false,false,hgf,Abteilung: Kernphysik,Department of Nuclear Physics,,,<to be set>,<to be translated>,,,Dr. Andreas Wagner,"",,,,,https://www.hzdr.de/db/Cms?pNid=212,https://www.hzdr.de/db/Cms?pNid=212,,0,0,,0,0,,0,0,,0,0,0,0,0,0,0,0,0,0,0,0,0,0,0,0,0,0,0,0,0,0,0,0,0,0,0,0,0,0,0,0,0,0,0,0,0,0,0,0,0,0,0,0,0,0,0,0,0,0,0,0,0,0,0,0,0,0,0,0,0,0,0,0,0,0,0,0,0,0,0,01: preparation,,schramm.ullrich
community/hzdr/strahlenphysik/kernphysik/detektorenentwicklung,community/hzdr/strahlenphysik/kernphysik,community/hzdr,full,/g/organization/working-group,false,false,false,true,false,hgf,Abteilung: Detektorentwick­lung für die Grund­lagen­for­schung,Department: Detector development for basic research,,,<to be set>,<to be translated>,,,Prof. Dr. Daniel Bemmerer,"",,,,,,,,0,,,0,0,,,,,0,0,0,,,,0,0,0,0,0,0,,,,0,0,0,0,0,0,,,,0,0,0,0,0,0,,,,0,0,0,0,0,0,,,,0,0,0,0,0,0,0,0,0,0,0,0,0,0,0,0,0,0,0,0,0,0,0,0,0,0,0,0,0,01: preparation,,schramm.ullrich
community/hzdr/strahlenphysik/kernphysik/kernphysikalische-daten,community/hzdr/strahlenphysik/kernphysik,community/hzdr,full,/g/organization/working-group,false,false,false,true,false,hgf,Abteilung: Kernphysikalische Daten für Wissen­schaft und Technik,Department: Nuclear physics data for science and technology,,,<to be set>,<to be translated>,,,Prof. Dr. Daniel Bemmerer,"",,,,,,,,0,,,0,0,,,,,0,0,0,,,,0,0,0,0,0,0,,,,0,0,0,0,0,0,,,,0,0,0,0,0,0,,,,0,0,0,0,0,0,,,,0,0,0,0,0,0,0,0,0,0,0,0,0,0,0,0,0,0,0,0,0,0,0,0,0,0,0,0,0,01: preparation,,schramm.ullrich
community/hzdr/strahlenphysik/kernphysik/nukleare-astrophysik,community/hzdr/strahlenphysik/kernphysik,community/hzdr,full,/g/organization/working-group,false,false,false,true,false,hgf,Abteilung: Nukleare Astrophysik,Department: Nuclear Astrophysics,,,<to be set>,<to be translated>,,,Prof. Dr. Daniel Bemmerer,"",,,,,,,,0,,,0,0,,,,,0,0,0,,,,0,0,0,0,0,0,,,,0,0,0,0,0,0,,,,0,0,0,0,0,0,,,,0,0,0,0,0,0,,,,0,0,0,0,0,0,0,0,0,0,0,0,0,0,0,0,0,0,0,0,0,0,0,0,0,0,0,0,0,01: preparation,,schramm.ullrich
community/hzdr/strahlenphysik/kernphysik/pas,community/hzdr/strahlenphysik/kernphysik,community/hzdr,full,/g/organization/working-group,false,false,false,true,false,hgf,Abteilung: Posi­tronen­-Annihilations-Spektroskopie,Department: Positron annihilation spectroscopy,,,<to be set>,<to be translated>,,,Dr. Andreas Wagner,"",,,,,,,,0,,,0,0,,,,,0,0,0,,,,0,0,0,0,0,0,,,,0,0,0,0,0,0,,,,0,0,0,0,0,0,,,,0,0,0,0,0,0,,,,0,0,0,0,0,0,0,0,0,0,0,0,0,0,0,0,0,0,0,0,0,0,0,0,0,0,0,0,0,01: preparation,,schramm.ullrich
community/hzdr/strahlenphysik/laser-teilenchen-beschleunigung,community/hzdr/strahlenphysik,community/hzdr,full,/g/organization/formal-organization/sub-department,false,false,false,false,false,hgf,Abteilung: Laser-Teilchenbeschleunigung ,Department of Laser Particle Acceleration ,,,<to be set>,<to be translated>,,,"","",,,,,https://www.hzdr.de/db/Cms?pNid=1483,https://www.hzdr.de/db/Cms?pNid=1483,,0,0,,0,0,,0,0,,0,0,0,0,0,0,0,0,0,0,0,0,0,0,0,0,0,0,0,0,0,0,0,0,0,0,0,0,0,0,0,0,0,0,0,0,0,0,0,0,0,0,0,0,0,0,0,0,0,0,0,0,0,0,0,0,0,0,0,0,0,0,0,0,0,0,0,0,0,0,0,01: preparation,,schramm.ullrich
community/hzdr/strahlenphysik/laser-teilenchen-beschleunigung/anwendung,community/hzdr/strahlenphysik/laser-teilenchen-beschleunigung,community/hzdr,full,/g/organization/working-group,false,false,false,true,false,hgf,Abteilung: Anwendungs­orien­tier­te Laser-Teilchenbeschleuni­gung,Department: Application-orientated laser particle acceleration,,,<to be set>,<to be translated>,,,Josefine Metzkes-Ng,"",,,,,,,,0,,,0,0,,,,,0,0,0,,,,0,0,0,0,0,0,,,,0,0,0,0,0,0,,,,0,0,0,0,0,0,,,,0,0,0,0,0,0,,,,0,0,0,0,0,0,0,0,0,0,0,0,0,0,0,0,0,0,0,0,0,0,0,0,0,0,0,0,0,01: preparation,,schramm.ullrich
community/hzdr/strahlenphysik/laser-teilenchen-beschleunigung/computergestuetzte-strahlenphysik,community/hzdr/strahlenphysik/laser-teilenchen-beschleunigung,community/hzdr,full,/g/organization/working-group,false,false,false,true,false,hgf,Abteilung: Computergestützte Strahlenphysik,Department: Computer-aided radiation physics,,,<to be set>,<to be translated>,,,Michael Bussmann,"",,,,,,,,0,,,0,0,,,,,0,0,0,,,,0,0,0,0,0,0,,,,0,0,0,0,0,0,,,,0,0,0,0,0,0,,,,0,0,0,0,0,0,,,,0,0,0,0,0,0,0,0,0,0,0,0,0,0,0,0,0,0,0,0,0,0,0,0,0,0,0,0,0,01: preparation,,schramm.ullrich
community/hzdr/strahlenphysik/laser-teilenchen-beschleunigung/draco,community/hzdr/strahlenphysik/laser-teilenchen-beschleunigung,community/hzdr,full,/g/organization/working-group,false,false,false,true,false,hgf,Abteilung: Hochleis­tungs­laser DRACO,Department: High power laser DRACO,,,<to be set>,<to be translated>,"Mit dem kontinuierlich weiterentwickelten Ultrakurzpuls-Hochleistungslaser DRACO steht ein für die Laserteilchenbeschleunigung maßgeschneidertes 150 Terawatt / Petawatt Zweistrahlsystem mit dedizierter Diagnostik zur Verfügung, das in zwei unabhängigen Messumgebungen eingesetzt werden kann.","The DRACO ultrashort pulse high-power laser, which is being continuously developed, is a 150 terawatt / petawatt dual-beam system with dedicated diagnostics that is customised for laser particle acceleration and can be used in two independent measurement environments.","","",,,,,,,,0,,,0,0,,,,,0,0,0,,,,0,0,0,0,0,0,,,,0,0,0,0,0,0,,,,0,0,0,0,0,0,,,,0,0,0,0,0,0,,,,0,0,0,0,0,0,0,0,0,0,0,0,0,0,0,0,0,0,0,0,0,0,0,0,0,0,0,0,0,01: preparation,,schramm.ullrich
community/hzdr/strahlenphysik/laser-teilenchen-beschleunigung/leb,community/hzdr/strahlenphysik/laser-teilenchen-beschleunigung,community/hzdr,full,/g/organization/working-group,false,false,false,true,false,hgf,Abteilung: Laser-Elek­tronen­ Beschleuni­gung,Department: Laser-electron acceleration,,,<to be set>,<to be translated>,,,Arie Irman,"",,,,,,,,0,,,0,0,,,,,0,0,0,,,,0,0,0,0,0,0,,,,0,0,0,0,0,0,,,,0,0,0,0,0,0,,,,0,0,0,0,0,0,,,,0,0,0,0,0,0,0,0,0,0,0,0,0,0,0,0,0,0,0,0,0,0,0,0,0,0,0,0,0,01: preparation,,schramm.ullrich
community/hzdr/strahlenphysik/laser-teilenchen-beschleunigung/lib,community/hzdr/strahlenphysik/laser-teilenchen-beschleunigung,community/hzdr,full,/g/organization/working-group,false,false,false,true,false,hgf,Abteilung: Laser-Ionenbeschleunigung,Department: Laser ion acceleration,,,<to be set>,<to be translated>,,,Karl Zeil,"",,,,,,,,0,,,0,0,,,,,0,0,0,,,,0,0,0,0,0,0,,,,0,0,0,0,0,0,,,,0,0,0,0,0,0,,,,0,0,0,0,0,0,,,,0,0,0,0,0,0,0,0,0,0,0,0,0,0,0,0,0,0,0,0,0,0,0,0,0,0,0,0,0,01: preparation,,schramm.ullrich
community/hzdr/strahlenphysik/laser-teilenchen-beschleunigung/penelope,community/hzdr/strahlenphysik/laser-teilenchen-beschleunigung,community/hzdr,full,/g/organization/working-group,false,false,false,true,false,hgf,Abteilung: PEnELOPE,Department: Diodengepump­ter PW Laser PENELOPE,,,<to be set>,<to be translated>,"Penelope steht für die Entwicklung eines energieeffizienten Hochleistungslasers, der mit Hilfe der Diodenlasertechnologie Petawatt Spitzenleistung mit hoher Pulsenergie und hoher Pulswiederholrate verbindet. Perspektivisch soll das System für die Laser-Ionenbeschleunigung optimiert werden.","Penelope stands for the development of an energy-efficient high-power laser that uses diode laser technology to combine petawatt peak power with high pulse energy and a high pulse repetition rate. petawatt peak power with high pulse energy and a high pulse repetition rate. In the future, the system will be be optimised for laser ion acceleration.",PEnELOPE Team,"",,,,,,,,0,,,0,0,,,,,0,0,0,,,,0,0,0,0,0,0,,,,0,0,0,0,0,0,,,,0,0,0,0,0,0,,,,0,0,0,0,0,0,,,,0,0,0,0,0,0,0,0,0,0,0,0,0,0,0,0,0,0,0,0,0,0,0,0,0,0,0,0,0,01: preparation,,schramm.ullrich
community/hzg,community/,,full,"/g/organization/research-institution,/g/organization/formal-organization",true,true,false,false,false,hgf,Helmholtz-Zentrum Hereon,Helmholtz-Zentrum Hereon,HZG,HZG,Applies accelerator-based science; operates neutron and photon facilities for materials/environmental research.,<to be translated>,,,"","",DE,Geesthacht,53.43575,10.3779,https://www.hereon.de/,https://www.hereon.de/,https://ror.org/03qjp1d79,0,0,,0,0,,0,0,,0,0,0,0,0,0,0,0,0,0,0,0,0,0,0,0,0,0,0,0,0,0,0,0,0,0,0,0,0,0,0,0,0,0,0,0,0,0,0,0,0,0,0,0,0,0,0,0,0,0,0,0,0,0,0,0,0,0,0,0,0,0,0,0,0,0,0,0,0,0,0,01: preparation,,
ket,,,none,/g/organization/committee/erum-committee,false,false,false,false,false,committee,Komitee für Elementarteilchenphysik,Komitee Für Elementarteilchenphysik,KET,KET,<to be set>,<to be translated>,,,"","",Deutschland,,,,,,,,,,,,,,,,,,,,,,,,,,,,,,,,,,,,,,,,,,,,,,,,,,,,,,,,,,,,,0,0,0,0,0,0,0,0,0,0,0,0,0,,,,,,,,,,,,,,01: preparation,,
kfb,,,none,/g/organization/committee/erum-committee,false,false,false,false,false,committee,Komittee für Beschleunigerphysik,Committee for Accelerator Physics,KfB,KfB,<to be set>,<to be translated>,,,"","",Deutschland,,,,,,,,,,,,,,,,,,,,,,,,,,,,,,,,,,,,,,,,,,,,,,,,,,,,,,,,,,,,,0,0,0,0,0,0,0,0,0,0,0,0,0,,,,,,,,,,,,,,01: preparation,,
kfn,,,none,/g/organization/committee/erum-committee,false,false,false,false,false,committee,Kommitee Forschung mit Neutronen,Kommitee Forschung Mit Neutronen,KFN,KFN,<to be set>,<to be translated>,,,"","",Deutschland,,,,,,,,,,,,,,,,,,,,,,,,,,,,,,,,,,,,,,,,,,,,,,,,,,,,,,,,,,,,,0,0,0,0,0,0,0,0,0,0,0,0,0,,,,,,,,,,,,,,01: preparation,,
kfs,,,none,/g/organization/committee/erum-committee,false,false,false,false,false,committee,Kommitee Forschung mit Synchrotronstrahlung,Kommitee Forschung Mit Synchrotronstrahlung,KFS,KFS,<to be set>,<to be translated>,,,"","",Deutschland,,,,,,,,,,,,,,,,,,,,,,,,,,,,,,,,,,,,,,,,,,,,,,,,,,,,,,,,,,,,,0,0,0,0,0,0,0,0,0,0,0,0,0,,,,,,,,,,,,,,01: preparation,,
kfsi,,,none,/g/organization/committee/erum-committee,false,false,false,false,false,committee,Komitee Forschung mit nuklearen Sonden und Ionenstrahlen,Komitee Forschung Mit Nuklearen Sonden Und Ionenstrahlen,KFSI,KFSI,<to be set>,<to be translated>,,,"","",Deutschland,,,,,,,,,,,,,,,,,,,,,,,,,,,,,,,,,,,,,,,,,,,,,,,,,,,,,,,,,,,,,0,0,0,0,0,0,0,0,0,0,0,0,0,,,,,,,,,,,,,,01: preparation,,
khuk,,,none,/g/organization/committee/erum-committee,false,false,false,false,false,committee,Komitee Hadronen- und Kernphysik,Komitee Hadronen- Und Kernphysik,KHuK,KHuK,<to be set>,<to be translated>,,,"","",Deutschland,,,,,,,,,,,,,,,,,,,,,,,,,,,,,,,,,,,,,,,,,,,,,,,,,,,,,,,,,,,,,0,0,0,0,0,0,0,0,0,0,0,0,0,,,,,,,,,,,,,,01: preparation,,
community/kit,community/,,full,"/g/organization/research-institution,/g/organization/university,/g/organization/formal-organization",true,true,true,false,false,hgf-university,Karlsruher Institut für Technologie,Karlsruhe Institute of Technology,KIT,KIT,Pioneers sustainable and flexible particle accelerator systems with advanced technologies.,<to be translated>,,,"","",DE,Karlsruhe,49.00937,8.40444,http://www.kit.edu/english/,http://www.kit.edu/english/,https://ror.org/04t3en479,0,0,0,0,0,0,0,0,0,0,0,0,0,0,0,0,0,0,0,0,0,0,0,0,0,0,0,0,0,0,0,0,0,0,0,0,0,0,0,0,0,0,0,0,0,0,0,0,0,0,0,0,0,0,0,0,0,0,0,0,0,0,0,0,0,0,0,31,3,17,4,7,0,0,30,1,0,2,29,0,02: prereview request,,härer.bastian
community/kit/division-5,community/kit,community/kit,full,/g/organization/formal-organization/department,false,false,false,false,true,hgf-university,Bereich V: Mathematik und Physik,Division V: Physics and Mathematics,Bereich V,Bereich V,<to be set>,<to be translated>,,,"","",,,,,,,,0,0,0,0,0,0,0,0,0,0,0,0,0,0,0,0,0,0,0,0,0,0,0,0,0,0,0,0,0,0,0,0,0,0,0,0,0,0,0,0,0,0,0,0,0,0,0,0,0,0,0,0,0,0,0,0,0,0,0,0,0,0,0,0,0,0,0,31,3,17,4,7,0,0,30,1,0,2,29,0,02: prereview request,,härer.bastian
community/kit/division-5/ibpt,community/kit/division-5,community/kit,full,/g/organization/formal-organization/sub-department,false,false,false,false,false,hgf-university,Institut für Strahlenphysik und -technologie,Institute for Beam Physics and Technology,IBPT,IBPT,<to be set>,<to be translated>,,,"","",,,,,https://www.ibpt.kit.edu/index.php,https://www.ibpt.kit.edu/index.php,,1,0,0,0,0,0,0,0,0,0,0,0,0,0,0,0,0,0,0,0,0,0,0,0,0,0,0,0,0,0,0,0,0,0,0,0,0,0,0,0,0,0,0,0,0,0,0,0,0,0,0,0,0,0,1,0,0,1,0,1,0,1,0,0,0,0,0,31,3,17,4,7,0,0,30,1,0,2,29,0,02: prereview request,,härer.bastian
community/kit/division-5/ibpt/ardop1,community/kit/division-5/ibpt,community/kit,full,/g/organization/formal-organization/sub-department,false,false,false,false,false,hgf-university,Abteilung: Beschleuniger-Forschung und -Entwicklung + Betrieb I,Department: Accelerator Research and Development + Operations I,ARD+Op1,ARD+Op1,<to be set>,<to be translated>,,,"","",,,,,https://www.ibpt.kit.edu/d1.php,https://www.ibpt.kit.edu/d1.php,,0,1,0,0,0,0,0,0,0,0,0,0,0,0,0,0,0,0,0,0,0,0,0,0,0,0,0,0,0,0,0,0,0,0,0,0,0,0,0,0,0,0,0,0,0,0,0,0,0,0,0,0,0,0,0,1,0,1,0,1,0,1,0,0,0,0,0,13,1,9,1,2,0,0,13,0,0,1,12,0,02: prereview request,,härer.bastian
community/kit/division-5/ibpt/ardop1/accelerators,community/kit/division-5/ibpt/ardop1,community/kit,full,/g/organization/working-group,false,false,false,true,false,hgf-university,Gruppe: Bechleuniger,Group: Accelerators,Accs,Accs,<to be set>,<to be translated>,,,"","",,,,,https://www.ibpt.kit.edu/d1.php,https://www.ibpt.kit.edu/d1.php,,0,0,0,0,0,0,0,0,0,0,0,1,0,0,0,0,0,0,0,0,0,0,0,0,0,0,0,0,0,0,0,0,0,0,0,0,0,0,0,0,0,0,0,0,0,0,0,0,0,0,0,0,0,0,0,1,0,1,0,1,0,0,1,0,0,0,0,11,0,8,1,2,0,0,11,0,0,0,11,0,02: prereview request,,härer.bastian
community/kit/division-5/ibpt/ardop1/accelerators/bdt,community/kit/division-5/ibpt/ardop1/accelerators,community/kit,full,/g/organization/working-group,false,false,false,true,false,hgf-university,Team: Strahldynamik & Theorie,Team: Beam Dynamics & Theory ,BDT,BDT,<to be set>,<to be translated>,,,"","",,,,,https://www.ibpt.kit.edu/d1.php,https://www.ibpt.kit.edu/d1.php,,0,0,0,0,0,0,0,0,0,0,0,2,0,0,0,0,0,0,0,0,0,0,0,0,0,0,0,0,0,2,0,0,0,0,0,0,0,0,0,0,0,0,0,0,0,0,0,0,0,0,0,0,0,0,0,4,0,4,0,4,0,0,2,0,2,0,0,4,0,2,0,2,0,0,4,0,0,0,4,0,02: prereview request,,härer.bastian
community/kit/division-5/ibpt/ardop1/accelerators/ci,community/kit/division-5/ibpt/ardop1/accelerators,community/kit,full,/g/organization/working-group,false,false,false,true,false,hgf-university,Team: Steuerung & Instrumente,Team: Controls & Instrumentation,CI,CI,<to be set>,<to be translated>,,,"","",,,,,https://www.ibpt.kit.edu/d1.php,https://www.ibpt.kit.edu/d1.php,,0,0,0,0,0,0,0,0,0,0,0,1,0,0,0,0,0,0,0,0,0,0,0,0,0,0,0,0,0,0,0,0,0,0,0,0,0,0,0,0,0,0,0,0,0,0,0,0,0,0,0,0,0,0,0,1,0,1,0,1,0,0,1,0,0,0,0,1,0,1,0,0,0,0,1,0,0,0,1,0,02: prereview request,,härer.bastian
community/kit/division-5/ibpt/ardop1/accelerators/facilities,community/kit/division-5/ibpt/ardop1/accelerators,community/kit,full,/g/organization/working-group,false,false,false,true,false,hgf-university,Team: Anlagen,Team: Facilities,Facs,Facs,<to be set>,<to be translated>,,,"","",,,,,https://www.ibpt.kit.edu/d1.php,https://www.ibpt.kit.edu/d1.php,,0,0,0,0,0,0,0,0,0,0,0,4,0,0,0,0,0,0,0,0,1,0,0,0,0,0,0,0,0,0,0,0,0,0,0,0,0,0,0,0,0,0,0,0,0,0,0,0,0,0,0,0,0,0,0,5,0,5,0,5,0,0,4,1,0,0,0,5,0,4,1,0,0,0,5,0,0,0,5,0,02: prereview request,,härer.bastian
community/kit/division-5/ibpt/ardop1/thzir,community/kit/division-5/ibpt/ardop1,community/kit,full,/g/organization/working-group,false,false,false,true,false,hgf-university,Gruppe: THz/IR-Anwendungen,Applications THz/IR ,ThZIR,ThZIR,<to be set>,<to be translated>,,,"","",,,,,https://www.ibpt.kit.edu/d1.php,https://www.ibpt.kit.edu/d1.php,,0,0,0,0,0,0,0,0,0,1,0,0,0,0,0,0,0,0,0,0,0,0,0,0,0,0,0,0,0,0,0,0,0,0,0,0,0,0,0,0,0,0,0,0,0,0,0,0,0,0,0,0,0,0,1,0,0,1,0,1,0,0,1,0,0,0,0,1,0,1,0,0,0,0,1,0,0,1,0,0,02: prereview request,,härer.bastian
community/kit/division-5/ibpt/ardop2,community/kit/division-5/ibpt,community/kit,full,/g/organization/formal-organization/sub-department,false,false,false,false,false,hgf-university,Abteilung: Beschleuniger-Forschung und -Entwicklung + Betrieb II,Department: Accelerator Research and Development + Operations II,ARD+Op2,ARD+Op2,<to be set>,<to be translated>,,,"","",,,,,https://www.ibpt.kit.edu/d2.php,https://www.ibpt.kit.edu/d2.php,,0,0,0,0,0,0,0,0,0,0,0,1,0,0,0,0,0,0,0,0,0,0,0,0,0,0,0,0,0,0,0,0,0,0,0,0,0,0,0,0,0,0,0,0,0,0,0,0,0,0,0,0,0,0,0,1,0,1,0,1,0,0,1,0,0,0,0,15,1,8,3,3,0,0,14,1,0,0,15,0,02: prereview request,,härer.bastian
community/kit/division-5/ibpt/ardop2/aac,community/kit/division-5/ibpt/ardop2,community/kit,full,/g/organization/working-group,false,false,false,true,false,hgf-university,Gruppe: Neue Beschleunigerkonzepte,Group: New Accelerator Concepts ,AAC,AAC,<to be set>,<to be translated>,,,"","",,,,,https://www.ibpt.kit.edu/d2_AAC.php,https://www.ibpt.kit.edu/d2_AAC.php,,0,0,0,0,0,0,0,0,0,0,0,1,0,0,0,0,0,0,0,0,0,0,0,0,0,0,0,0,0,0,0,0,0,0,0,0,0,0,0,0,0,0,0,0,0,0,0,0,0,0,0,0,0,0,0,1,0,1,0,1,0,0,1,0,0,0,0,2,0,1,1,0,0,0,2,0,0,0,2,0,02: prereview request,,härer.bastian
community/kit/division-5/ibpt/ardop2/aac/team-aac,community/kit/division-5/ibpt/ardop2/aac,community/kit,full,/g/organization/working-group,false,false,false,true,false,hgf-university,Team: AAC,Team: NAC,AAC,AAC,<to be set>,<to be translated>,Advanced Accelerator Concepts ,,"","",,,,,https://www.ibpt.kit.edu/d2_AAC.php,https://www.ibpt.kit.edu/d2_AAC.php,,0,0,0,0,0,0,0,0,0,0,0,0,0,0,0,0,0,0,0,0,1,0,0,0,0,0,0,0,0,0,0,0,0,0,0,0,0,0,0,0,0,0,0,0,0,0,0,0,0,0,0,0,0,0,0,1,0,1,0,1,0,0,0,1,0,0,0,1,0,0,1,0,0,0,1,0,0,0,1,0,02: prereview request,,härer.bastian
community/kit/division-5/ibpt/ardop2/drd,community/kit/division-5/ibpt/ardop2,community/kit,full,/g/organization/working-group,false,false,false,true,false,hgf-university,Gruppe: Diagnose R&D,Group: Diagnosis R&D,DRD,DRD,<to be set>,<to be translated>,,,"","",,,,,https://www.ibpt.kit.edu/d2_DRD.php,https://www.ibpt.kit.edu/d2_DRD.php,,0,0,0,0,0,0,0,0,0,0,0,0,0,0,0,0,0,0,0,0,0,0,0,0,0,0,0,0,0,0,0,0,0,0,0,0,0,0,0,0,0,0,0,0,0,0,0,0,0,0,0,0,0,0,0,0,0,0,0,0,0,0,0,0,0,0,0,8,0,4,2,2,0,0,8,0,0,0,8,0,02: prereview request,,härer.bastian
community/kit/division-5/ibpt/ardop2/drd/ai,community/kit/division-5/ibpt/ardop2/drd,community/kit,full,/g/organization/working-group,false,false,false,true,false,hgf-university,Team: AI4Accelerators,Team: AI4Accelerators,AI,AI,<to be set>,<to be translated>,,,"","",,,,,https://www.ibpt.kit.edu/d2_DRD.php,https://www.ibpt.kit.edu/d2_DRD.php,,0,0,0,0,0,0,0,0,0,0,0,0,0,0,0,0,0,0,0,0,0,0,0,0,0,0,0,0,0,0,0,0,0,0,0,0,0,0,0,0,0,0,0,0,0,0,0,0,0,0,0,0,0,0,0,0,0,0,0,0,0,0,0,0,0,0,0,0,0,0,0,0,0,0,0,0,0,0,0,0,02: prereview request,,härer.bastian
community/kit/division-5/ibpt/ardop2/drd/funkner,community/kit/division-5/ibpt/ardop2/drd,community/kit,full,/g/organization/working-group,false,false,false,true,false,hgf-university,Team: Funker,Team: Funker,,,<to be set>,<to be translated>,,,"","",,,,,https://www.ibpt.kit.edu/d2_DRD.php,https://www.ibpt.kit.edu/d2_DRD.php,,0,0,0,0,0,0,0,0,0,0,0,1,0,0,0,0,0,0,0,0,0,0,0,0,0,0,0,0,0,1,0,0,0,0,0,0,0,0,0,0,0,0,0,0,0,0,0,0,0,0,0,0,0,0,0,2,0,2,0,2,0,0,1,0,1,0,0,2,0,1,0,1,0,0,2,0,0,0,2,0,02: prereview request,,härer.bastian
community/kit/division-5/ibpt/ardop2/drd/gethmann,community/kit/division-5/ibpt/ardop2/drd,community/kit,full,/g/organization/working-group,false,false,false,true,false,hgf-university,Team: Gethmann,Team: Gethmann,GTHMNN,GTHMNN,<to be set>,<to be translated>,,,"","",,,,,https://www.ibpt.kit.edu/d2_DRD.php,https://www.ibpt.kit.edu/d2_DRD.php,,0,0,0,0,0,0,0,0,0,0,0,0,0,0,0,0,0,0,0,0,1,0,0,0,0,0,0,0,0,0,0,0,0,0,0,0,0,0,0,0,0,0,0,0,0,0,0,0,0,0,0,0,0,0,0,1,0,1,0,1,0,0,0,1,0,0,0,1,0,0,1,0,0,0,1,0,0,0,1,0,02: prereview request,,härer.bastian
community/kit/division-5/ibpt/ardop2/drd/nasse,community/kit/division-5/ibpt/ardop2/drd,community/kit,full,/g/organization/working-group,false,false,false,true,false,hgf-university,Team: Nasse,Team: Nasse,NSS,NSS,<to be set>,<to be translated>,,,"","",,,,,https://www.ibpt.kit.edu/d2_DRD.php,https://www.ibpt.kit.edu/d2_DRD.php,,0,0,0,0,0,0,0,0,0,0,0,1,0,0,0,0,0,0,0,0,0,0,0,0,0,0,0,0,0,0,0,0,0,0,0,0,0,0,0,0,0,0,0,0,0,0,0,0,0,0,0,0,0,0,0,1,0,1,0,1,0,0,1,0,0,0,0,1,0,1,0,0,0,0,1,0,0,0,1,0,02: prereview request,,härer.bastian
community/kit/division-5/ibpt/ardop2/drd/niehues,community/kit/division-5/ibpt/ardop2/drd,community/kit,full,/g/organization/working-group,false,false,false,true,false,hgf-university,Team: Niehues,Team: Niehues,NHS,NHS,<to be set>,<to be translated>,,,"","",,,,,https://www.ibpt.kit.edu/d2_DRD.php,https://www.ibpt.kit.edu/d2_DRD.php,,0,0,0,0,0,0,0,0,0,0,0,1,0,0,0,0,0,0,0,0,1,0,0,0,0,0,0,0,0,0,0,0,0,0,0,0,0,0,0,0,0,0,0,0,0,0,0,0,0,0,0,0,0,0,0,2,0,2,0,2,0,0,1,1,0,0,0,2,0,1,1,0,0,0,2,0,0,0,2,0,02: prereview request,,härer.bastian
community/kit/division-5/ibpt/ardop2/drd/steinmann,community/kit/division-5/ibpt/ardop2/drd,community/kit,full,/g/organization/working-group,false,false,false,true,false,hgf-university,Team: Steinmann,Team: Steinmann,STMNN,STMNN,<to be set>,<to be translated>,,,"","",,,,,https://www.ibpt.kit.edu/d2_DRD.php,https://www.ibpt.kit.edu/d2_DRD.php,,0,0,0,0,0,0,0,0,0,0,0,1,0,0,0,0,0,0,0,0,0,0,0,0,0,0,0,0,0,1,0,0,0,0,0,0,0,0,0,0,0,0,0,0,0,0,0,0,0,0,0,0,0,0,0,2,0,2,0,2,0,0,1,0,1,0,0,2,0,1,0,1,0,0,2,0,0,0,2,0,02: prereview request,,härer.bastian
community/kit/division-5/ibpt/ardop2/id,community/kit/division-5/ibpt/ardop2,community/kit,full,/g/organization/working-group,false,false,false,true,false,hgf-university,Gruppe: Insertion Devices,Group: Insertion Devices,ID,ID,<to be set>,<to be translated>,,,Prof. Dr.-Ing. Steffen Grohmann,"",,,,,https://www.ibpt.kit.edu/d2_ID.php,https://www.ibpt.kit.edu/d2_ID.php,,0,0,0,0,1,0,0,0,0,0,0,0,0,0,0,0,0,0,0,0,0,0,0,0,0,0,0,0,0,0,0,0,0,0,0,0,0,0,0,0,0,0,0,0,0,0,0,0,0,0,0,0,0,0,0,1,0,0,1,1,0,1,0,0,0,0,0,4,1,2,0,1,0,0,3,1,0,0,4,0,01: preparation,,härer.bastian
community/kit/division-5/ibpt/ardop2/id/grau,community/kit/division-5/ibpt/ardop2/id,community/kit,full,/g/organization/working-group,false,false,false,true,false,hgf-university,Team: Grau,Team: Grau,FNKR,FNKR,<to be set>,<to be translated>,,,"","",,,,,https://www.ibpt.kit.edu/d2_DRD.php,https://www.ibpt.kit.edu/d2_DRD.php,,0,0,0,0,0,0,0,0,0,0,0,1,0,0,0,0,0,0,0,0,0,0,0,0,0,0,0,0,0,0,0,0,0,0,0,0,0,0,0,0,0,0,0,0,0,0,0,0,0,0,0,0,0,0,0,1,0,1,0,1,0,0,1,0,0,0,0,1,0,1,0,0,0,0,1,0,0,0,1,0,02: prereview request,,härer.bastian
community/kit/division-5/ibpt/ardop2/id/saez-de-jauregui,community/kit/division-5/ibpt/ardop2/id,community/kit,full,/g/organization/working-group,false,false,false,true,false,hgf-university,Team: Saez de Jauregui,Team: Saez de Jauregui,FNKR,FNKR,<to be set>,<to be translated>,,,"","",,,,,https://www.ibpt.kit.edu/d2_DRD.php,https://www.ibpt.kit.edu/d2_DRD.php,,0,0,0,0,0,0,0,0,0,0,0,1,0,0,0,0,0,0,0,0,0,0,0,0,0,0,0,0,0,1,0,0,0,0,0,0,0,0,0,0,0,0,0,0,0,0,0,0,0,0,0,0,0,0,0,2,0,2,0,2,0,0,1,0,1,0,0,2,0,1,0,1,0,0,2,0,0,0,2,0,02: prereview request,,härer.bastian
community/kit/division-5/ibpt/sst,community/kit/division-5/ibpt,community/kit,full,/g/organization/working-group,false,false,false,true,false,hgf-university,Gruppe: Superconducting System Technology,Research Group Supraleitende Systemtechnologie,SST,SST,<to be set>,<to be translated>,,,Prof. Dr.-Ing. Steffen Grohmann,"",,,,,https://www.ibpt.kit.edu/RG_sst.php,https://www.ibpt.kit.edu/RG_sst.php,,0,0,0,0,0,0,0,0,0,0,0,0,0,0,0,0,0,0,0,0,0,0,0,0,0,0,0,0,0,2,0,0,0,0,0,0,0,0,0,0,0,0,0,0,0,0,0,0,0,0,0,0,0,0,0,2,0,2,0,2,0,0,0,0,2,0,0,2,0,0,0,2,0,0,2,0,0,0,2,0,01: preparation,,härer.bastian
leaps,,,none,/g/organization/consortium,false,false,false,false,false,consortium,LEAPS,LEAPS,LEAPS,LEAPS,<to be set>,<to be translated>,"LEAPS (League of European Accelerator-based Photon Sources) ist eine Gemeinschaft von europäischen Synchrotron- und Freie-Elektronen-Laser-Photonenquellen. Die 2017 gegründete Organisation hat das Ziel, die Zusammenarbeit und Qualität der an Photonenquellen durchgeführten Grundlagen-, angewandten und industriellen Forschung zu fördern.","LEAPS (League of European Accelerator-based Photon Sources) is a community of European synchrotron and free-electron laser photon sources. Founded in 2017, the organisation aims to promote collaboration and quality in basic, applied and industrial research carried out at photon sources.","","",Deutschland,,,,,,,,,,,,,,,,,,,,,,,,,,,,,,,,,,,,,,,,,,,,,,,,,,,,,,,,,,,,,0,0,0,0,0,0,0,0,0,0,0,0,0,,,,,,,,,,,,,,01: preparation,,
lens,,,none,/g/organization/consortium,false,false,false,false,false,consortium,League Of Advanced European Neutron Sources,League Of Advanced European Neutron Sources,LENS,LENS,<to be set>,<to be translated>,"LENS (League of Advanced European Neutron Sources) ist eine Gemeinschaft, die alle europäischen Synchrotron- und Freie-Elektronen-Laser-Photonequellen in Europa zusammenbringt. Die 2017 gegründete Organisation hat sich zum Ziel gesetzt, die Qualität und die positiven Auswirkungen der an ihren Mitgliedern durchgeführten Grundlagen-, angewandten und industriellen Forschung zu fördern und sicherzustellen.","LENS (League of Advanced European Neutron Sources) is a community that brings together all European synchrotron and free-electron laser photon sources in Europe. Founded in 2017, the organisation aims to promote and ensure the quality and positive impact of basic, applied and industrial research carried out at its members.","","",Deutschland,,,,,,,,,,,,,,,,,,,,,,,,,,,,,,,,,,,,,,,,,,,,,,,,,,,,,,,,,,,,,0,0,0,0,0,0,0,0,0,0,0,0,0,,,,,,,,,,,,,,01: preparation,,
mpg,,,none,/g/organization/consortium,false,false,false,false,false,mpg,Max-Planck-Gesellschaft zur Förderung der Wissenschaften,Max Planck Society,MPG,MPG,<to be set>,<to be translated>,,,"","",Deutschland,Munich,48.13743,11.57549,http://www.mpg.de/en,http://www.mpg.de/en,https://ror.org/01hhn8329,,,,,,,,,,,,,,,,,,,,,,,,,,,,,,,,,,,,,,,,,,,,,,,,,,,,,,,0,0,0,0,0,0,0,0,0,0,0,0,0,,,,,,,,,,,,,,01: preparation,,
community/mpik,community/,,full,"/g/organization/research-institution,/g/organization/formal-organization",true,true,false,false,false,mpg,Max-Planck-Institut für Kernphysik,Max Planck Institute for Nuclear Physics,MPIK,MPIK,Conducts accelerator-based fundamental physics; operates underground beam and detector facilities.,<to be translated>,,,"","",DE,Heidelberg,49.40768,8.69079,http://www.mpi-hd.mpg.de/mpi/en/start/,http://www.mpi-hd.mpg.de/mpi/en/start/,https://ror.org/052d0h423,0,0,,0,0,,0,0,,0,0,0,0,0,0,0,0,0,0,0,0,0,0,0,0,0,0,0,0,0,0,0,0,0,0,0,0,0,0,0,0,0,0,0,0,0,0,0,0,0,0,0,0,0,0,0,0,0,0,0,0,0,0,0,0,0,0,0,0,0,0,0,0,0,0,0,0,0,0,0,01: preparation,,
community/mpp,community/,,full,"/g/organization/research-institution,/g/organization/formal-organization",true,true,false,false,false,mpg,Max-Planck-Institut für Physik,Max Planck Institute for Physics,MPP,MPP,"Contributes to particle accelerator R&D; partners on CERN projects, operates detector test beams.",<to be translated>,,,"","",DE,Munich,48.13743,11.57549,https://www.mpp.mpg.de/english/index.html,https://www.mpp.mpg.de/english/index.html,https://ror.org/0079jjr10,0,0,,0,0,,0,0,,0,0,0,0,0,0,0,0,0,0,0,0,0,0,0,0,0,0,0,0,0,0,0,0,0,0,0,0,0,0,0,0,0,0,0,0,0,0,0,0,0,0,0,0,0,0,0,0,0,0,0,0,0,0,0,0,0,0,0,0,0,0,0,0,0,0,0,0,0,0,0,01: preparation,,
nfdi,,,none,/g/organization/consortium,false,false,false,false,false,consortium,Nationale Forschungsdateninfrastruktur,Nationale Forschungsdateninfrastruktur,NFDI,NFDI,<to be set>,<to be translated>,"Die Nationale Forschungsdateninfrastruktur (NFDI) hat das Ziel, Daten von Wissenschaft und Forschung zur Verfügung zu stellen, zu vernetzen und somit langfristig nutzbar zu machen. An NFDI wirken Einrichtungen aus diversen Forschungsbereichen mit. Sie arbeiten an Services, Trainingsangeboten für Forschende und Standards für den Umgang mit Daten.","The National Research Data Infrastructure (NFDI) aims to make data from science and research available, network it and thus make it usable in the long term. Institutions from various research areas are involved in the NFDI. They are working on services, training programmes for researchers and standards for handling data.","","",Deutschland,,,,,,,,,,,,,,,,,,,,,,,,,,,,,,,,,,,,,,,,,,,,,,,,,,,,,,,,,,,,,0,0,0,0,0,0,0,0,0,0,0,0,0,,,,,,,,,,,,,,01: preparation,,
community/ptb,community/,,full,"/g/organization/research-institution,/g/organization/formal-organization",true,true,false,false,false,government,Physikalisch-Technische Bundesanstalt,German National Metrology Institute,PTB,PTB,Develops accelerator-based metrology; operates electron and ion accelerators for scientific standards.,<to be translated>,,,"","",DE,Braunschweig,52.26594,10.52673,https://www.ptb.de/cms/,https://www.ptb.de/cms/en.html,https://ror.org/05r3f7h03,0,0,,0,0,,0,0,,0,0,0,0,0,0,0,0,0,0,0,0,0,0,0,0,0,0,0,0,0,0,0,0,0,0,0,0,0,0,0,0,0,0,0,0,0,0,0,0,0,0,0,0,0,0,0,0,0,0,0,0,0,0,0,0,0,0,0,0,0,0,0,0,0,0,0,0,0,0,0,01: preparation,,
community/ptb/abt7,community/ptb,community/ptb,full,/g/organization/formal-organization/department,false,false,false,false,true,government,Abteilung 7: Temperatur und Synchrotronstrahlung,Division 7: Temperature and Synchrotron Radiation,Abt. 7,Abt. 7,<to be set>,<to be translated>,,,"","",,,52.515423,13.320488,https://www.ptb.de/cms/ptb/fachabteilungen/abt7.html,https://www.ptb.de/cms/en.html,,0,0,,0,0,,0,0,,0,0,0,0,0,0,0,0,0,0,0,0,0,0,0,0,0,0,0,0,0,0,0,0,0,0,0,0,0,0,0,0,0,0,0,0,0,0,0,0,0,0,0,0,0,0,0,0,0,0,0,0,0,0,0,0,0,0,0,0,0,0,0,0,0,0,0,0,0,0,0,02: prereview request,,
community/ptb/abt7/fb7-1,community/ptb/abt7,community/ptb,full,/g/organization/formal-organization/sub-department,false,false,false,false,false,government,Fachbereich: Radiometrie mit Synchrotronstrahlung,Department: Radiometry with Synchrotron Radiation,FB 7.1,FB 7.1,<to be set>,<to be translated>,,,Dr. Frank Scholze,"",Deutschland,Berlin ,52.427852,13.534451,https://www.ptb.de/cms/ptb/fachabteilungen/abt7/fb-71.html,https://www.ptb.de/cms/en/ptb/fachabteilungen/abt7/fb-71.html,,,,,,,,,,,,,,,,,,,,,,,,,,,,,,,,,,,,,,,,,,,,,,,,,,,,,,,,0,0,0,0,0,0,0,0,0,0,0,0,0,0,0,0,0,0,0,0,0,0,0,0,0,0,02: prereview request,,
community/ptb/abt7/fb7-2,community/ptb/abt7,community/ptb,full,/g/organization/formal-organization/sub-department,false,false,false,false,false,government,Fachbereich: Röntgenmesstechnik mit Synchrotronstrahlung,Department: X-ray Metrology with Synchrotron Radiation,FB 7.2,FB 7.2,<to be set>,<to be translated>,,,Dr. Michael Krumrey,"",Deutschland,Berlin ,52.427852,13.534451,https://www.ptb.de/cms/ptb/fachabteilungen/abt7/fb-72.html,https://www.ptb.de/cms/en/ptb/fachabteilungen/abt7/fb-72.html,,,,,,,,,,,,,,,,,,,,,,,,,,,,,,,,,,,,,,,,,,,,,,,,,,,,,,,,0,0,0,0,0,0,0,0,0,0,0,0,0,0,0,0,0,0,0,0,0,0,0,0,0,0,01: preparation,,
community/rwth-aachen,community/,,full,"/g/organization/university,/g/organization/formal-organization",true,false,true,false,false,university,Rheinisch-Westfälische Technische Hochschule Aachen,RWTH Aachen University,RWTH Aachen,RWTH Aachen,"Innovates accelerator physics; hosts labs for beam and detector R&D, linked with Innovation Factory ecosystem.",<to be translated>,,,"","",DE,Aachen,50.77664,6.08342,https://www.rwth-aachen.de/go/id/a/,https://www.rwth-aachen.de/cms/~a/root/lidx/1/,https://ror.org/04xfq0f34,,,,,,,,,,,,,,,,,,,,,,,,,,,,,,,,,,,,,,,,,,,,,,,,,,,,,,,0,0,0,0,0,0,0,0,0,0,0,0,0,0,0,0,0,0,0,0,0,0,0,0,0,0,01: preparation,,
tu-berlin,,,none,"/g/organization/university,/g/organization/formal-organization",true,false,true,false,false,university,Technische Universität Berlin,Technical University of Berlin,TU Berlin,TU Berlin,Engaged in accelerator R&D; access to technology incubators and Adlershof scientific campus facilities.,<to be translated>,,,"","",DE,Berlin,52.512683,3.326953,https://www.tu.berlin,https://www.tu.berlin/en/,https://ror.org/03v4gjf40,,,,,,,,,,,,,,,,,,,,,,,,,,,,,,,,,,,,,,,,,,,,,,,,,,,,,,,0,0,0,0,0,0,0,0,0,0,0,0,0,,,,,,,,,,,,,,01: preparation,,
community/tu-darmstadt,community/,,full,"/g/organization/university,/g/organization/formal-organization",true,false,true,false,false,university,Technische Universität Darmstadt,Technical University of Darmstadt,TU Darmstadt,TU Darmstadt,Advances superconducting electron accelerators; operates S-DALINAC.,<to be translated>,,,"","",DE,Darmstadt,49.87167,8.65027,https://www.tu-darmstadt.de/index.de.jsp,https://www.tu-darmstadt.de/index.en.jsp,https://ror.org/05n911h24,0,0,0,0,0,0,0,0,0,0,0,0,0,0,0,0,0,0,0,0,0,0,0,0,0,0,0,0,0,0,0,0,0,0,0,0,0,0,0,0,0,0,0,0,0,0,0,0,0,0,0,0,0,0,0,0,0,0,0,0,0,0,0,0,0,0,0,124,9,15,11,73,11,5,93,31,0,26,98,0,01: preparation,,
community/tu-darmstadt/fb-etit,community/tu-darmstadt,community/tu-darmstadt,partial,/g/organization/formal-organization/department,false,false,false,false,true,university,Fachbereich: Elektrotechnik und Informationstechnik,Department of Electrical Engineering and Information Technology ,ETIT,ETIT,<to be set>,<to be translated>,,,"","",,,,,https://www.etit.tu-darmstadt.de/fachbereich/index.de.jsp,https://www.ikp.tu-darmstadt.de/das_institut_kernphysik/index.en.jsp,,0,0,0,0,0,0,0,0,0,0,0,0,0,0,0,0,0,0,0,0,0,0,0,0,0,0,0,0,0,0,0,0,0,0,0,0,0,0,0,0,0,0,0,0,0,0,0,0,0,0,0,0,0,0,0,0,0,0,0,0,0,0,0,0,0,0,0,43,5,6,0,32,0,0,12,31,0,11,32,0,02: prereview request,,
community/tu-darmstadt/fb-etit/temf,community/tu-darmstadt/fb-etit,community/tu-darmstadt,full,/g/organization/formal-organization/sub-department,false,false,false,false,false,university,Institut für Teilchenbeschleunigung und Elektromagnetische Felder,Institute for Accelerator Science und Electromagnetic Fields,TEMF,TEMF,<to be set>,<to be translated>,,,"","",,,,,https://www.temf.tu-darmstadt.de/temf/index.de.jsp,,,0,0,0,0,0,0,0,0,0,0,0,0,0,0,0,0,0,0,0,0,0,0,0,0,0,0,0,0,0,0,0,0,0,0,0,0,0,0,0,0,0,0,0,0,0,0,0,0,0,0,0,0,0,0,0,0,0,0,0,0,0,0,0,0,0,0,0,43,5,6,0,32,0,0,12,31,0,11,32,0,02: prereview request,,de-gersem.herbert
community/tu-darmstadt/fb-etit/temf/bp,community/tu-darmstadt/fb-etit/temf,community/tu-darmstadt,full,/g/organization/formal-organization/sub-department,false,false,false,false,false,university,Fachgebiet Beschleunigerphysik,Chair of Electromagnetic Field Theory,BP,BP,<to be set>,<to be translated>,,,"","",,,,,https://www.bp.tu-darmstadt.de/fachgebiet_beschleunigerphysik/index.de.jsp,,,0,1,0,0,0,0,0,0,0,0,0,2,0,0,0,0,0,0,0,0,0,0,0,0,0,0,0,3,0,3,0,0,0,0,0,0,0,0,0,0,0,0,0,0,0,0,0,0,,0,0,0,0,0,3,6,0,9,0,9,0,1,2,0,6,0,0,9,1,2,0,6,0,0,9,0,0,3,6,0,02: prereview request,,boine-frankenheim.oliver
community/tu-darmstadt/fb-etit/temf/bp/achip,community/tu-darmstadt/fb-etit/temf/bp,community/tu-darmstadt,full,/g/organization/working-group,false,false,false,true,false,university,Gruppe: ACHIP,Group: ACHIP,ACHIP,ACHIP,<to be set>,<to be translated>,,,"","",,,,,https://www.bp.tu-darmstadt.de/bp_forschung/achip/achip.de.jsp,,,,,,,,,,,,,,,,,,,,,,,,,,,,,,,,,,,,,,,,,,,,,,,,,,,,,,,,,0,0,0,0,0,0,0,0,0,0,0,0,0,0,0,0,0,0,0,0,0,0,0,0,0,0,02: prereview request,,boine-frankenheim.oliver
community/tu-darmstadt/fb-etit/temf/bp/fair,community/tu-darmstadt/fb-etit/temf/bp,community/tu-darmstadt,full,/g/organization/working-group,false,false,false,true,false,university,Gruppe: FAIR,Group: FAIR,FAIR,FAIR,<to be set>,<to be translated>,"Entwicklung und Überprüfung von Computermodellen für Ionenstrahlen, Kollektive Effekte in Ionenstrahlen","Development and testing of computer models for ion beams, collective effects in ion beams","","",,,,,https://www.bp.tu-darmstadt.de/bp_forschung/fair/fair.en.jsp,,,,,,,,,,,,,,,,,,,,,,,,,,,,,,,,,,,,,,,,,,,,,,,,,,,,,,,,,0,0,0,0,0,0,0,0,0,0,0,0,0,0,0,0,0,0,0,0,0,0,0,0,0,0,02: prereview request,,boine-frankenheim.oliver
community/tu-darmstadt/fb-etit/temf/bp/light,community/tu-darmstadt/fb-etit/temf/bp,community/tu-darmstadt,full,/g/organization/working-group,false,false,false,true,false,university,"Gruppe: Laser Ion Generation, Handling and Transport","Group: Laser Ion Generation, Handling and Transport",LIGHT,LIGHT,<to be set>,<to be translated>,,,"","",,,,,https://www.bp.tu-darmstadt.de/bp_forschung/light/light.de.jsp,,,,,,,,,,,,,,,,,,,,,,,,,,,,,,,,,,,,,,,,,,,,,,,,,,,,,,,,,0,0,0,0,0,0,0,0,0,0,0,0,0,0,0,0,0,0,0,0,0,0,0,0,0,0,02: prereview request,,boine-frankenheim.oliver
community/tu-darmstadt/fb-etit/temf/bp/puma,community/tu-darmstadt/fb-etit/temf/bp,community/tu-darmstadt,full,/g/organization/working-group,false,false,false,true,false,university,Gruppe: PUMA,Group: PUMA,PUMA,PUMA,<to be set>,<to be translated>,"Im Forschungsprojekt PUMA soll eine mobile Penning-Malmberg-Falle gebaut werden, um Antiprotonen vom Speicherring ELENA am CERN zur Anlage ISOLDE zu transportieren. Dort sollen die Antiprotonen mit exotischen Kernen zur Kollision gebracht werden.","In the PUMA research project, a mobile Penning-Malmberg trap is to be built to transport antiprotons from the ELENA storage ring at CERN to the ISOLDE facility. There, the antiprotons are to be brought into collision with exotic nuclei.","","",,,,,https://www.bp.tu-darmstadt.de/bp_forschung/puma/puma.de.jsp,,,,,,,,,,,,,,,,,,,,,,,,,,,,,,,,,,,,,,,,,,,,,,,,,,,,,,,,,0,0,0,0,0,0,0,0,0,0,0,0,0,0,0,0,0,0,0,0,0,0,0,0,0,0,02: prereview request,,boine-frankenheim.oliver
community/tu-darmstadt/fb-etit/temf/bt,community/tu-darmstadt/fb-etit/temf,community/tu-darmstadt,full,/g/organization/formal-organization/sub-department,false,false,false,false,false,university,Fachgebiet Beschleunigertechnik,Chair of Electromagnetic Field Theory,BT,BT,<to be set>,<to be translated>,,,"","",,,,,https://www.bt.tu-darmstadt.de,,,0,1,0,0,0,0,0,0,0,0,0,0,0,0,0,0,0,0,0,0,0,0,0,0,0,0,0,0,0,2,0,0,0,0,0,0,0,0,0,0,0,0,0,0,0,0,0,0,0,0,0,0,0,0,0,3,0,3,0,3,0,1,0,0,2,0,0,3,1,0,0,2,0,0,3,0,0,0,3,0,02: prereview request,,klingbeil.harald
community/tu-darmstadt/fb-etit/temf/emft,community/tu-darmstadt/fb-etit/temf,community/tu-darmstadt,full,/g/organization/formal-organization/sub-department,false,false,false,false,false,university,Fachgebiet für Theorie Elektromagnetischer Felder,Chair of Electromagnetic Field Theory,EMFT,EMFT,<to be set>,<to be translated>,,,"","",,,,,https://www.temf.tu-darmstadt.de/emft/home_emft/index.de.jsp,,,0,0,0,1,2,0,0,0,0,0,0,0,0,0,0,0,0,0,0,0,0,0,0,0,0,0,0,0,0,0,0,0,0,0,16,3,0,0,0,0,0,0,0,0,0,0,0,0,0,0,0,0,0,0,4,18,0,0,22,22,0,3,0,0,19,0,0,31,3,4,0,24,0,0,0,31,0,8,23,0,02: prereview request,,de-gersem.herbert
community/tu-darmstadt/fb-etit/temf/emft/command,community/tu-darmstadt/fb-etit/temf/emft,community/tu-darmstadt,full,/g/organization/working-group,false,false,false,true,false,university,Gruppe: Computational Magnet Analysis and Dynamics,Group: Computational Magnet Analysis and Dynamics,COMMAND,COMMAND,<to be set>,<to be translated>,,,Dr.-Ing. Laura D‘Angelo,"",,,,,https://www.temf.tu-darmstadt.de/emft/forschung_emft/forschungsgruppen_emft/computational_magnet_analysis_and_dynamics.de.jsp,,,0,0,0,0,0,0,0,0,0,0,0,0,0,0,0,0,0,1,0,0,0,0,0,0,0,0,0,0,0,0,0,0,0,0,3,2,0,0,0,0,0,0,0,0,0,0,0,0,0,0,0,0,0,0,3,3,0,0,6,6,0,0,1,0,5,0,0,6,0,1,0,5,0,0,0,6,0,3,3,0,02: prereview request,,de-gersem.herbert
community/tu-darmstadt/fb-etit/temf/emft/gekoppelte-systeme,community/tu-darmstadt/fb-etit/temf/emft,community/tu-darmstadt,full,/g/organization/working-group,false,false,false,true,false,university,Gruppe: Gekoppelte Probleme,Group: Coupled Problems,CP,CP,<to be set>,<to be translated>,,,PD Dr. rer. nat. Erion Gjonaj,"",,,,,https://www.temf.tu-darmstadt.de/emft/forschung_emft/forschungsgruppen_emft/arbeiitsgruppe_gekoppelte_probleme.de.jsp,,,0,0,0,0,0,0,0,0,0,0,0,0,0,0,0,0,1,0,0,0,0,0,0,0,0,0,0,0,0,0,0,0,0,0,0,0,0,0,0,0,0,0,0,0,0,0,0,0,0,0,0,0,0,0,0,1,0,0,1,1,0,0,1,0,0,0,0,1,0,1,0,0,0,0,0,1,0,0,1,0,02: prereview request,,de-gersem.herbert
community/tu-darmstadt/fb-etit/temf/emft/hochfrequenztechnik,community/tu-darmstadt/fb-etit/temf/emft,community/tu-darmstadt,full,/g/organization/working-group,false,false,false,true,false,university,Gruppe: Hochfrequenztechnik,Group: High Frequency Technology,HFT,HFT,<to be set>,<to be translated>,,,Dr.-Ing. Wolfgang Ackermann,"",,,,,https://www.temf.tu-darmstadt.de/emft/forschung_emft/forschungsgruppen_emft/hochfrequenztechnik_responsive.de.jsp,,,0,0,0,0,0,0,0,0,0,0,0,0,0,0,0,0,1,0,0,0,0,0,0,0,0,0,0,0,0,0,0,0,0,0,0,0,0,0,0,0,0,0,0,0,0,0,0,0,0,0,0,0,0,0,0,1,0,0,1,1,0,0,1,0,0,0,0,1,0,1,0,0,0,0,0,1,0,0,1,0,02: prereview request,,de-gersem.herbert
community/tu-darmstadt/fb-etit/temf/emft/strahldynamik,community/tu-darmstadt/fb-etit/temf/emft,community/tu-darmstadt,full,/g/organization/formal-organization/sub-department,false,false,false,false,false,university,Gruppe: Strahldynamik,Group: Beam Dynamics,EMFT/SD,EMFT/SD,<to be set>,<to be translated>,,,Dr. phil. nat. Wolfgang F.O. Müller,"",,,,,https://www.temf.tu-darmstadt.de/emft/forschung_emft/forschungsgruppen_emft/arbeitsgruppebeamdynamics.de.jsp,,,0,0,0,0,0,0,0,0,0,0,0,0,0,0,0,0,0,1,0,0,0,0,0,0,0,0,0,0,0,0,0,0,0,0,0,0,0,0,0,0,0,0,0,0,0,0,0,0,0,0,0,0,0,0,1,0,0,0,1,1,0,0,1,0,0,0,0,1,0,1,0,0,0,0,0,1,0,1,0,0,02: prereview request,,de-gersem.herbert
community/tu-darmstadt/physik/institut-kernphysik/ag-enders,community/tu-darmstadt/physik/institut-kernphysik,community/tu-darmstadt,full,/g/organization/working-group,false,false,false,true,false,university,Gruppe Enders,Group Enders,AGE,AGE,<to be set>,<to be translated>,Experimentelle und technische Kern- und Beschleunigerphysik,Experimental and technical nuclear and accelerator physics,"","",,,,,https://www.ikp.tu-darmstadt.de/forschung_kernphysik/gruppen_kernphysik/experiment/ag_j_enders/index.en.jsp,,,0,1,0,0,0,0,0,0,0,0,0,0,0,0,0,0,0,0,0,0,2,0,0,0,0,0,0,0,0,3,0,0,0,0,0,0,0,0,2,0,0,0,0,0,0,0,0,3,0,0,0,0,0,0,0,11,0,11,0,11,0,1,0,2,3,2,3,11,1,0,2,3,2,3,11,0,0,0,11,0,02: prereview request,,arnold.michaela
community/tu-darmstadt/physik/institut-kernphysik/ag-obertelli,community/tu-darmstadt/physik/institut-kernphysik,community/tu-darmstadt,full,/g/organization/working-group,false,false,false,true,false,university,Gruppe Obertelli,Group Obertelli,AGO,AGO,<to be set>,<to be translated>,"Grundlagenforschung in den Bereichen Kernstrukturphysik, Quantenphysik und Beschleunigerphysik, Entwicklung und Betrieb von S-DALINAC","Basic research in the fields of nuclear structure physics, quantum physics and accelerator physics, development and operation of S-DALINAC",Prof. Dr. Alexandre Obertelli,"",,,,,https://www.ikp.tu-darmstadt.de/forschung_kernphysik/gruppen_kernphysik/experiment/ag_a_obertelli/index.en.jsp,,,0,1,0,0,0,0,0,0,0,0,0,0,0,0,0,0,0,0,2,0,2,0,0,0,0,0,0,2,0,5,0,0,0,0,0,0,0,0,2,0,0,0,0,0,0,0,0,0,0,0,0,0,0,0,4,10,0,14,0,14,0,1,0,4,7,2,0,14,1,0,4,7,2,0,14,0,0,4,10,0,02: prereview request,,arnold.michaela
community/tu-darmstadt/physik/institut-kernphysik/ag-pietralla,community/tu-darmstadt/physik/institut-kernphysik,community/tu-darmstadt,full,/g/organization/working-group,false,false,false,true,false,university,Gruppe Pietralla,Group Pietralla,AGP,AGP,<to be set>,<to be translated>,"Grundlagenforschung in den Bereichen Kernstrukturphysik, Quantenphysik und Beschleunigerphysik, Entwicklung und Betrieb von S-DALINAC","Basic research in the fields of nuclear structure physics, quantum physics and accelerator physics, development and operation of S-DALINAC","","",,,,,https://www.ikp.tu-darmstadt.de/forschung_kernphysik/gruppen_kernphysik/experiment/ag_n_pietralla/index.en.jsp,,,0,1,0,0,0,0,0,0,0,1,0,7,0,0,0,0,0,0,1,0,3,0,0,0,0,0,0,6,0,14,0,0,0,0,0,0,2,0,3,0,0,0,0,0,0,0,0,0,0,0,0,0,0,0,10,28,0,38,0,38,0,1,8,4,20,5,0,38,1,8,4,20,5,0,38,0,0,10,28,0,02: prereview request,,arnold.michaela
community/tu-darmstadt/physik/institut-kernphysik/ag-roth,community/tu-darmstadt/physik/institut-kernphysik,community/tu-darmstadt,full,/g/organization/working-group,false,false,false,true,false,university,Gruppe Roth,Group Roth,AGR,AGR,<to be set>,<to be translated>,Laser- und Plasmaphysik,Laser and plasma physics,"","",,,,,https://www.ikp.tu-darmstadt.de/forschung_kernphysik/gruppen_kernphysik/experiment/ag_m_roth/index.de.jsp,,,0,1,0,0,0,0,0,0,0,0,0,1,0,0,0,0,0,0,0,0,1,0,0,0,0,0,0,1,0,10,0,0,0,0,0,0,0,0,2,0,0,0,0,0,0,0,0,2,0,0,0,0,0,0,1,17,0,18,0,18,0,1,1,1,11,2,2,18,1,1,1,11,2,2,18,0,0,1,17,0,01: preparation,,arnold.michaela
community/tu-dortmund,community/,,partial,"/g/organization/university,/g/organization/formal-organization",true,false,true,false,false,university,Technische Universität Dortmund,TU Dortmund University,TU Dortmund,TU Dortmund,Researches synchrotron and accelerator physics; operates DELTA synchrotron source.,<to be translated>,,,"","",DE,Dortmund,51.51494,7.466,https://www.tu-dortmund.de/en/,https://www.tu-dortmund.de/en/,https://ror.org/01k97gp34,0,0,,0,0,,0,0,,0,0,0,0,0,0,0,0,0,0,0,0,0,0,0,0,0,0,0,0,0,0,0,0,0,0,0,0,0,0,0,0,0,0,0,0,0,0,0,0,0,0,0,0,0,0,0,0,0,0,0,0,0,0,0,0,0,0,0,0,0,0,0,0,0,0,0,0,0,0,0,01: preparation,,
community/tu-dresden,community/,,full,"/g/organization/university,/g/organization/formal-organization",true,false,true,false,false,university,Technische Universität Dresden,Dresden University of Technology,TU Dresden,TU Dresden,Drives accelerator research; affiliated with ExciteLab and technology-based high-tech startup accelerators.,<to be translated>,,,"","",DE,Dresden,51.05089,13.73832,https://tu-dresden.de,https://tu-dresden.de/?set_language=en,https://ror.org/042aqky30,0,0,,0,0,,0,0,,0,0,0,0,0,0,0,0,0,0,0,0,0,0,0,0,0,0,0,0,0,0,0,0,0,0,0,0,0,0,0,0,0,0,0,0,0,0,0,0,0,0,0,0,0,0,0,0,0,0,0,0,0,0,0,0,0,0,0,0,0,0,0,0,0,0,0,0,0,0,0,01: preparation,,
community/uni-bonn,community/,,partial,"/g/organization/university,/g/organization/formal-organization",true,false,true,false,false,university,Rheinische Friedrich-Wilhelms-Universität Bonn,University of Bonn,Uni Bonn,Uni Bonn,Studies particle/accelerator physics; operates ELSA electron stretcher accelerator.,<to be translated>,,,"","",DE,Bonn,50.73438,7.09549,https://www.uni-bonn.de/de/,https://www.uni-bonn.de/en/,https://ror.org/041nas322,0,0,,0,0,,0,0,,0,0,0,0,0,0,0,0,0,0,0,0,0,0,0,0,0,0,0,0,0,0,0,0,0,0,0,0,0,0,0,0,0,0,0,0,0,0,0,0,0,0,0,0,0,0,0,0,0,0,0,0,0,0,0,0,0,0,0,0,0,0,0,0,0,0,0,0,0,0,0,01: preparation,,
community/uni-bonn/pi,community/uni-bonn,community/uni-bonn,partial,/g/organization/formal-organization/department,false,false,false,false,true,university,Physikalisches Institut,Physikalisches Institut,PI,PI,<to be set>,<to be translated>,,,"","",,Bonn,,,http://www3.uni-bonn.de/the-university,https://www.pi.uni-bonn.de/elsa/en/elsa-1?set_language=en,,,,,,,,,,,,,,,,,,,,,,,,,,,,,,,,,,,,,,,,,,,,,,,,,,,,,,,,0,0,0,0,0,0,0,0,0,0,0,0,0,0,0,0,0,0,0,0,0,0,0,0,0,0,01: preparation,,desch.klaus
community/uni-bonn/pi/elsa,community/uni-bonn/pi,community/uni-bonn,full,/g/organization/working-group,false,false,false,true,false,university,Gruppe ELSA,Group ELSA,ELSA,ELSA,<to be set>,<to be translated>,,,"","",,Bonn,,,http://www3.uni-bonn.de/the-university,https://www.pi.uni-bonn.de/elsa/en/elsa-1?set_language=en,,,,,,,,,,,,,,,,,,,,,,,,,,,,,,,,,,,,,,,,,,,,,,,,,,,,,,,,0,0,0,0,0,0,0,0,0,0,0,0,0,0,0,0,0,0,0,0,0,0,0,0,0,0,01: preparation,,desch.klaus
community/uni-duesseldorf,community/,,partial,"/g/organization/university,/g/organization/formal-organization",true,false,true,false,false,university,Heinrich-Heine-Universität Düsseldorf,Heinrich Heine University Düsseldorf,HHU,HHU,<to be set>,<to be translated>,,,"","",DE,Düsseldorf,51.22172,6.77616,https://www.hhu.de,http://www.uni-duesseldorf.de/home/en/home.html,https://ror.org/024z2rq82,0,0,,0,0,,0,0,,0,0,0,0,0,0,0,0,0,0,0,0,0,0,0,0,0,0,0,0,0,0,0,0,0,0,0,0,0,0,0,0,0,0,0,0,0,0,0,0,0,0,0,0,0,0,0,0,0,0,0,0,0,0,0,0,0,0,141,6,0,36,18,81,0,47,47,47,48,48,0,01: preparation,,
community/uni-duesseldorf/mnf,community/uni-duesseldorf,community/uni-duesseldorf,partial,/g/organization/formal-organization/department,false,false,false,false,true,university,Mathematisch-Naturwissenschaftliche Fakultät,Faculty of Mathematics and Natural Sciences consists,Math.-Nat. Fakultät,Math.-Nat. Fakultät,<to be set>,<to be translated>,,,"","",,,,,https://www.math-nat-fak.hhu.de,https://www.math-nat-fak.hhu.de/en/,,,,,,,,,,,,,,,,,,,,,,,,,,,,,,,,,,,,,,,,,,,,,,,,,,,,,,,,0,0,0,0,0,0,0,0,0,0,0,0,0,141,6,0,36,18,81,0,47,47,47,48,48,0,02: prereview request,,hidding.bernhard
community/uni-duesseldorf/mnf/physik,community/uni-duesseldorf/mnf,community/uni-duesseldorf,partial,/g/organization/formal-organization/department,false,false,false,false,true,university,Fach Physik,Physics Department,,,<to be set>,<to be translated>,,,"","",,,,,,,,,,,,,,,,,,,,,,,,,,,,,,,,,,,,,,,,,,,,,,,,,,,,,,,,,,,,,,0,0,0,0,0,0,0,0,0,0,0,0,0,141,6,0,36,18,81,0,47,47,47,48,48,0,02: prereview request,,hidding.bernhard
community/uni-duesseldorf/mnf/physik/ilp,community/uni-duesseldorf/mnf/physik,community/uni-duesseldorf,full,/g/organization/formal-organization/sub-department,false,false,false,false,false,university,Institut für Laser- und Plasmaphysik,Institute for Laser and Plasma Physics,ILP,ILP,<to be set>,<to be translated>,,,"","",,,,,,,,,,,,,,,,,,,,,,,,,,,,,,,,,,,,,,,,,,,,,,,,,,,,,,,,,,,,,,0,0,0,0,0,0,0,0,0,0,0,0,0,141,6,0,36,18,81,0,47,47,47,48,48,0,02: prereview request,,hidding.bernhard
community/uni-duesseldorf/mnf/physik/ilp/hidding,community/uni-duesseldorf/mnf/physik/ilp,community/uni-duesseldorf,full,/g/organization/working-group,false,false,false,true,false,university,Gruppe Hidding,Group Hidding,,,<to be set>,<to be translated>,,,"","",,,,,,,,1,1,,1,1,,1,1,,,,,,,,,,,4,4,4,4,4,4,4,4,4,2,2,2,2,2,2,2,2,2,9,9,9,9,9,9,9,9,9,,,,,,,,,,48,48,0,47,47,141,47,6,0,36,18,81,0,141,6,0,36,18,81,0,47,47,47,48,48,0,02: prereview request,,hidding.bernhard
community/uni-erlangen,community/,,partial,"/g/organization/university,/g/organization/formal-organization",true,false,true,false,false,university,Friedrich-Alexander-Universität Erlangen-Nürnberg,Friedrich-Alexander-University Erlangen-Nürnberg,Uni Erlangen,Uni Erlangen,Engaged in accelerator applications; operates electron and ion beam laboratories for research and teaching.,<to be translated>,,,"","",DE,Erlangen,49.59099,11.00783,https://www.fau.de/,https://www.fau.eu,https://ror.org/00f7hpc57,0,0,,0,0,,0,0,,0,0,0,0,0,0,0,0,0,0,0,0,0,0,0,0,0,0,0,0,0,0,0,0,0,0,0,0,0,0,0,0,0,0,0,0,0,0,0,0,0,0,0,0,0,0,0,0,0,0,0,0,0,0,0,0,0,0,79,3,18,16,0,36,6,46,30,3,39,20,0,01: preparation,,
community/uni-erlangen/physik-department,community/uni-erlangen,community/uni-erlangen,partial,/g/organization/formal-organization/department,false,false,false,false,true,university,Department Physik,Department of Physics ,,,<to be set>,<to be translated>,,,"","",,,,,,,,0,0,,0,0,,0,0,,0,0,0,0,0,0,0,0,0,0,0,0,0,0,0,0,0,0,0,0,0,0,0,0,0,0,0,0,0,0,0,0,0,0,0,0,0,0,0,0,0,0,0,0,0,0,0,0,0,0,0,0,0,0,0,0,0,0,79,3,18,16,0,36,6,46,30,3,39,20,0,01: preparation,,hommelhoff.peter
community/uni-erlangen/physik-department/laser-physics,community/uni-erlangen/physik-department,community/uni-erlangen,partial,/g/organization/formal-organization/sub-department,false,false,false,false,false,university,Lehrstuhl für Laserphysik ,Chair of Laser Physics,FAU,FAU,<to be set>,<to be translated>,,,"","",,,,,,,,0,0,,0,0,,0,0,,1,1,1,1,1,1,1,1,1,0,0,0,0,0,0,0,0,0,0,0,0,0,0,0,0,0,0,0,0,0,0,0,0,0,0,0,0,0,0,0,0,0,0,0,0,3,3,0,3,3,9,3,0,9,0,0,0,0,79,3,18,16,0,36,6,46,30,3,39,20,0,01: preparation,,hommelhoff.peter
community/uni-erlangen/physik-department/laser-physics/achip,community/uni-erlangen/physik-department/laser-physics,community/uni-erlangen,full,/g/organization/working-group,false,false,false,true,false,university,Gruppe: Accelerator on a Chip International Program,Group: Accelerator on a Chip International Program,ACHIP,ACHIP,<to be set>,<to be translated>,,,"","",,,,,,,,3,,,,,,,,,3,0,0,,,,3,3,0,16,0,0,,,,0,0,0,0,0,0,,,,0,0,0,6,6,6,,,,6,6,6,1,1,1,,,,1,1,1,36,17,0,43,27,70,0,3,9,16,0,36,6,70,3,9,16,0,36,6,43,27,0,36,17,0,01: preparation,,hommelhoff.peter
community/uni-frankfurt,community/,,partial,"/g/organization/university,/g/organization/formal-organization",true,false,true,false,false,university,Goethe-Universität Frankfurt am Main,Goethe University Frankfurt,Uni Frankfurt,Uni Frankfurt,"Focuses on ion accelerator research; operates UNILAC, experimental and test beam facilities.",<to be translated>,,,"","",DE,Frankfurt am Main,50.11552,8.68417,https://www.uni-frankfurt.de/de,http://www.goethe-university-frankfurt.de/en,https://ror.org/04cvxnb49,0,0,,0,0,,0,0,,0,0,0,0,0,0,0,0,0,0,0,0,0,0,0,0,0,0,0,0,0,0,0,0,0,0,0,0,0,0,0,0,0,0,0,0,0,0,0,0,0,0,0,0,0,0,0,0,0,0,0,0,0,0,0,0,0,0,0,0,0,0,0,0,0,0,0,0,0,0,0,01: preparation,,
community/uni-goettingen,community/,,partial,"/g/organization/university,/g/organization/formal-organization",true,false,true,false,false,university,Georg-August-Universität Göttingen,University of Göttingen,Uni Göttingen,Uni Göttingen,Researches accelerator physics; access to laser/plasma labs and local beam facilities.,<to be translated>,,,"","",DE,Göttingen,51.53443,9.93228,http://www.uni-goettingen.de/en/1.html,http://www.uni-goettingen.de/en/1.html,https://ror.org/01y9bpm73,0,0,,0,0,,0,0,,0,0,0,0,0,0,0,0,0,0,0,0,0,0,0,0,0,0,0,0,0,0,0,0,0,0,0,0,0,0,0,0,0,0,0,0,0,0,0,0,0,0,0,0,0,0,0,0,0,0,0,0,0,0,0,0,0,0,0,0,0,0,0,0,0,0,0,0,0,0,0,01: preparation,,
community/uni-hamburg,community/,,partial,"/g/organization/university,/g/organization/formal-organization",true,false,true,false,false,university,Universität Hamburg,Hamburg University,Uni Hamburg,Uni Hamburg,Engages in accelerator R&D; participates in joint facilities with DESY and European XFEL.,<to be translated>,,,"","",DE,Hamburg,53.55073,9.99302,http://www.uni-hamburg.de,https://www.uni-hamburg.de/en.html,https://ror.org/00g30e956,0,0,,0,0,,0,0,,0,0,0,0,0,0,0,0,0,0,0,0,0,0,0,0,0,0,0,0,0,0,0,0,0,0,0,0,0,0,0,0,0,0,0,0,0,0,0,0,0,0,0,0,0,0,0,0,0,0,0,0,0,0,0,0,0,0,9,2,7,0,0,0,0,9,0,0,0,9,0,01: preparation,,
community/uni-hamburg/min,community/uni-hamburg,community/uni-hamburg,partial,/g/organization/formal-organization/department,false,false,false,false,true,university,MIN Fakultät,MIN Faculty,MIN,MIN,<to be set>,<to be translated>,,,"","",,,,,https://www.physik.uni-hamburg.de/iexp.html,https://www.physik.uni-hamburg.de/iexp.html,,0,0,,0,0,,0,0,,0,0,0,0,0,0,0,0,0,0,0,0,0,0,0,0,0,0,0,0,0,0,0,0,0,0,0,0,0,0,0,0,0,0,0,0,0,0,0,0,0,0,0,0,0,0,0,0,0,0,0,0,0,0,0,0,0,0,9,2,7,0,0,0,0,9,0,0,0,9,0,02: prereview request,,
community/uni-hamburg/min/physik,community/uni-hamburg/min,community/uni-hamburg,partial,/g/organization/formal-organization/department,false,false,false,false,true,university,Fachbereich Physik,Department of Physics,Physik,Physik,<to be set>,<to be translated>,,,"","",,,,,,,,0,0,0,0,0,0,0,0,0,0,0,0,0,0,0,0,0,0,0,0,0,0,0,0,0,0,0,0,0,0,0,0,0,0,0,0,0,0,0,0,0,0,0,0,0,0,0,0,0,0,0,0,0,0,0,0,0,0,0,0,0,0,0,0,0,0,0,9,2,7,0,0,0,0,9,0,0,0,9,0,02: prereview request,,
community/uni-hamburg/min/physik/experimental-physik,community/uni-hamburg/min/physik,community/uni-hamburg,partial,/g/organization/formal-organization/department,false,false,false,false,true,university,Institut für Experimentalphysik,Institute of Experimental Physics,Physik,Physik,<to be set>,<to be translated>,,,"","",,,,,,,,0,0,0,0,0,0,0,0,0,0,0,0,0,0,0,0,0,0,0,0,0,0,0,0,0,0,0,0,0,0,0,0,0,0,0,0,0,0,0,0,0,0,0,0,0,0,0,0,0,0,0,0,0,0,0,0,0,0,0,0,0,0,0,0,0,0,0,9,2,7,0,0,0,0,9,0,0,0,9,0,02: prereview request,,
community/uni-hamburg/min/physik/experimental-physik/ag-gruener,community/uni-hamburg/min/physik/experimental-physik,community/uni-hamburg,full,/g/organization/formal-organization/sub-department,false,false,false,false,false,university,Gruppe Grüner,Group Grüner,AG Grüner,AG Grüner,<to be set>,<to be translated>,,,"","",,,,,,,,0,1,0,0,0,0,0,0,0,0,0,0,0,0,0,0,0,0,0,0,0,0,0,0,0,0,0,0,0,0,0,0,0,0,0,0,0,0,0,0,0,0,0,0,0,0,0,0,0,0,0,0,0,0,0,1,0,1,0,1,0,1,0,0,0,0,0,6,1,5,0,0,0,0,6,0,0,0,6,0,02: prereview request,,grüner.florian
community/uni-hamburg/min/physik/experimental-physik/ag-gruener/lux,community/uni-hamburg/min/physik/experimental-physik/ag-gruener,community/uni-hamburg,full,/g/organization/working-group,false,false,false,true,false,university,Team: Neuartige Röntgenlichtquellen basierend auf Plasma-Wakefield-Beschleunigung,Team: Novel X-ray light sources based on plasma-wakefield acceleration,AG Grüner / LUX,AG Grüner / LUX,<to be set>,<to be translated>,,,"","",,,,,,,,0,0,0,0,0,0,0,0,0,0,0,5,0,0,0,0,0,0,0,0,0,0,0,0,0,0,0,0,0,0,0,0,0,0,0,0,0,0,0,0,0,0,0,0,0,0,0,0,0,0,0,0,0,0,0,5,0,5,0,5,0,0,5,0,0,0,0,5,0,5,0,0,0,0,5,0,0,0,5,0,02: prereview request,,grüner.florian
community/uni-hamburg/min/physik/experimental-physik/ag-hillert,community/uni-hamburg/min/physik/experimental-physik,community/uni-hamburg,full,/g/organization/working-group,false,false,false,true,false,university,Gruppe Hillert,Group Hillert,AG Hillert,AG Hillert,<to be set>,<to be translated>,,,"","",,,,,,,,0,1,0,0,0,0,0,0,0,0,0,0,0,0,0,0,0,0,0,0,0,0,0,0,0,0,0,0,0,0,0,0,0,0,0,0,0,0,0,0,0,0,0,0,0,0,0,0,0,0,0,0,0,0,0,1,0,1,0,1,0,1,0,0,0,0,0,3,1,2,0,0,0,0,3,0,0,0,3,0,02: prereview request,,hillert.wolfgang
community/uni-hamburg/min/physik/experimental-physik/ag-hillert/seeding,community/uni-hamburg/min/physik/experimental-physik/ag-hillert,community/uni-hamburg,full,/g/organization/working-group,false,false,false,true,false,university,Team: Fortgeschrittene Seeding-Techniken für XUV- und Angström-Strahlung,Team: Advanced Seeding Techniques for XUV and Angstrom Radiation,AST,AST,<to be set>,<to be translated>,,,"","",,,,,,,,0,0,0,0,0,0,0,0,0,0,0,2,0,0,0,0,0,0,0,0,0,0,0,0,0,0,0,0,0,0,0,0,0,0,0,0,0,0,0,0,0,0,0,0,0,0,0,0,0,0,0,0,0,0,0,2,0,2,0,2,0,0,2,0,0,0,0,2,0,2,0,0,0,0,2,0,0,0,2,0,02: prereview request,,hillert.wolfgang
community/uni-hamburg/min/physik/experimental-physik/ag-hillert/srfc,community/uni-hamburg/min/physik/experimental-physik/ag-hillert,community/uni-hamburg,full,/g/organization/working-group,false,false,false,true,false,university,Team: Supraleitende Hochfrequenz- Resonatoren,Team: Superconducting Radio-Frequency Cavities,SRFC,SRFC,<to be set>,<to be translated>,,,"","",,,,,,,,0,0,0,0,0,0,0,0,0,0,0,0,0,0,0,0,0,0,0,0,0,0,0,0,0,0,0,0,0,0,0,0,0,0,0,0,0,0,0,0,0,0,0,0,0,0,0,0,0,0,0,0,0,0,0,0,0,0,0,0,0,0,0,0,0,0,0,0,0,0,0,0,0,0,0,0,0,0,0,0,02: prereview request,,hillert.wolfgang
community/uni-jena,community/,,partial,"/g/organization/university,/g/organization/formal-organization",true,false,true,false,false,university,Friedrich-Schiller-Universität Jena,Friedrich Schiller University Jena,Uni Jena,Uni Jena,Focuses on laser-driven accelerators; operates advanced laser plasma facilities.,<to be translated>,,,"","",DE,Jena,50.92878,11.5899,https://www.uni-jena.de/en,https://www.uni-jena.de/en,https://ror.org/05qpz1x62,0,0,,0,0,,0,0,,0,0,0,0,0,0,0,0,0,0,0,0,0,0,0,0,0,0,0,0,0,0,0,0,0,0,0,0,0,0,0,0,0,0,0,0,0,0,0,0,0,0,0,0,0,0,0,0,0,0,0,0,0,0,0,0,0,0,10,2,0,0,8,0,0,10,0,0,1,9,0,01: preparation,,
community/uni-jena/physik/ioq/hochfeldphysik-und-laserbeschleuniger,community/uni-jena/physik,community/uni-jena,full,/g/organization/working-group,false,false,false,true,false,university,Gruppe: Hochfeldphysik und Laserbeschleuniger,Group: High Field Physics and Laser Accelerators,,,<to be set>,<to be translated>,,,Univ.-Prof. Dr. Matt Zepf,"",Deutschland,,,,https://www.physik.uni-jena.de/338/hochfeldphysik-und-laserbeschleuniger,https://www.physik.uni-jena.de/en/338/hochfeldphysik-und-laserbeschleuniger,,,1,,,,,,,,,,,,,,,,,,,,,,,,,,1,,2,,,,,,,,,,,,,,,,,,,,,,,,,1,3,0,4,0,4,0,1,0,0,3,0,0,4,1,0,0,3,0,0,4,0,0,1,3,0,01: preparation,,
community/uni-kassel,community/,,partial,"/g/organization/university,/g/organization/formal-organization",true,false,true,false,false,university,Universität Kassel,University of Kassel,Uni Kassel,Uni Kassel,Engaged in accelerator-related physics; operates local electron and ion beam labs.,<to be translated>,,,"","",DE,Kassel,51.31667,9.5,http://www.uni-kassel.de/uni/,https://www.uni-kassel.de/uni/en/,https://ror.org/04zc7p361,0,0,,0,0,,0,0,,0,0,0,0,0,0,0,0,0,0,0,0,0,0,0,0,0,0,0,0,0,0,0,0,0,0,0,0,0,0,0,0,0,0,0,0,0,0,0,0,0,0,0,0,0,0,0,0,0,0,0,0,0,0,0,0,0,0,0,0,0,0,0,0,0,0,0,0,0,0,0,01: preparation,,
community/uni-mainz,community/,,partial,"/g/organization/university,/g/organization/formal-organization",true,false,true,false,false,university,Johannes Gutenberg-Universität Mainz,Johannes Gutenberg University Mainz,Uni Mainz,Uni Mainz,"Pioneers accelerator concepts; operates MAMI, TRIGA reactor, MESA (under construction).",<to be translated>,,,"","",DE,Mainz,49.98419,8.2791,https://www.uni-mainz.de,https://www.uni-mainz.de/en/,https://ror.org/023b0x485,0,0,,0,0,,0,0,,0,0,0,0,0,0,0,0,0,0,0,0,0,0,0,0,0,0,0,0,0,0,0,0,0,0,0,0,0,0,0,0,0,0,0,0,0,0,0,0,0,0,0,0,0,0,0,0,0,0,0,0,0,0,0,0,0,0,0,0,0,0,0,0,0,0,0,0,0,0,0,01: preparation,,
community/uni-rostock,community/,,partial,"/g/organization/university,/g/organization/formal-organization",true,false,true,false,false,university,Universität Rostock,University of Rostock,Uni Rostock,Uni Rostock,Researches ion and plasma accelerators; operates beam labs for interdisciplinary applications.,<to be translated>,,,"","",DE,Rostock,54.0887,12.14049,http://www.uni-rostock.de/en/,http://www.uni-rostock.de/en/,https://ror.org/03zdwsf69,0,0,,0,0,,0,0,,0,0,0,0,0,0,0,0,0,0,0,0,0,0,0,0,0,0,0,0,0,0,0,0,0,0,0,0,0,0,0,0,0,0,0,0,0,0,0,0,0,0,0,0,0,0,0,0,0,0,0,0,0,0,0,0,0,0,0,0,0,0,0,0,0,0,0,0,0,0,0,01: preparation,,
community/uni-siegen,community/,,partial,"/g/organization/university,/g/organization/formal-organization",true,false,true,false,false,university,Universität Siegen,University of Siegen,Uni Siegen,Uni Siegen,Participates in applied accelerator research; hosts electron and ion beam facilities for study.,<to be translated>,,,"","",DE,Siegen,50.87481,8.02431,https://www.uni-siegen.de/start/index.html.en?lang=en,https://www.uni-siegen.de/start/index.html.en?lang=en,https://ror.org/02azyry73,0,0,,0,0,,0,0,,0,0,0,0,0,0,0,0,0,0,0,0,0,0,0,0,0,0,0,0,0,0,0,0,0,0,0,0,0,0,0,0,0,0,0,0,0,0,0,0,0,0,0,0,0,0,0,0,0,0,0,0,0,0,0,0,0,0,0,0,0,0,0,0,0,0,0,0,0,0,0,01: preparation,,
community/uni-wuppertal,community/,,partial,"/g/organization/university,/g/organization/formal-organization",true,false,true,false,false,university,Bergische Universität Wuppertal,University of Wuppertal,Uni Wuppertal,Uni Wuppertal,"Achieves accelerator R&D in particle, ion, and laser acceleration; operates teaching and research facilities.",<to be translated>,,,"","",DE,Wuppertal,51.25627,7.14816,http://www.uni-wuppertal.de/en/home.html,http://www.uni-wuppertal.de/en/home.html,https://ror.org/00613ak93,0,0,,0,0,,0,0,,0,0,0,0,0,0,0,0,0,0,0,0,0,0,0,0,0,0,0,0,0,0,0,0,0,0,0,0,0,0,0,0,0,0,0,0,0,0,0,0,0,0,0,0,0,0,0,0,0,0,0,0,0,0,0,0,0,0,0,0,0,0,0,0,0,0,0,0,0,0,0,01: preparation,,
community/tu-darmstadt/physik,community/tu-darmstadt,community/tu-darmstadt,partial,/g/organization/formal-organization/department,false,false,false,false,true,university,Fachbereich: Physik,Department of Physics,IKP,IKP,<to be set>,<to be translated>,,,"","",,,,,https://www.ikp.tu-darmstadt.de/das_institut_kernphysik/index.de.jsp,https://www.ikp.tu-darmstadt.de/das_institut_kernphysik/index.en.jsp,,0,0,0,0,0,0,0,0,0,0,0,0,0,0,0,0,0,0,0,0,0,0,0,0,0,0,0,0,0,0,0,0,0,0,0,0,0,0,0,0,0,0,0,0,0,0,0,0,0,0,0,0,0,0,0,0,0,0,0,0,0,0,0,0,0,0,0,81,4,9,11,41,11,5,81,0,0,15,66,0,02: prereview request,,arnold.michaela
community/tu-darmstadt/physik/institut-kernphysik,community/tu-darmstadt/physik,community/tu-darmstadt,full,/g/organization/formal-organization/department,false,false,false,false,true,university,Institut für Kernphysik,Institute for Nuclear Physics ,IKP,IKP,<to be set>,<to be translated>,,,"","",,,,,https://www.ikp.tu-darmstadt.de/das_institut_kernphysik/index.de.jsp,https://www.ikp.tu-darmstadt.de/das_institut_kernphysik/index.en.jsp,,0,0,0,0,0,0,0,0,0,0,0,0,0,0,0,0,0,0,0,0,0,0,0,0,0,0,0,0,0,0,0,0,0,0,0,0,0,0,0,0,0,0,0,0,0,0,0,0,0,0,0,0,0,0,0,0,0,0,0,0,0,0,0,0,0,0,0,81,4,9,11,41,11,5,81,0,0,15,66,0,02: prereview request,,arnold.michaela
community/,,,full,/g/organization,false,false,false,false,false,root,Community,Community,Community,Community,<to be set>,<to be translated>,,,"","",,,0,0,,,,-1,0,0,0,0,0,0,0,0,0,0,0,0,0,0,0,0,0,0,0,0,0,0,0,0,0,0,0,0,0,0,0,0,0,0,0,0,0,0,0,0,0,0,0,0,0,0,0,0,0,0,0,0,0,0,0,0,0,0,0,0,0,0,0,0,0,0,667,52,132,133,204,130,16,376,231,60,213,315,0,06: approved,,rathje.dirk
community/cern/ats/,community/cern,community/cern,full,/g/organization/formal-organization/department,false,false,false,false,true,international,Bereich: Beschleuniger und Technologien,Sector: Accelerators and Technologies ,ATS,ATS,<to be set>,<to be translated>,,,Mike Lamont,"",,,,,,https://ats.web.cern.ch,,,,,,,,,,,,,,,,,,,,,,,,,,,,,,,,,,,,,,,,,,,,,,,,,,,,,,,,0,0,0,0,0,0,0,0,0,0,0,0,0,0,0,0,0,0,0,0,0,0,0,0,0,0,01: preparation,,
community/cern/ats/be/abp/,community/cern/ats/be/,community/cern,full,/g/organization/working-group,false,false,false,true,false,international,Gruppe: Beschleuniger und Strahlenphysik,Group: Accelerators and Beam Physics,ATS-BE-ABP,ATS-BE-ABP,<to be set>,<to be translated>,,,"","",,,,,,https://be-dep-abp.web.cern.ch/,,,,,,,,,,,,,,,,,,,,,,,,,,,,,,,,,,,,,,,,,,,,,,,,,,,,,,,,0,0,0,0,0,0,0,0,0,0,0,0,0,0,0,0,0,0,0,0,0,0,0,0,0,0,01: preparation,,
community/cern/ats/be/,community/cern/ats/,community/cern,full,/g/organization/formal-organization/sub-department,false,false,false,false,false,international,Abteilung: Teilchenstrahlen,Department: Beams,ATS-BE,ATS-BE,<to be set>,<to be translated>,,,"","",,,,,,https://beams.web.cern.ch/,,,,,,,,,,,,,,,,,,,,,,,,,,,,,,,,,,,,,,,,,,,,,,,,,,,,,,,,0,0,0,0,0,0,0,0,0,0,0,0,0,0,0,0,0,0,0,0,0,0,0,0,0,0,01: preparation,,
community/cern/ats/be/abp/cei,community/cern/ats/be/abp/,community/cern,full,/g/organization/formal-organization/sub-department,false,false,false,false,false,international,Sektion: Kohärente Effekte und Impedanz,Section: Coherent Effects and Impedance,ATS-BE-ABP-CEI,ATS-BE-ABP-CEI,<to be set>,<to be translated>,,,"","",,,,,,,,,,,,,,,,,,,,,,,,,,,,,,,,,,,,,,,,,,,,,,,,,,,,,,,,,,,,,,0,0,0,0,0,0,0,0,0,0,0,0,0,0,0,0,0,0,0,0,0,0,0,0,0,0,01: preparation,,
community/cern/ats/be/abp/hsl,community/cern/ats/be/abp/,community/cern,full,/g/organization/formal-organization/sub-department,false,false,false,false,false,international,Sektion: Hadronenquellen und Linacs ,Section: Hadron Sources and Linacs ,ATS-BE-ABP-HSL,ATS-BE-ABP-HSL,<to be set>,<to be translated>,,,"","",,,,,,,,,,,,,,,,,,,,,,,,,,,,,,,,,,,,,,,,,,,,,,,,,,,,,,,,,,,,,,0,0,0,0,0,0,0,0,0,0,0,0,0,0,0,0,0,0,0,0,0,0,0,0,0,0,01: preparation,,
community/cern/ats/be/op/lhc,community/cern/ats/be/op/,community/cern,full,/g/organization/formal-organization/sub-department,false,false,false,false,false,international,Sektion: LHC-Betrieb,Section: LHC Operation,ATS-BE-OP-LHC,ATS-BE-OP-LHC,<to be set>,<to be translated>,,,"","",,,,,,,,,,,,,,,,,,,,,,,,,,,,,,,,,,,,,,,,,,,,,,,,,,,,,,,,,,,,,,0,0,0,0,0,0,0,0,0,0,0,0,0,0,0,0,0,0,0,0,0,0,0,0,0,0,01: preparation,,
community/cern/ats/be/abp/inc,community/cern/ats/be/abp/,community/cern,full,/g/organization/formal-organization/sub-department,false,false,false,false,false,international,Abschnitt: Inkohärente Effekte,Section: Incoherent Effects,ATS-BE-ABP-INC,ATS-BE-ABP-INC,<to be set>,<to be translated>,,,"","",,,,,,,,,,,,,,,,,,,,,,,,,,,,,,,,,,,,,,,,,,,,,,,,,,,,,,,,,,,,,,0,0,0,0,0,0,0,0,0,0,0,0,0,0,0,0,0,0,0,0,0,0,0,0,0,0,01: preparation,,
community/cern/ats/be/op/ti,community/cern/ats/be/op/,community/cern,full,/g/organization/formal-organization/sub-department,false,false,false,false,false,international,Sektion: Betrieb der technischen Infrastruktur,Section: Technical Infrastructure Operation,ATS-BE-OP-TI,ATS-BE-OP-TI,<to be set>,<to be translated>,,,"","",,,,,,,,,,,,,,,,,,,,,,,,,,,,,,,,,,,,,,,,,,,,,,,,,,,,,,,,,,,,,,0,0,0,0,0,0,0,0,0,0,0,0,0,0,0,0,0,0,0,0,0,0,0,0,0,0,01: preparation,,
community/cern/ats/be/abp/laf,community/cern/ats/be/abp/,community/cern,full,/g/organization/formal-organization/sub-department,false,false,false,false,false,international,Sektion: Lepton-Beschleuniger und Einrichtungen,Section: Lepton Accelerators and Facilities,ATS-BE-ABP-LAF,ATS-BE-ABP-LAF,<to be set>,<to be translated>,,,"","",,,,,,,,,,,,,,,,,,,,,,,,,,,,,,,,,,,,,,,,,,,,,,,,,,,,,,,,,,,,,,0,0,0,0,0,0,0,0,0,0,0,0,0,0,0,0,0,0,0,0,0,0,0,0,0,0,01: preparation,,
community/cern/ats/en/,community/cern/ats/be/op/,community/cern,full,/g/organization/formal-organization/sub-department,false,false,false,false,false,international,Abteilung: Technik,Department: Engineering,ATS-EN,ATS-EN,<to be set>,<to be translated>,,,"","",,,,,,https://en.web.cern.ch/,,,,,,,,,,,,,,,,,,,,,,,,,,,,,,,,,,,,,,,,,,,,,,,,,,,,,,,,0,0,0,0,0,0,0,0,0,0,0,0,0,0,0,0,0,0,0,0,0,0,0,0,0,0,01: preparation,,
community/cern/ats/be/abp/lno,community/cern/ats/be/abp/,community/cern,full,/g/organization/formal-organization/sub-department,false,false,false,false,false,international,Sektion: Lineare und nichtlineare Optik,Section: Linear and Non-Linear Optics,ATS-BE-ABP-LNO,ATS-BE-ABP-LNO,<to be set>,<to be translated>,,,"","",,,,,,,,,,,,,,,,,,,,,,,,,,,,,,,,,,,,,,,,,,,,,,,,,,,,,,,,,,,,,,0,0,0,0,0,0,0,0,0,0,0,0,0,0,0,0,0,0,0,0,0,0,0,0,0,0,01: preparation,,
community/cern/ats/be/asr/,community/cern/ats/be/,community/cern,full,/g/organization/working-group,false,false,false,true,false,international,Gruppe: Verwaltung,"Group: Administration, Safety and Resources",ATS-BE-ASR,ATS-BE-ASR,<to be set>,<to be translated>,,,"","",,,,,,https://be-dep-asr.web.cern.ch/,,,,,,,,,,,,,,,,,,,,,,,,,,,,,,,,,,,,,,,,,,,,,,,,,,,,,,,,0,0,0,0,0,0,0,0,0,0,0,0,0,0,0,0,0,0,0,0,0,0,0,0,0,0,01: preparation,,
community/cern/ats/be/css/fst,community/cern/ats/be/css/,community/cern,full,/g/organization/formal-organization/sub-department,false,false,false,false,false,international,Sektion: Front-End-Software & Zeitmessung,Section: Front-end Software & Timing,ATS-BE-CSS-FST,ATS-BE-CSS-FST,<to be set>,<to be translated>,,,"","",,,,,,,,,,,,,,,,,,,,,,,,,,,,,,,,,,,,,,,,,,,,,,,,,,,,,,,,,,,,,,0,0,0,0,0,0,0,0,0,0,0,0,0,0,0,0,0,0,0,0,0,0,0,0,0,0,01: preparation,,
community/cern/ats/be/abp/ndc,community/cern/ats/be/abp/,community/cern,full,/g/organization/formal-organization/sub-department,false,false,false,false,false,international,Sektion: Nichtlineare Dynamik und Kollimation,Section: Non-Linear Dynamics and Collimation,ATS-BE-ABP-NDC,ATS-BE-ABP-NDC,<to be set>,<to be translated>,,,"","",,,,,,,,,,,,,,,,,,,,,,,,,,,,,,,,,,,,,,,,,,,,,,,,,,,,,,,,,,,,,,0,0,0,0,0,0,0,0,0,0,0,0,0,0,0,0,0,0,0,0,0,0,0,0,0,0,01: preparation,,
community/cern/ats/be/asr/rl,community/cern/ats/be/asr/,community/cern,full,/g/organization/formal-organization/sub-department,false,false,false,false,false,international,Sektion: Ressourcen und Logistik,Section: Resources & Logistics (RL),ATS-BE-ASR-RL,ATS-BE-ASR-RL,<to be set>,<to be translated>,,,"","",,,,,,,,,,,,,,,,,,,,,,,,,,,,,,,,,,,,,,,,,,,,,,,,,,,,,,,,,,,,,,0,0,0,0,0,0,0,0,0,0,0,0,0,0,0,0,0,0,0,0,0,0,0,0,0,0,01: preparation,,
community/cern/ats/be/css/gta,community/cern/ats/be/css/,community/cern,full,/g/organization/formal-organization/sub-department,false,false,false,false,false,international,Abschnitt: GUI-Technologien & Anwendungen,Section: GUI Technologies & Applications,ATS-BE-CSS-GTA,ATS-BE-CSS-GTA,<to be set>,<to be translated>,,,"","",,,,,,,,,,,,,,,,,,,,,,,,,,,,,,,,,,,,,,,,,,,,,,,,,,,,,,,,,,,,,,0,0,0,0,0,0,0,0,0,0,0,0,0,0,0,0,0,0,0,0,0,0,0,0,0,0,01: preparation,,
community/cern/ats/be/asr/su,community/cern/ats/be/asr/,community/cern,full,/g/organization/formal-organization/sub-department,false,false,false,false,false,international,Sektion:  Sicherheit,Section: Safety Unit,ATS-BE-ASR-SU,ATS-BE-ASR-SU,<to be set>,<to be translated>,,,"","",,,,,,,,,,,,,,,,,,,,,,,,,,,,,,,,,,,,,,,,,,,,,,,,,,,,,,,,,,,,,,0,0,0,0,0,0,0,0,0,0,0,0,0,0,0,0,0,0,0,0,0,0,0,0,0,0,01: preparation,,
community/cern/ats/be/css/isa,community/cern/ats/be/css/,community/cern,full,/g/organization/formal-organization/sub-department,false,false,false,false,false,international,Sektion: Infrastruktur und Systemverwaltung,Section: Infrastructure & System Administration,ATS-BE-CSS-ISA,ATS-BE-CSS-ISA,<to be set>,<to be translated>,,,"","",,,,,,,,,,,,,,,,,,,,,,,,,,,,,,,,,,,,,,,,,,,,,,,,,,,,,,,,,,,,,,0,0,0,0,0,0,0,0,0,0,0,0,0,0,0,0,0,0,0,0,0,0,0,0,0,0,01: preparation,,
community/cern/ats/be/cem/,community/cern/ats/be/,community/cern,full,/g/organization/working-group,false,false,false,true,false,international,Gruppe: Steuerungselektronik und Mechatronik,Group: Controls Electronics and Mechatronics,ATS-BE-CEM,ATS-BE-CEM,<to be set>,<to be translated>,,,"","",,,,,,https://be-dep-cem.web.cern.ch/,,,,,,,,,,,,,,,,,,,,,,,,,,,,,,,,,,,,,,,,,,,,,,,,,,,,,,,,0,0,0,0,0,0,0,0,0,0,0,0,0,0,0,0,0,0,0,0,0,0,0,0,0,0,01: preparation,,
community/cern/ats/be/css/set,community/cern/ats/be/css/,community/cern,full,/g/organization/formal-organization/sub-department,false,false,false,false,false,international,Sektion: Softwaretechnik-Technologien,Section: Software Engineering Technologies,ATS-BE-CSS-SET,ATS-BE-CSS-SET,<to be set>,<to be translated>,,,"","",,,,,,,,,,,,,,,,,,,,,,,,,,,,,,,,,,,,,,,,,,,,,,,,,,,,,,,,,,,,,,0,0,0,0,0,0,0,0,0,0,0,0,0,0,0,0,0,0,0,0,0,0,0,0,0,0,01: preparation,,
community/cern/ats/be/cem/edm,community/cern/ats/be/cem/,community/cern,full,/g/organization/formal-organization/sub-department,false,false,false,false,false,international,Sektion: Elektronikdesign und Low-Level-Software,Section: Electronics Design & Low level software,ATS-BE-CEM-EDM,ATS-BE-CEM-EDM,<to be set>,<to be translated>,,,"","",,,,,,,,,,,,,,,,,,,,,,,,,,,,,,,,,,,,,,,,,,,,,,,,,,,,,,,,,,,,,,0,0,0,0,0,0,0,0,0,0,0,0,0,0,0,0,0,0,0,0,0,0,0,0,0,0,01: preparation,,
community/cern/ats/be/css/dsb,community/cern/ats/be/css/,community/cern,full,/g/organization/formal-organization/sub-department,false,false,false,false,false,international,Sektion: Datenwissenschaft für den Strahlbetrieb,Section: Data Science for Beam Operation,ATS-BE-CSS-DSB,ATS-BE-CSS-DSB,<to be set>,<to be translated>,,,"","",,,,,,,,,,,,,,,,,,,,,,,,,,,,,,,,,,,,,,,,,,,,,,,,,,,,,,,,,,,,,,0,0,0,0,0,0,0,0,0,0,0,0,0,0,0,0,0,0,0,0,0,0,0,0,0,0,01: preparation,,
community/cern/ats/be/ea,community/cern/ats/be/,community/cern,full,/g/organization/working-group,false,false,false,true,false,international,Gruppe: Experimentelle Bereiche,Group: Experimental Areas,ATS-BE-EA,ATS-BE-EA,<to be set>,<to be translated>,,,"","",,,,,,https://be-dep-ea.web.cern.ch/,,,,,,,,,,,,,,,,,,,,,,,,,,,,,,,,,,,,,,,,,,,,,,,,,,,,,,,,0,0,0,0,0,0,0,0,0,0,0,0,0,0,0,0,0,0,0,0,0,0,0,0,0,0,01: preparation,,
community/cern/ats/be/cem/epr,community/cern/ats/be/cem/,community/cern,full,/g/organization/formal-organization/sub-department,false,false,false,false,false,international,Sektion: Elektronikproduktion & Strahlungstoleranz,Section: Electronics Production & Radiation Tolerant,ATS-BE-CEM-EPR,ATS-BE-CEM-EPR,<to be set>,<to be translated>,,,"","",,,,,,,,,,,,,,,,,,,,,,,,,,,,,,,,,,,,,,,,,,,,,,,,,,,,,,,,,,,,,,0,0,0,0,0,0,0,0,0,0,0,0,0,0,0,0,0,0,0,0,0,0,0,0,0,0,01: preparation,,
community/cern/ats/be/gm/,community/cern/ats/be/,community/cern,full,/g/organization/working-group,false,false,false,true,false,international,Gruppe: Geodätische Metrologie,Group: Geodetic Metrology,ATS-BE-GM,ATS-BE-GM,<to be set>,<to be translated>,,,"","",,,,,,https://be-dep-gm.web.cern.ch/,,,,,,,,,,,,,,,,,,,,,,,,,,,,,,,,,,,,,,,,,,,,,,,,,,,,,,,,0,0,0,0,0,0,0,0,0,0,0,0,0,0,0,0,0,0,0,0,0,0,0,0,0,0,01: preparation,,
community/cern/ats/be/cem/in,community/cern/ats/be/cem/,community/cern,full,/g/organization/formal-organization/sub-department,false,false,false,false,false,international,Sektion: Infrastruktur,Section: Infrastructure,ATS-BE-CEM-IN,ATS-BE-CEM-IN,<to be set>,<to be translated>,,,"","",,,,,,,,,,,,,,,,,,,,,,,,,,,,,,,,,,,,,,,,,,,,,,,,,,,,,,,,,,,,,,0,0,0,0,0,0,0,0,0,0,0,0,0,0,0,0,0,0,0,0,0,0,0,0,0,0,01: preparation,,
community/cern/ats/be/gm/asg,community/cern/ats/be/gm/,community/cern,full,/g/organization/formal-organization/sub-department,false,false,false,false,false,international,Sektion: Beschleunigungsvermessung und geodätische Messungen,Section: Accelerator Surveying and Geodetic measurements,ATS-BE-GM-ASG,ATS-BE-GM-ASG,<to be set>,<to be translated>,,,"","",,,,,,,,,,,,,,,,,,,,,,,,,,,,,,,,,,,,,,,,,,,,,,,,,,,,,,,,,,,,,,0,0,0,0,0,0,0,0,0,0,0,0,0,0,0,0,0,0,0,0,0,0,0,0,0,0,01: preparation,,
community/cern/ats/be/cem/mro,community/cern/ats/be/cem/,community/cern,full,/g/organization/formal-organization/sub-department,false,false,false,false,false,international,Sektion: Mechatronik,"Section: Mechatronics, Robotics & Operation",ATS-BE-CEM-MRO,ATS-BE-CEM-MRO,<to be set>,<to be translated>,,,"","",,,,,,,,,,,,,,,,,,,,,,,,,,,,,,,,,,,,,,,,,,,,,,,,,,,,,,,,,,,,,,0,0,0,0,0,0,0,0,0,0,0,0,0,0,0,0,0,0,0,0,0,0,0,0,0,0,01: preparation,,
community/cern/ats/be/gm/apc,community/cern/ats/be/gm/,community/cern,full,/g/organization/formal-organization/sub-department,false,false,false,false,false,international,Sektion: Software für Erfassung,"Section: Acquisition, Processing and data Control Software",ATS-BE-GM-APC,ATS-BE-GM-APC,<to be set>,<to be translated>,,,"","",,,,,,,,,,,,,,,,,,,,,,,,,,,,,,,,,,,,,,,,,,,,,,,,,,,,,,,,,,,,,,0,0,0,0,0,0,0,0,0,0,0,0,0,0,0,0,0,0,0,0,0,0,0,0,0,0,01: preparation,,
community/cern/ats/be/cem/mta,community/cern/ats/be/cem/,community/cern,full,/g/organization/formal-organization/sub-department,false,false,false,false,false,international,Sektion: Messung,"Section: Measurement, Test & Analysis",ATS-BE-CEM-MTA,ATS-BE-CEM-MTA,<to be set>,<to be translated>,,,"","",,,,,,,,,,,,,,,,,,,,,,,,,,,,,,,,,,,,,,,,,,,,,,,,,,,,,,,,,,,,,,0,0,0,0,0,0,0,0,0,0,0,0,0,0,0,0,0,0,0,0,0,0,0,0,0,0,01: preparation,,
community/cern/ats/be/gm/esa,community/cern/ats/be/gm/,community/cern,full,/g/organization/formal-organization/sub-department,false,false,false,false,false,international,Sektion: Experiment-Vermessung und -Ausrichtung ,Section: Experiment Surveying and Alignment ,ATS-BE-GM-ESA,ATS-BE-GM-ESA,<to be set>,<to be translated>,,,"","",,,,,,,,,,,,,,,,,,,,,,,,,,,,,,,,,,,,,,,,,,,,,,,,,,,,,,,,,,,,,,0,0,0,0,0,0,0,0,0,0,0,0,0,0,0,0,0,0,0,0,0,0,0,0,0,0,01: preparation,,
community/cern/ats/be/css/,community/cern/ats/be/,community/cern,full,/g/organization/working-group,false,false,false,true,false,international,Gruppe: Steuerungssoftware & Dienstleistungen,Group: Controls Software & Services,ATS-BE-CSS,ATS-BE-CSS,<to be set>,<to be translated>,,,"","",,,,,,,,,,,,,,,,,,,,,,,,,,,,,,,,,,,,,,,,,,,,,,,,,,,,,,,,,,,,,,0,0,0,0,0,0,0,0,0,0,0,0,0,0,0,0,0,0,0,0,0,0,0,0,0,0,01: preparation,,
community/cern/ats/be/gm/hpa,community/cern/ats/be/gm/,community/cern,full,/g/organization/formal-organization/sub-department,false,false,false,false,false,international,Sektion: Hochpräzise Ausrichttechnologien,Section: High Precision Alignment technologies,ATS-BE-GM-HPA,ATS-BE-GM-HPA,<to be set>,<to be translated>,,,"","",,,,,,,,,,,,,,,,,,,,,,,,,,,,,,,,,,,,,,,,,,,,,,,,,,,,,,,,,,,,,,0,0,0,0,0,0,0,0,0,0,0,0,0,0,0,0,0,0,0,0,0,0,0,0,0,0,01: preparation,,
community/cern/ats/be/css/cpa,community/cern/ats/be/css/,community/cern,full,/g/organization/formal-organization/sub-department,false,false,false,false,false,international,Bereich: Kommunikation,"Section: Communication, Processing & Archival",ATS-BE-CSS-CPA,ATS-BE-CSS-CPA,<to be set>,<to be translated>,,,"","",,,,,,https://be-dep-css.web.cern.ch/,,,,,,,,,,,,,,,,,,,,,,,,,,,,,,,,,,,,,,,,,,,,,,,,,,,,,,,,0,0,0,0,0,0,0,0,0,0,0,0,0,0,0,0,0,0,0,0,0,0,0,0,0,0,01: preparation,,
community/cern/ats/be/ics/,community/cern/ats/be/,community/cern,full,/g/organization/working-group,false,false,false,true,false,international,Gruppe: Industrielle Kontrollsysteme,Group: Industrial Control Systems,ATS-BE-ICS,ATS-BE-ICS,<to be set>,<to be translated>,,,"","",,,,,,https://be-dep-ics.web.cern.ch/,,,,,,,,,,,,,,,,,,,,,,,,,,,,,,,,,,,,,,,,,,,,,,,,,,,,,,,,0,0,0,0,0,0,0,0,0,0,0,0,0,0,0,0,0,0,0,0,0,0,0,0,0,0,01: preparation,,
community/cern/ats/be/css/csa,community/cern/ats/be/css/,community/cern,full,/g/organization/formal-organization/sub-department,false,false,false,false,false,international,Bereich: Konfiguration,"Section: Configuration, Settings & Automation",ATS-BE-CSS-CSA,ATS-BE-CSS-CSA,<to be set>,<to be translated>,,,"","",,,,,,,,,,,,,,,,,,,,,,,,,,,,,,,,,,,,,,,,,,,,,,,,,,,,,,,,,,,,,,0,0,0,0,0,0,0,0,0,0,0,0,0,0,0,0,0,0,0,0,0,0,0,0,0,0,01: preparation,,
community/cern/ats/be/ics/ecs,community/cern/ats/be/ics/,community/cern,full,/g/organization/formal-organization/sub-department,false,false,false,false,false,international,Sektion: Engineering von Steuerungssystemen,Section: Engineering of Control Systems,ATS-BE-ICS-ECS,ATS-BE-ICS-ECS,<to be set>,<to be translated>,,,"","",,,,,,,,,,,,,,,,,,,,,,,,,,,,,,,,,,,,,,,,,,,,,,,,,,,,,,,,,,,,,,0,0,0,0,0,0,0,0,0,0,0,0,0,0,0,0,0,0,0,0,0,0,0,0,0,0,01: preparation,,
community/cern/ats/be/ics/stf,community/cern/ats/be/ics/,community/cern,full,/g/organization/formal-organization/sub-department,false,false,false,false,false,international,Sektion: SCADA-Technologien und -Rahmenwerke,Section: SCADA Technologies and Frameworks,ATS-BE-ICS-STF,ATS-BE-ICS-STF,<to be set>,<to be translated>,,,"","",,,,,,,,,,,,,,,,,,,,,,,,,,,,,,,,,,,,,,,,,,,,,,,,,,,,,,,,,,,,,,0,0,0,0,0,0,0,0,0,0,0,0,0,0,0,0,0,0,0,0,0,0,0,0,0,0,01: preparation,,
community/cern/ats/be/ics/acs,community/cern/ats/be/ics/,community/cern,full,/g/organization/formal-organization/sub-department,false,false,false,false,false,international,Sektion: Automatische Steuerung und Sicherheit,Section: Automatic Control and Safety,ATS-BE-ICS-ACS,ATS-BE-ICS-ACS,<to be set>,<to be translated>,,,"","",,,,,,,,,,,,,,,,,,,,,,,,,,,,,,,,,,,,,,,,,,,,,,,,,,,,,,,,,,,,,,0,0,0,0,0,0,0,0,0,0,0,0,0,0,0,0,0,0,0,0,0,0,0,0,0,0,01: preparation,,
community/cern/ats/be/ics/sas,community/cern/ats/be/ics/,community/cern,full,/g/organization/formal-organization/sub-department,false,false,false,false,false,international,Sektion: SCADA-Anwendungen und Servicemanagement,Section: SCADA Applications and Service management,ATS-BE-ICS-SAS,ATS-BE-ICS-SAS,<to be set>,<to be translated>,,,"","",,,,,,,,,,,,,,,,,,,,,,,,,,,,,,,,,,,,,,,,,,,,,,,,,,,,,,,,,,,,,,0,0,0,0,0,0,0,0,0,0,0,0,0,0,0,0,0,0,0,0,0,0,0,0,0,0,01: preparation,,
community/cern/ats/be/ics/tma,community/cern/ats/be/ics/,community/cern,full,/g/organization/formal-organization/sub-department,false,false,false,false,false,international,Abschnitt: Werkzeuge und Middleware für die Automatisierung,Section: Tools and Middleware for Automation,ATS-BE-ICS-TMA,ATS-BE-ICS-TMA,<to be set>,<to be translated>,,,"","",,,,,,,,,,,,,,,,,,,,,,,,,,,,,,,,,,,,,,,,,,,,,,,,,,,,,,,,,,,,,,0,0,0,0,0,0,0,0,0,0,0,0,0,0,0,0,0,0,0,0,0,0,0,0,0,0,01: preparation,,
community/cern/ats/be/op/,community/cern/ats/be/,community/cern,full,/g/organization/working-group,false,false,false,true,false,international,Gruppe: Operationen,Group: Ooperations,ATS-BE-OP,ATS-BE-OP,<to be set>,<to be translated>,,,"","",,,,,,https://be-dep-op.web.cern.ch/,,,,,,,,,,,,,,,,,,,,,,,,,,,,,,,,,,,,,,,,,,,,,,,,,,,,,,,,0,0,0,0,0,0,0,0,0,0,0,0,0,0,0,0,0,0,0,0,0,0,0,0,0,0,01: preparation,,
community/cern/ats/be/op/psb,community/cern/ats/be/op/,community/cern,full,/g/organization/formal-organization/sub-department,false,false,false,false,false,international,Abschnitt: LINAC4 & PSB Betrieb,Section: LINAC4 & PSB Operation,ATS-BE-OP-PSB,ATS-BE-OP-PSB,<to be set>,<to be translated>,,,"","",,,,,,,,,,,,,,,,,,,,,,,,,,,,,,,,,,,,,,,,,,,,,,,,,,,,,,,,,,,,,,0,0,0,0,0,0,0,0,0,0,0,0,0,0,0,0,0,0,0,0,0,0,0,0,0,0,01: preparation,,
community/cern/ats/be/op/ps,community/cern/ats/be/op/,community/cern,full,/g/organization/formal-organization/sub-department,false,false,false,false,false,international,Abschnitt: PS Betrieb & AD/ELENA Backup Betrieb,Section: PS Operation & AD/ELENA Backup Operation,ATS-BE-OP-PS,ATS-BE-OP-PS,<to be set>,<to be translated>,,,"","",,,,,,,,,,,,,,,,,,,,,,,,,,,,,,,,,,,,,,,,,,,,,,,,,,,,,,,,,,,,,,0,0,0,0,0,0,0,0,0,0,0,0,0,0,0,0,0,0,0,0,0,0,0,0,0,0,01: preparation,,
community/cern/ats/be/op/ad,community/cern/ats/be/op/,community/cern,full,/g/organization/formal-organization/sub-department,false,false,false,false,false,international,Sektion: AD & ELENA Betrieb,Section: AD & ELENA Operation,ATS-BE-OP-AD,ATS-BE-OP-AD,<to be set>,<to be translated>,,,"","",,,,,,,,,,,,,,,,,,,,,,,,,,,,,,,,,,,,,,,,,,,,,,,,,,,,,,,,,,,,,,0,0,0,0,0,0,0,0,0,0,0,0,0,0,0,0,0,0,0,0,0,0,0,0,0,0,01: preparation,,
community/cern/ats/be/op/sps,community/cern/ats/be/op/,community/cern,full,/g/organization/formal-organization/sub-department,false,false,false,false,false,international,Sektion: SPS- & LEIR-Betrieb,Section: SPS & LEIR Operation,ATS-BE-OP-SPS,ATS-BE-OP-SPS,<to be set>,<to be translated>,,,"","",,,,,,,,,,,,,,,,,,,,,,,,,,,,,,,,,,,,,,,,,,,,,,,,,,,,,,,,,,,,,,0,0,0,0,0,0,0,0,0,0,0,0,0,0,0,0,0,0,0,0,0,0,0,0,0,0,01: preparation,,
community/cern/ats/be/op/iso,community/cern/ats/be/op/,community/cern,full,/g/organization/formal-organization/sub-department,false,false,false,false,false,international,Abschnitt: ISOLDE Betrieb,Section: ISOLDE Operation,ATS-BE-OP-ISO,ATS-BE-OP-ISO,<to be set>,<to be translated>,,,"","",,,,,,,,,,,,,,,,,,,,,,,,,,,,,,,,,,,,,,,,,,,,,,,,,,,,,,,,,,,,,,0,0,0,0,0,0,0,0,0,0,0,0,0,0,0,0,0,0,0,0,0,0,0,0,0,0,01: preparation,,
community/cern/ats/en/aa,community/cern/ats/en/,community/cern,full,/g/organization/working-group,false,false,false,true,false,international,Gruppe: Zugang & Alarm,Group: Access & Alarm,ATS-EN-AA,ATS-EN-AA,<to be set>,<to be translated>,,,"","",,,,,,,,,,,,,,,,,,,,,,,,,,,,,,,,,,,,,,,,,,,,,,,,,,,,,,,,,,,,,,0,0,0,0,0,0,0,0,0,0,0,0,0,0,0,0,0,0,0,0,0,0,0,0,0,0,01: preparation,,
community/cern/ats/en/ace,community/cern/ats/en/,community/cern,full,/g/organization/working-group,false,false,false,true,false,international,Gruppe: Beschleunigerkoordination und Technik,Group: Accelerator Coordination and Engineering,ATS-EN-ACE,ATS-EN-ACE,<to be set>,<to be translated>,,,"","",,,,,,,,,,,,,,,,,,,,,,,,,,,,,,,,,,,,,,,,,,,,,,,,,,,,,,,,,,,,,,0,0,0,0,0,0,0,0,0,0,0,0,0,0,0,0,0,0,0,0,0,0,0,0,0,0,01: preparation,,
community/cern/ats/en/cv,community/cern/ats/en/,community/cern,full,/g/organization/working-group,false,false,false,true,false,international,Gruppe: Kühlung und Belüftung,Group: Cooling and Ventilation,ATS-EN-CV,ATS-EN-CV,<to be set>,<to be translated>,,,"","",,,,,,,,,,,,,,,,,,,,,,,,,,,,,,,,,,,,,,,,,,,,,,,,,,,,,,,,,,,,,,0,0,0,0,0,0,0,0,0,0,0,0,0,0,0,0,0,0,0,0,0,0,0,0,0,0,01: preparation,,
community/cern/ats/en/el,community/cern/ats/en/,community/cern,full,/g/organization/working-group,false,false,false,true,false,international,Gruppe: Elektrotechnik,Group: Electrical Engineering,ATS-EN-EL,ATS-EN-EL,<to be set>,<to be translated>,,,"","",,,,,,,,,,,,,,,,,,,,,,,,,,,,,,,,,,,,,,,,,,,,,,,,,,,,,,,,,,,,,,0,0,0,0,0,0,0,0,0,0,0,0,0,0,0,0,0,0,0,0,0,0,0,0,0,0,01: preparation,,
community/cern/ats/en/he,community/cern/ats/en/,community/cern,full,/g/organization/working-group,false,false,false,true,false,international,Gruppe: Handhabungstechnik,Group: Handling Engineering,ATS-EN-HE,ATS-EN-HE,<to be set>,<to be translated>,,,"","",,,,,,,,,,,,,,,,,,,,,,,,,,,,,,,,,,,,,,,,,,,,,,,,,,,,,,,,,,,,,,0,0,0,0,0,0,0,0,0,0,0,0,0,0,0,0,0,0,0,0,0,0,0,0,0,0,01: preparation,,
community/cern/ats/en/im,community/cern/ats/en/,community/cern,full,/g/organization/working-group,false,false,false,true,false,international,Gruppe: Informationsmanagement,Group: Information Management,ATS-EN-IM,ATS-EN-IM,<to be set>,<to be translated>,,,"","",,,,,,,,,,,,,,,,,,,,,,,,,,,,,,,,,,,,,,,,,,,,,,,,,,,,,,,,,,,,,,0,0,0,0,0,0,0,0,0,0,0,0,0,0,0,0,0,0,0,0,0,0,0,0,0,0,01: preparation,,
community/cern/ats/en/mme,community/cern/ats/en/,community/cern,full,/g/organization/working-group,false,false,false,true,false,international,Gruppe: Maschinenbau und Werkstofftechnik,Group: Mechanical and Materials Engineering,ATS-EN-MME,ATS-EN-MME,<to be set>,<to be translated>,,,"","",,,,,,,,,,,,,,,,,,,,,,,,,,,,,,,,,,,,,,,,,,,,,,,,,,,,,,,,,,,,,,0,0,0,0,0,0,0,0,0,0,0,0,0,0,0,0,0,0,0,0,0,0,0,0,0,0,01: preparation,,
community/cern/ats/en/pas,community/cern/ats/en/,community/cern,full,/g/organization/working-group,false,false,false,true,false,international,Gruppe: Planung,Group: Planning Administration & Safety,ATS-EN-PAS,ATS-EN-PAS,<to be set>,<to be translated>,,,"","",,,,,,,,,,,,,,,,,,,,,,,,,,,,,,,,,,,,,,,,,,,,,,,,,,,,,,,,,,,,,,0,0,0,0,0,0,0,0,0,0,0,0,0,0,0,0,0,0,0,0,0,0,0,0,0,0,01: preparation,,
community/cern/ats/as/,community/cern/ats/,community/cern,full,/g/organization/formal-organization/sub-department,false,false,false,false,false,international,Abteilung: Beschleunigersysteme,Department: Accelerator Systems,ATS-AS,ATS-AS,<to be set>,<to be translated>,,,"","",,,,,,,,,,,,,,,,,,,,,,,,,,,,,,,,,,,,,,,,,,,,,,,,,,,,,,,,,,,,,,0,0,0,0,0,0,0,0,0,0,0,0,0,0,0,0,0,0,0,0,0,0,0,0,0,0,01: preparation,,
community/cern/ats/as/bt,community/cern/ats/as/,community/cern,full,/g/organization/working-group,false,false,false,true,false,international,Gruppe: Strahlübertragung,Group: Beam Transfer,ATS-AS-BT,ATS-AS-BT,<to be set>,<to be translated>,,,"","",,,,,,,,,,,,,,,,,,,,,,,,,,,,,,,,,,,,,,,,,,,,,,,,,,,,,,,,,,,,,,0,0,0,0,0,0,0,0,0,0,0,0,0,0,0,0,0,0,0,0,0,0,0,0,0,0,01: preparation,,
community/cern/ats/as/bi,community/cern/ats/as/,community/cern,full,/g/organization/working-group,false,false,false,true,false,international,Gruppe: Strahlinstrumentierung,Group: Beam Instrumentation,ATS-AS-BI,ATS-AS-BI,<to be set>,<to be translated>,,,"","",,,,,,,,,,,,,,,,,,,,,,,,,,,,,,,,,,,,,,,,,,,,,,,,,,,,,,,,,,,,,,0,0,0,0,0,0,0,0,0,0,0,0,0,0,0,0,0,0,0,0,0,0,0,0,0,0,01: preparation,,
community/cern/ats/as/pc,community/cern/ats/as/,community/cern,full,/g/organization/working-group,false,false,false,true,false,international,Gruppe: Leistungsumwandler,Group: Power Converters,ATS-AS-PC,ATS-AS-PC,<to be set>,<to be translated>,,,"","",,,,,,,,,,,,,,,,,,,,,,,,,,,,,,,,,,,,,,,,,,,,,,,,,,,,,,,,,,,,,,0,0,0,0,0,0,0,0,0,0,0,0,0,0,0,0,0,0,0,0,0,0,0,0,0,0,01: preparation,,
community/cern/ats/as/rf,community/cern/ats/as/,community/cern,full,/g/organization/working-group,false,false,false,true,false,international,Gruppe: Hochfrequenz,Group: Radio Frequency,ATS-AS-RF,ATS-AS-RF,<to be set>,<to be translated>,,,"","",,,,,,,,,,,,,,,,,,,,,,,,,,,,,,,,,,,,,,,,,,,,,,,,,,,,,,,,,,,,,,0,0,0,0,0,0,0,0,0,0,0,0,0,0,0,0,0,0,0,0,0,0,0,0,0,0,01: preparation,,
community/cern/ats/as/sti,community/cern/ats/as/,community/cern,full,/g/organization/working-group,false,false,false,true,false,international,"Gruppe: Quellen, Targets und Wechselwirkungen","Group: Sources, Targets & Interactions",ATS-AS-STI,ATS-AS-STI,<to be set>,<to be translated>,,,"","",,,,,,,,,,,,,,,,,,,,,,,,,,,,,,,,,,,,,,,,,,,,,,,,,,,,,,,,,,,,,,0,0,0,0,0,0,0,0,0,0,0,0,0,0,0,0,0,0,0,0,0,0,0,0,0,0,01: preparation,,
community/cern/ats/ty/,community/cern/ats/,community/cern,full,/g/organization/formal-organization/sub-department,false,false,false,false,false,international,Abteilung: Technologie,Department: Technology,ATS-TY,ATS-TY,<to be set>,<to be translated>,,,"","",,,,,,,,,,,,,,,,,,,,,,,,,,,,,,,,,,,,,,,,,,,,,,,,,,,,,,,,,,,,,,0,0,0,0,0,0,0,0,0,0,0,0,0,0,0,0,0,0,0,0,0,0,0,0,0,0,01: preparation,,
community/cern/ats/ty/cr,community/cern/ats/ty/,community/cern,full,/g/organization/working-group,false,false,false,true,false,international,Gruppe: Kryogenik,Group: Cryogenics,ATS-TY-CR,ATS-TY-CR,<to be set>,<to be translated>,,,"","",,,,,,,,,,,,,,,,,,,,,,,,,,,,,,,,,,,,,,,,,,,,,,,,,,,,,,,,,,,,,,0,0,0,0,0,0,0,0,0,0,0,0,0,0,0,0,0,0,0,0,0,0,0,0,0,0,01: preparation,,
community/cern/ats/ty/mpei,community/cern/ats/ty/,community/cern,full,/g/organization/working-group,false,false,false,true,false,international,Gruppe: Maschinenschutz & Elektrische Integrität,Group: Machine Protection & Electrical Integrity,ATS-TY-MPEI,ATS-TY-MPEI,<to be set>,<to be translated>,,,"","",,,,,,,,,,,,,,,,,,,,,,,,,,,,,,,,,,,,,,,,,,,,,,,,,,,,,,,,,,,,,,0,0,0,0,0,0,0,0,0,0,0,0,0,0,0,0,0,0,0,0,0,0,0,0,0,0,01: preparation,,
community/cern/ats/ty/msc,community/cern/ats/ty/,community/cern,full,/g/organization/working-group,false,false,false,true,false,international,"Gruppe: Magnete, Supraleiter & Kryostate","Group:Magnets, Superconductors & Cryostats",ATS-TY-MSC,ATS-TY-MSC,<to be set>,<to be translated>,,,"","",,,,,,,,,,,,,,,,,,,,,,,,,,,,,,,,,,,,,,,,,,,,,,,,,,,,,,,,,,,,,,0,0,0,0,0,0,0,0,0,0,0,0,0,0,0,0,0,0,0,0,0,0,0,0,0,0,01: preparation,,
community/cern/ats/ty/vsc,community/cern/ats/ty/,community/cern,full,/g/organization/working-group,false,false,false,true,false,international,"Gruppe: Vakuum, Oberflächen & Beschichtungen","Group: Vacuum, Surfaces & Coating",ATS-TY-VSC,ATS-TY-VSC,<to be set>,<to be translated>,,,"","",,,,,,,,,,,,,,,,,,,,,,,,,,,,,,,,,,,,,,,,,,,,,,,,,,,,,,,,,,,,,,0,0,0,0,0,0,0,0,0,0,0,0,0,0,0,0,0,0,0,0,0,0,0,0,0,0,01: preparation,,
community/uni-jena/physik,community/uni-jena,community/uni-jena,partial,/g/organization/formal-organization/department,false,false,false,false,true,university,Physikalisch-Astronomische Fakultät,Faculty of Physics and Astronomy,,,<to be set>,<to be translated>,,,"","",,,0,0,,,,0,0,0,0,0,0,0,0,0,0,0,0,0,0,0,0,0,0,0,0,0,0,0,0,0,0,0,0,0,0,0,0,0,0,0,0,0,0,0,0,0,0,0,0,0,0,0,0,0,0,0,0,0,0,0,0,0,0,0,0,0,0,0,0,0,0,0,4,1,0,0,3,0,0,4,0,0,1,3,0,01: preparation,,
community/uni-jena/physik/ioq/relativistische-laserphysik,community/uni-jena,community/uni-jena,partial,/g/organization/working-group,false,false,false,true,false,university,Gruppe: Relativistische Laserphysik,Group: Relativistic laser physics,,,<to be set>,<to be translated>,,,Prof. Dr. Malte C. Kaluza,"",Deutschland,,,,https://www.physik.uni-jena.de/334/relativistische-laserphysik,,,,1,,,,,,,,,,,,,,,,,,,,,,,,,,,,5,,,,,,,,,,,,,,,,,,,,,,,,,0,6,0,6,0,6,0,1,0,0,5,0,0,6,1,0,0,5,0,0,6,0,0,0,6,0,01: preparation,,
community/uni-jena/physik/ioq,community/uni-jena/physik,community/uni-jena,partial,/g/organization/formal-organization/sub-department,false,false,false,false,false,university,Institut für Optik und Quantenelektronik,Institute of Optics and Quantum Electronics,IOQ,IOQ,<to be set>,<to be translated>,,,"","",,,0,0,https://www.physik.uni-jena.de/60/institut-fuer-optik-und-quantenelektronik,https://www.physik.uni-jena.de/en/60/institute-for-optics-and-quantum-electronics,,0,0,0,0,0,0,0,0,0,0,0,0,0,0,0,0,0,0,0,0,0,0,0,0,0,0,0,0,0,0,0,0,0,0,0,0,0,0,0,0,0,0,0,0,0,0,0,0,0,0,0,0,0,0,0,0,0,0,0,0,0,0,0,0,0,0,0,0,0,0,0,0,0,0,0,0,0,0,0,0,01: preparation,,
community/uni-jena/physik/ioq/atomphysik,community/uni-jena,community/uni-jena,partial,/g/organization/working-group,false,false,false,true,false,university,Gruppe: Atomphysik hochgeladener Teilchen,Group: Atomic Physics with highly charged Ions and X-Rays,,,<to be set>,<to be translated>,,,Univ.-Prof. Dr. Thomas Stöhlker,"",Deutschland,,,,https://www.physik.uni-jena.de/340/atomphysik-hochgeladener-teilchen,https://www.physik.uni-jena.de/en/340/atomic-physics-with-highly-charged-ions-and-x-rays,,,,,,,,,,,,,,,,,,,,,,,,,,,,,,,,,,,,,,,,,,,,,,,,,,,,,,,,0,0,0,0,0,0,0,0,0,0,0,0,0,0,0,0,0,0,0,0,0,0,0,0,0,0,01: preparation,u.a. Projekt: https://www.physik.uni-jena.de/5760/kryogene-stromkomparatoren,
